city,street,house_number,neighbourhood,lat,lng
באר שבע,אביגד,8,שכונת רמות,31.274931,34.801097
באר שבע,אביגד,6,שכונת רמות,31.274837,34.801074
באר שבע,אביגד,2,שכונת רמות,31.274682,34.800952
באר שבע,אביגד,30,שכונת רמות,31.275783,34.801846
באר שבע,אביגד,13,שכונת רמות,31.276008,34.801519
באר שבע,אביגד,32,שכונת רמות,31.275848,34.801878
באר שבע,אביגד,15,שכונת רמות,31.276204,34.801598
באר שבע,אביגד,7,שכונת רמות,31.275464,34.801056
באר שבע,אביגד,34,שכונת רמות,31.275917,34.801970
באר שבע,אביגד,11,שכונת רמות,31.275796,34.801390
באר שבע,אביגד,17,שכונת רמות,31.276363,34.801841
באר שבע,אביגד,14,שכונת רמות,31.275254,34.801386
באר שבע,אביגד,9,שכונת רמות,31.275712,34.801117
באר שבע,אביגדור המאירי,26,שכונת נווה זאב,31.239535,34.774626
באר שבע,אביגדור המאירי,12,שכונת נווה זאב,31.239528,34.775743
באר שבע,אביגדור המאירי,16,שכונת נווה זאב,31.240225,34.774864
באר שבע,אביגדור המאירי,7,שכונת נווה זאב,31.238513,34.776834
באר שבע,אביגדור המאירי,4,שכונת נווה זאב,31.238698,34.777375
באר שבע,אביגדור המאירי,2,שכונת נווה זאב,31.238558,34.777781
באר שבע,אביגדור המאירי,5,שכונת נווה זאב,31.238460,34.776998
באר שבע,אביגדור המאירי,6,שכונת נווה זאב,31.238855,34.776884
באר שבע,אביגדור המאירי,8,שכונת נווה זאב,31.239102,34.776391
באר שבע,אביגיל,35,שכונת נווה מנחם,31.269322,34.760380
באר שבע,אביגיל,1,שכונת נווה מנחם,31.268235,34.762153
באר שבע,אביגיל,14,שכונת נווה מנחם,31.269048,34.761287
באר שבע,אביגיל,18,שכונת נווה מנחם,31.269199,34.760993
באר שבע,אביגיל,37,שכונת נווה מנחם,31.269414,34.760312
באר שבע,אביגיל,6,שכונת נווה מנחם,31.268808,34.761658
באר שבע,אביגיל,4,שכונת נווה מנחם,31.268726,34.761829
באר שבע,צבי אבידוב,5,שכונת נווה מנחם,31.270082,34.771402
באר שבע,צבי אבידוב,3,שכונת נווה מנחם,31.270157,34.771477
באר שבע,צבי אבידוב,18,שכונת נווה מנחם,31.270091,34.770848
באר שבע,צבי אבידוב,22,שכונת נווה מנחם,31.270023,34.770646
באר שבע,מנחם אבידום,34,שכונת נחל בקע,31.221786,34.773632
באר שבע,מנחם אבידום,10,שכונת נחל בקע,31.220716,34.775022
באר שבע,מנחם אבידום,12,שכונת נחל בקע,31.220774,34.774988
באר שבע,מנחם אבידום,19,שכונת נחל בקע,31.221086,34.774166
באר שבע,מנחם אבידום,16,שכונת נחל בקע,31.221103,34.774510
באר שבע,מנחם אבידום,47,שכונת נחל בקע,31.222252,34.772641
באר שבע,מנחם אבידום,20,שכונת נחל בקע,31.221285,34.774326
באר שבע,מנחם אבידום,51,שכונת נחל בקע,31.222385,34.772464
באר שבע,מנחם אבידום,48,שכונת נחל בקע,31.222476,34.772808
באר שבע,מנחם אבידום,4,שכונת נחל בקע,31.220537,34.775312
באר שבע,מנחם אבידום,9,שכונת נחל בקע,31.220546,34.774891
באר שבע,אביה השופט,6,שכונת ד,31.268518,34.795797
באר שבע,אביה השופט,11,שכונת ד,31.269061,34.795732
באר שבע,אביה השופט,1,שכונת ד,31.267793,34.795060
באר שבע,אביה השופט,15,שכונת ד,31.269518,34.795937
באר שבע,אביה השופט,14,שכונת ד,31.269526,34.796322
באר שבע,אביה השופט,13,שכונת ד,31.269328,34.795882
באר שבע,אביה השופט,9,שכונת ד,31.268709,34.795546
באר שבע,אביה השופט,4,שכונת ד,31.268152,34.795618
באר שבע,אביה השופט,10,שכונת ד,31.268956,34.796005
באר שבע,אביה השופט,3,שכונת ד,31.268084,34.795187
באר שבע,אביה השופט,8,שכונת ד,31.268758,34.795921
באר שבע,אביה השופט,2,שכונת ד,31.267959,34.795502
באר שבע,אביה השופט,5,שכונת ד,31.268274,34.795308
באר שבע,אביטל,10,שכונת נווה מנחם,31.266954,34.765803
באר שבע,אביטל,24,שכונת נווה מנחם,31.266451,34.765192
באר שבע,אביטל,16,שכונת נווה מנחם,31.266726,34.765482
באר שבע,אבישג,2,שכונת נווה מנחם,31.269692,34.761327
באר שבע,אבישג,1,שכונת נווה מנחם,31.269574,34.761527
באר שבע,אבישג,12,שכונת נווה מנחם,31.269386,34.760826
באר שבע,אבישג,17,שכונת נווה מנחם,31.269019,34.760734
באר שבע,אבישג,21,שכונת נווה מנחם,31.268885,34.760621
באר שבע,אבישי,36,שכונת ו,31.260679,34.779012
באר שבע,אבישי,43,שכונת ו,31.260363,34.779136
באר שבע,אבישי,12,שכונת ו,31.261467,34.778122
באר שבע,אבישי,39,שכונת ו,31.260386,34.779504
באר שבע,אבישי,32,שכונת ו,31.260874,34.779154
באר שבע,אבישי,10,שכונת ו,31.261429,34.777930
באר שבע,אבישי,25,שכונת ו,31.261665,34.779249
באר שבע,אבישי,4,שכונת ו,31.261383,34.777401
באר שבע,אבישי,20,שכונת ו,31.261504,34.778921
באר שבע,אבישי,30,שכונת ו,31.260852,34.778926
באר שבע,אבישי,38,שכונת ו,31.260647,34.778794
באר שבע,אבישי,13,שכונת ו,31.261727,34.778219
באר שבע,אבישי,28,שכונת ו,31.260907,34.778720
באר שבע,אביתר הכהן,23,שכונת נווה מנחם,31.266825,34.765134
באר שבע,אביתר הכהן,26,שכונת נווה מנחם,31.267040,34.764916
באר שבע,אביתר הכהן,16,שכונת נווה מנחם,31.268002,34.766324
באר שבע,אביתר הכהן,18,שכונת נווה מנחם,31.267809,34.766044
באר שבע,אביתר הכהן,28,שכונת נווה מנחם,31.266829,34.764665
באר שבע,אביתר הכהן,24,שכונת נווה מנחם,31.267264,34.765186
באר שבע,אביתר הכהן,20,שכונת נווה מנחם,31.267629,34.765762
באר שבע,אביתר הכהן,22,שכונת נווה מנחם,31.267454,34.765472
באר שבע,אביתר הכהן,19,שכונת נווה מנחם,31.266910,34.765323
באר שבע,מיכאל אבן ארי,24,שכונת רמות,31.275405,34.806676
באר שבע,מיכאל אבן ארי,13,שכונת רמות,31.274554,34.807066
באר שבע,מיכאל אבן ארי,10,שכונת רמות,31.274909,34.807217
באר שבע,מיכאל אבן ארי,41,שכונת רמות,31.275504,34.806000
באר שבע,מיכאל אבן ארי,35,שכונת רמות,31.275319,34.806232
באר שבע,מיכאל אבן ארי,45,שכונת רמות,31.275582,34.805835
באר שבע,מיכאל אבן ארי,34,שכונת רמות,31.275979,34.805850
באר שבע,מיכאל אבן ארי,4,שכונת רמות,31.274433,34.807595
באר שבע,מיכאל אבן ארי,37,שכונת רמות,31.275386,34.806135
באר שבע,מיכאל אבן ארי,3,שכונת רמות,31.274206,34.807319
באר שבע,מיכאל אבן ארי,47,שכונת רמות,31.275605,34.805760
באר שבע,מיכאל אבן ארי,7,שכונת רמות,31.274335,34.807211
באר שבע,אבן גבירול,7,שכונת ד,31.256828,34.795973
באר שבע,אבן גבירול,5,שכונת ב,31.256429,34.795990
באר שבע,אבן גבירול,6,שכונת ב,31.256225,34.796172
באר שבע,אבן גבירול,8,שכונת ב,31.256461,34.796164
באר שבע,אבן גבירול,11,שכונת ד,31.257474,34.795966
באר שבע,אבן גבירול,3,שכונת ב,31.256174,34.795994
באר שבע,אבן גבירול,4,שכונת ב,31.255990,34.796182
באר שבע,אבן גבירול,2,שכונת ב,31.255701,34.796235
באר שבע,אבן עזרא,27,שכונת ד,31.270308,34.785909
באר שבע,אבן עזרא,38,שכונת ד,31.270477,34.784636
באר שבע,אבן עזרא,10,שכונת ד,31.270823,34.786631
באר שבע,אבן עזרא,8,שכונת ד,31.270826,34.786777
באר שבע,אבן עזרא,41,שכונת ד,31.270020,34.785817
באר שבע,אבן עזרא,89,שכונת ד,31.269855,34.783055
באר שבע,אבן עזרא,91,שכונת ד,31.269960,34.782854
באר שבע,אבן עזרא,87,שכונת ד,31.269989,34.783221
באר שבע,אבן עזרא,13,שכונת ד,31.270484,34.786586
באר שבע,אבן עזרא,59,שכונת ד,31.270215,34.785364
באר שבע,אבן עזרא,35,שכונת ד,31.270052,34.786128
באר שבע,אבן עזרא,73,שכונת ד,31.270103,34.784555
באר שבע,אבן עזרא,77,שכונת ד,31.270084,34.784363
באר שבע,אבן עזרא,9,שכונת ד,31.270598,34.786811
באר שבע,אבן עזרא,5,שכונת ד,31.270595,34.787058
באר שבע,אבן עזרא,20,שכונת ד,31.270692,34.786139
באר שבע,אבן עזרא,31,שכונת ד,31.270290,34.785703
באר שבע,אבן עזרא,65,שכונת ד,31.270168,34.784967
באר שבע,אבן שפרוט,9,שכונת נאות לון,31.251010,34.763223
באר שבע,אבן שפרוט,10,שכונת נאות לון,31.251481,34.763341
באר שבע,אבן שפרוט,7,שכונת נאות לון,31.250880,34.763326
באר שבע,אבנר,17,שכונת ו,31.261114,34.777230
באר שבע,אבנר,25,שכונת ו,31.261131,34.777916
באר שבע,אברהם אבן שושן,105,שכונת נאות לון,31.246316,34.757646
באר שבע,אברהם אבן שושן,115,שכונת נאות לון,31.246855,34.757458
באר שבע,אברהם אבן שושן,48,שכונת נאות לון,31.245123,34.758841
באר שבע,אברהם אבן שושן,47,שכונת נאות לון,31.243013,34.759594
באר שבע,אברהם אבן שושן,60,שכונת נאות לון,31.246903,34.757810
באר שבע,אברהם אבן שושן,64,שכונת נאות לון,31.247097,34.757731
באר שבע,אברהם אבן שושן,62,שכונת נאות לון,31.246978,34.757815
באר שבע,אברהם אבן שושן,107,שכונת נאות לון,31.246363,34.757652
באר שבע,אברהם אבן שושן,70,שכונת נאות לון,31.247312,34.757826
באר שבע,אברהם אבן שושן,99,שכונת נאות לון,31.245971,34.757874
באר שבע,אברהם אבן שושן,61,שכונת נאות לון,31.243924,34.759184
באר שבע,אברהם אבן שושן,111,שכונת נאות לון,31.246613,34.757520
באר שבע,אברהם אבן שושן,103,שכונת נאות לון,31.246187,34.757758
באר שבע,אברהם אבן שושן,7,שכונת נאות לון,31.243125,34.762269
באר שבע,אברהם אבן שושן,24,שכונת נאות לון,31.243317,34.760551
באר שבע,אברהם אבן שושן,72,שכונת נאות לון,31.247461,34.757877
באר שבע,אברהם אבן שושן,63,שכונת נאות לון,31.243948,34.759069
באר שבע,אברהם אבן שושן,26,שכונת נאות לון,31.243386,34.760383
באר שבע,אברהם אבן שושן,21,שכונת נאות לון,31.242933,34.761393
באר שבע,אברהם אבן שושן,68,שכונת נאות לון,31.247305,34.757748
באר שבע,אברהם אבן שושן,56,שכונת נאות לון,31.246174,34.758216
באר שבע,אברהם אבן שושן,19,שכונת נאות לון,31.242972,34.761499
באר שבע,אברהם אבן שושן,79,שכונת נאות לון,31.244802,34.758549
באר שבע,אברהם אבן שושן,43,שכונת נאות לון,31.243259,34.759987
באר שבע,אברהם אבן שושן,59,שכונת נאות לון,31.243647,34.759260
באר שבע,אברבנאל,8,שכונת יא,31.254760,34.770365
באר שבע,אברבנאל,2,שכונת יא,31.254250,34.771472
באר שבע,אברבנאל,40,שכונת יא,31.255291,34.767192
באר שבע,אברהם אבינו,22,שכונת ד,31.264596,34.793817
באר שבע,אברהם אבינו,18,שכונת ד,31.264399,34.793819
באר שבע,אברהם אבינו,10,שכונת ד,31.263200,34.793809
באר שבע,אברהם אבינו,31,שכונת ד,31.264872,34.793453
באר שבע,אברהם אבינו,28,שכונת ד,31.265512,34.793871
באר שבע,אברהם אבינו,3,שכונת ד,31.262262,34.793818
באר שבע,אברהם אבינו,39,שכונת ד,31.266174,34.793244
באר שבע,אברהם אבינו,34,שכונת ד,31.266415,34.793728
באר שבע,אברהם אבינו,9,שכונת ד,31.262734,34.793413
באר שבע,אברהם אבינו,50,שכונת ד,31.268739,34.793887
באר שבע,אברהם אבינו,13,שכונת ד,31.262990,34.793412
באר שבע,אברהם אבינו,62,שכונת ד,31.269874,34.795930
באר שבע,אברהם אבינו,33,שכונת ד,31.265376,34.793416
באר שבע,אברהם אבינו,49,שכונת ד,31.266957,34.792710
באר שבע,אברהם אבינו,16,שכונת ד,31.264298,34.793782
באר שבע,אברהם אבינו,2,שכונת ד,31.262219,34.794598
באר שבע,אברהם אבינו,42,שכונת ד,31.267659,34.792954
באר שבע,אברהם אבינו,38,שכונת ד,31.267410,34.792997
באר שבע,אברהם אבינו,23,שכונת ד,31.263661,34.793467
באר שבע,אברהם אבינו,20,שכונת ד,31.264508,34.793779
באר שבע,אברהם אבינו,79,שכונת ד,31.269101,34.793548
באר שבע,אברהם אבינו,64,שכונת ד,31.269743,34.796604
באר שבע,אברהם אבינו,40,שכונת ד,31.267124,34.793661
באר שבע,אברהם אבינו,1,שכונת ד,31.262018,34.793893
באר שבע,אברהם אבינו,87,שכונת ד,31.269424,34.793802
באר שבע,אברהם אבינו,8,שכונת ד,31.262876,34.793995
באר שבע,אברהם אבינו,63,שכונת ד,31.268118,34.792767
באר שבע,אברהם אבינו,46,שכונת ד,31.268123,34.793403
באר שבע,אברהם אבינו,60,שכונת ד,31.269771,34.795559
באר שבע,אברהם אבינו,71,שכונת ד,31.268604,34.793072
באר שבע,אברהם אבינו,36,שכונת ד,31.266693,34.793698
באר שבע,אברהם אבינו,45,שכונת ד,31.266710,34.793012
באר שבע,אברהם אבינו,52,שכונת ד,31.269089,34.794092
באר שבע,אברהם אבינו,6,שכונת ד,31.262652,34.793954
באר שבע,אברהם אבינו,95,שכונת ד,31.270314,34.795624
באר שבע,אברהם אבינו,48,שכונת ד,31.268511,34.793611
באר שבע,אברהם אבינו,32,שכונת ד,31.266241,34.793719
באר שבע,שרגא אברמסון,8,שכונת רמות הרכס,31.276970,34.798342
באר שבע,שרגא אברמסון,12,שכונת רמות הרכס,31.276887,34.798788
באר שבע,שרגא אברמסון,10,שכונת רמות הרכס,31.277161,34.798647
באר שבע,שרגא אברמסון,14,שכונת רמות הרכס,31.277009,34.799012
באר שבע,שרגא אברמסון,4,,31.276766,34.798243
באר שבע,שרגא אברמסון,2,שכונת רמות הרכס,31.276929,34.798082
באר שבע,שרגא אברמסון,16,שכונת רמות הרכס,31.277207,34.799000
באר שבע,שרגא אברמסון,6,שכונת רמות הרכס,31.276797,34.798493
באר שבע,שרגא אברמסון,15,שכונת רמות הרכס,31.277806,34.797759
באר שבע,שרגא אברמסון,7,שכונת רמות הרכס,31.277555,34.797787
באר שבע,שרגא אברמסון,9,שכונת רמות הרכס,31.277666,34.798134
באר שבע,שרגא אברמסון,3,שכונת רמות הרכס,31.277355,34.798059
באר שבע,אבשלום,40,שכונת נווה מנחם,31.267172,34.767321
באר שבע,אבשלום,16,שכונת נווה מנחם,31.265479,34.766193
באר שבע,אבשלום,36,שכונת נווה מנחם,31.266878,34.767793
באר שבע,אבשלום,39,שכונת נווה מנחם,31.266408,34.766856
באר שבע,אבשלום,61,שכונת נווה מנחם,31.267453,34.766824
באר שבע,אבשלום,57,שכונת נווה מנחם,31.267262,34.766912
באר שבע,אבשלום,33,שכונת נווה מנחם,31.266245,34.766542
באר שבע,אבשלום,30,שכונת נווה מנחם,31.266396,34.767526
באר שבע,אבשלום,3,שכונת נווה מנחם,31.265954,34.765071
באר שבע,אבשלום,12,שכונת נווה מנחם,31.265250,34.765715
באר שבע,אבשלום,44,שכונת נווה מנחם,31.267339,34.767690
באר שבע,אבשלום,28,שכונת נווה מנחם,31.266252,34.767314
באר שבע,אבשלום,1,שכונת נווה מנחם,31.265943,34.764979
באר שבע,אבשלום,60,שכונת נווה מנחם,31.268421,34.767075
באר שבע,אבשלום,58,שכונת נווה מנחם,31.268093,34.767249
באר שבע,אבשלום,64,שכונת נווה מנחם,31.268231,34.766787
באר שבע,אבשלום,49,שכונת נווה מנחם,31.266922,34.767146
באר שבע,אבשלום,24,שכונת נווה מנחם,31.266036,34.766883
באר שבע,אבשלום,56,שכונת נווה מנחם,31.267947,34.767174
באר שבע,אבשלום,52,שכונת נווה מנחם,31.267679,34.767177
באר שבע,אבשלום,54,שכונת נווה מנחם,31.267925,34.766941
באר שבע,אבשלום,48,שכונת נווה מנחם,31.267617,34.767534
באר שבע,אבשלום,26,שכונת נווה מנחם,31.266115,34.767105
באר שבע,אבשלום,6,שכונת נווה מנחם,31.265440,34.765139
באר שבע,אבשלום,34,שכונת נווה מנחם,31.266852,34.767504
באר שבע,אבשלום,50,שכונת נווה מנחם,31.267802,34.767429
באר שבע,אבשלום,29,שכונת נווה מנחם,31.266097,34.766386
באר שבע,אבשלום,38,שכונת נווה מנחם,31.267021,34.767873
באר שבע,אבשלום,20,שכונת נווה מנחם,31.265765,34.766605
באר שבע,אבשלום,55,שכונת נווה מנחם,31.267221,34.766971
באר שבע,אבשלום,18,שכונת נווה מנחם,31.265624,34.766397
באר שבע,אבשלום,32,שכונת נווה מנחם,31.266561,34.767643
באר שבע,אבשלום,62,שכונת נווה מנחם,31.268383,34.766859
באר שבע,אבשלום,14,שכונת נווה מנחם,31.265423,34.765955
באר שבע,אבשלום,46,שכונת נווה מנחם,31.267514,34.767360
באר שבע,אבשלום,22,שכונת נווה מנחם,31.265943,34.766747
באר שבע,אבשלום,42,שכונת נווה מנחם,31.267289,34.767466
באר שבע,אבשלום,19,שכונת נווה מנחם,31.265725,34.765914
באר שבע,אבשלום,31,שכונת נווה מנחם,31.266158,34.766551
באר שבע,אבשלום,41,שכונת נווה מנחם,31.266419,34.766941
באר שבע,"אג""ן",2,שכונת ו,31.267598,34.777530
באר שבע,"אג""ן",3,שכונת ו,31.267275,34.777263
באר שבע,"אג""ן",1,שכונת ו,31.267459,34.777387
באר שבע,"אג""ן",4,שכונת ו,31.267654,34.777763
באר שבע,אגוז,12,שכונת נווה מנחם,31.265018,34.761960
באר שבע,אגוז,24,שכונת נווה מנחם,31.264525,34.761413
באר שבע,אגוז,30,שכונת נווה מנחם,31.264301,34.761224
באר שבע,אגוז,10,שכונת נווה מנחם,31.265134,34.762067
באר שבע,אגוז,15,שכונת נווה מנחם,31.264700,34.762072
באר שבע,אגוז,29,שכונת נווה מנחם,31.264173,34.761501
באר שבע,אגוז,9,שכונת נווה מנחם,31.264979,34.762373
באר שבע,אדלר,15,שכונת ו,31.266841,34.769518
באר שבע,אדלר,11,שכונת ו,31.266700,34.769668
באר שבע,אדלר,8,שכונת ו,31.266759,34.770056
באר שבע,ידידיה אדמון,25,שכונת נחל בקע,31.219819,34.772988
באר שבע,ידידיה אדמון,47,שכונת נחל בקע,31.220402,34.772073
באר שבע,ידידיה אדמון,26,שכונת נחל בקע,31.220720,34.772293
באר שבע,ידידיה אדמון,4,שכונת נחל בקע,31.219322,34.774029
באר שבע,ידידיה אדמון,40,שכונת נחל בקע,31.221421,34.771423
באר שבע,יוחנן אהרוני,8,שכונת רמות,31.274336,34.806037
באר שבע,יוחנן אהרוני,9,שכונת רמות,31.275113,34.806414
באר שבע,יוחנן אהרוני,10,שכונת רמות,31.274393,34.806126
באר שבע,אהרונסון,32,שכונת נווה מנחם,31.267175,34.760814
באר שבע,אהרונסון,44,שכונת נווה מנחם,31.267408,34.760065
באר שבע,אהרונסון,37,שכונת נווה מנחם,31.266926,34.760275
באר שבע,אהרונסון,6,שכונת נווה מנחם,31.266402,34.762418
באר שבע,אהרונסון,50,שכונת נווה מנחם,31.267989,34.759772
באר שבע,אהרונסון,16,שכונת נווה מנחם,31.267072,34.761361
באר שבע,אהרונסון,28,שכונת נווה מנחם,31.267003,34.760658
באר שבע,אהרונסון,8,שכונת נווה מנחם,31.266619,34.762157
באר שבע,אהרונסון,12,שכונת נווה מנחם,31.266858,34.761740
באר שבע,אהרונסון,4,שכונת נווה מנחם,31.266139,34.762830
באר שבע,אהרונסון,49,שכונת נווה מנחם,31.267240,34.759640
באר שבע,אהרונסון,2,שכונת נווה מנחם,31.265817,34.762609
באר שבע,אהרונסון,58,שכונת נווה מנחם,31.267758,34.759534
באר שבע,אהרונסון,14,שכונת נווה מנחם,31.266943,34.761563
באר שבע,אהרונסון,10,שכונת נווה מנחם,31.266740,34.761940
באר שבע,אהרונסון,38,שכונת נווה מנחם,31.267478,34.760614
באר שבע,אהרונסון,34,שכונת נווה מנחם,31.267360,34.760857
באר שבע,אהרונסון,18,שכונת נווה מנחם,31.266949,34.761151
באר שבע,אהרונסון,22,שכונת נווה מנחם,31.266678,34.761176
באר שבע,אהרונסון,24,שכונת נווה מנחם,31.267200,34.760365
באר שבע,אהרונסון,20,שכונת נווה מנחם,31.266808,34.760988
באר שבע,אהרונסון,30,שכונת נווה מנחם,31.267108,34.760757
באר שבע,אהרונסון,26,שכונת נווה מנחם,31.267093,34.760481
באר שבע,אהרונסון,17,שכונת נווה מנחם,31.266030,34.761542
באר שבע,אהרונסון,25,שכונת נווה מנחם,31.266251,34.761199
באר שבע,אהרונסון,9,שכונת נווה מנחם,31.265812,34.761861
באר שבע,אהרונסון,54,שכונת נווה מנחם,31.267967,34.759558
באר שבע,אהרונסון,23,שכונת נווה מנחם,31.266240,34.761279
באר שבע,אהרונסון,47,שכונת נווה מנחם,31.267203,34.759850
באר שבע,אהרונסון,13,שכונת נווה מנחם,31.265937,34.761712
באר שבע,אוכמנית,29,שכונת נווה נוי,31.230822,34.782588
באר שבע,אוכמנית,44,שכונת נווה זאב,31.231752,34.782471
באר שבע,אוכמנית,51,שכונת נווה נוי,31.231647,34.782153
באר שבע,אוכמנית,11,שכונת נווה נוי,31.230350,34.783449
באר שבע,אוכמנית,57,שכונת נווה נוי,31.231875,34.782096
באר שבע,אוכמנית,47,שכונת נווה נוי,31.231429,34.782180
באר שבע,פרנץ אולנדורף,10,שכונת רמות,31.275740,34.805572
באר שבע,פרנץ אולנדורף,4,שכונת רמות,31.275069,34.804979
באר שבע,יצחק אולשן,4,שכונת ו,31.268521,34.774997
באר שבע,יצחק אולשן,28,שכונת ו,31.269422,34.774271
באר שבע,יצחק אולשן,16,שכונת ו,31.269147,34.774610
באר שבע,יצחק אולשן,14,שכונת ו,31.268872,34.774762
באר שבע,יצחק אולשן,1,שכונת ו,31.268261,34.774775
באר שבע,יצחק אולשן,17,,31.269144,34.774259
באר שבע,אוסישקין,2,שכונת א,31.249491,34.792451
באר שבע,אוסישקין,18,שכונת א,31.251145,34.792997
באר שבע,אוסישקין,20,שכונת א,31.251331,34.793219
באר שבע,אוסישקין,14,שכונת א,31.250797,34.792700
באר שבע,אוסישקין,4,שכונת א,31.249720,34.792355
באר שבע,אוסישקין,22,שכונת א,31.251502,34.793397
באר שבע,אוסישקין,12,שכונת א,31.250610,34.792612
באר שבע,אוסישקין,10,שכונת א,31.250408,34.792474
באר שבע,אופירה,32,שכונת ט,31.245013,34.771847
באר שבע,אופירה,34,שכונת ט,31.245006,34.771466
באר שבע,אופירה,24,שכונת ט,31.244580,34.771275
באר שבע,אופירה,20,שכונת ט,31.244445,34.771181
באר שבע,אופירה,16,שכונת ט,31.244305,34.771086
באר שבע,אופירה,10,שכונת ט,31.244032,34.771032
באר שבע,אופירה,5,שכונת ט,31.243721,34.771032
באר שבע,אפרים אורבך,25,שכונת נאות לון,31.246921,34.758260
באר שבע,אפרים אורבך,17,שכונת נאות לון,31.247417,34.758646
באר שבע,אפרים אורבך,1,שכונת נאות לון,31.248252,34.759997
באר שבע,אורות ישראל,9,שכונת נווה זאב,31.236467,34.764145
באר שבע,אורות ישראל,1,שכונת נווה זאב,31.236191,34.764373
באר שבע,אורות ישראל,52,שכונת נווה זאב,31.235792,34.763011
באר שבע,אורות ישראל,48,שכונת נווה זאב,31.235693,34.762715
באר שבע,אורות ישראל,61,שכונת נווה זאב,31.236257,34.763281
באר שבע,אורות ישראל,25,שכונת נווה זאב,31.236407,34.762826
באר שבע,אורות ישראל,23,שכונת נווה זאב,31.236453,34.762957
באר שבע,יעקב אורלנד,6,שכונת נאות לון,31.248446,34.756700
באר שבע,יעקב אורלנד,5,שכונת נאות לון,31.248209,34.756826
באר שבע,יעקב אורלנד,7,שכונת נאות לון,31.248077,34.756722
באר שבע,אורן,5,שכונת נווה נוי,31.231320,34.784196
באר שבע,אורן,17,שכונת נווה נוי,31.231597,34.783661
באר שבע,אחאב,2,שכונת ו,31.263596,34.783604
באר שבע,אחאב,1,שכונת ו,31.263699,34.783945
באר שבע,אחאב,6,שכונת ו,31.263334,34.783807
באר שבע,אחאב,4,שכונת ו,31.263501,34.783726
באר שבע,אחד העם,3,שכונת א,31.247973,34.793032
באר שבע,אחד העם,21,שכונת א,31.246803,34.791455
באר שבע,אחד העם,8,שכונת א,31.247192,34.791323
באר שבע,אחד העם,4,שכונת א,31.247904,34.792660
באר שבע,אחד העם,15,שכונת א,31.247155,34.791900
באר שבע,אחד העם,6,שכונת א,31.247501,34.792134
באר שבע,אחד העם,9,שכונת א,31.247490,34.792580
באר שבע,אחד העם,5,שכונת א,31.247829,34.792883
באר שבע,אחזיה,16,שכונת ו,31.265124,34.785315
באר שבע,אחזיה,3,שכונת ו,31.264419,34.785075
באר שבע,אחזיה,10,שכונת ו,31.265020,34.785797
באר שבע,אחזיה,5,שכונת ו,31.264608,34.785114
באר שבע,אחזיה,4,שכונת ו,31.264634,34.785552
באר שבע,אחזיה,9,שכונת ו,31.264892,34.785297
באר שבע,אחזיה,14,שכונת ו,31.265156,34.785533
באר שבע,אחזיה,12,שכונת ד,31.265196,34.785788
באר שבע,אחזיה,7,שכונת ו,31.264784,34.785159
באר שבע,אחזיה,8,שכונת ו,31.264850,34.785844
באר שבע,אחזיה,6,שכונת ו,31.264678,34.785730
באר שבע,אחינועם,10,שכונת נווה מנחם,31.268881,34.762092
באר שבע,אטד,28,שכונת נווה נוי,31.229256,34.789280
באר שבע,אטד,98,שכונת נווה נוי,31.230585,34.781849
באר שבע,אטד,101,שכונת נווה נוי,31.230279,34.779519
באר שבע,אטד,48,שכונת נווה נוי,31.229551,34.787439
באר שבע,אטד,40,שכונת נווה נוי,31.229396,34.788300
באר שבע,אטד,32,שכונת נווה נוי,31.229313,34.789040
באר שבע,אטד,93,שכונת נווה נוי,31.230271,34.780503
באר שבע,אטד,12,שכונת נווה נוי,31.229424,34.790736
באר שבע,אטד,91,שכונת נווה נוי,31.230254,34.780722
באר שבע,אטד,3,שכונת נווה נוי,31.229205,34.791131
באר שבע,אטד,86,שכונת נווה נוי,31.230298,34.782893
באר שבע,אטד,21,שכונת נווה נוי,31.229013,34.789654
באר שבע,אטד,80,שכונת נווה נוי,31.230040,34.783424
באר שבע,אטד,53,שכונת נווה נוי,31.229396,34.787160
באר שבע,אטד,90,שכונת נווה נוי,31.230442,34.782534
באר שבע,אטד,94,שכונת נווה נוי,31.230520,34.782197
באר שבע,אטד,31,שכונת נווה נוי,31.228988,34.788804
באר שבע,אטד,16,שכונת נווה נוי,31.229323,34.790320
באר שבע,אטד,42,שכונת נווה נוי,31.229412,34.788210
באר שבע,איבצן,26,שכונת ו,31.263792,34.777661
באר שבע,איבצן,13,שכונת ו,31.263327,34.777388
באר שבע,איבצן,3,שכונת ו,31.262828,34.777562
באר שבע,איבצן,22,שכונת ו,31.263648,34.777827
באר שבע,איבצן,24,שכונת ו,31.263724,34.777707
באר שבע,איבצן,8,שכונת ו,31.263120,34.778001
באר שבע,איבצן,7,שכונת ו,31.263016,34.777490
באר שבע,איבצן,15,שכונת ו,31.263390,34.777333
באר שבע,איבצן,5,שכונת ו,31.262944,34.777553
באר שבע,אייזנשטדט,28,שכונת רמות,31.277165,34.823073
באר שבע,אייזנשטדט,2,שכונת רמות,31.276270,34.823752
באר שבע,אייזנשטדט,10,שכונת רמות,31.276623,34.824354
באר שבע,איילת השחר,28,שכונת נווה זאב,31.237086,34.765063
באר שבע,איילת השחר,8,שכונת נווה זאב,31.236357,34.764797
באר שבע,איילת השחר,36,שכונת נווה זאב,31.237216,34.764887
באר שבע,איילת השחר,4,שכונת נווה זאב,31.236525,34.764680
באר שבע,איילת השחר,12,שכונת נווה זאב,31.236495,34.764947
באר שבע,איילת השחר,10,שכונת נווה זאב,31.236429,34.764921
באר שבע,איילת השחר,44,שכונת נווה זאב,31.237324,34.764542
באר שבע,איילת השחר,16,שכונת נווה זאב,31.236562,34.765078
באר שבע,איילת השחר,20,שכונת נווה זאב,31.236740,34.765017
באר שבע,איילת השחר,38,שכונת נווה זאב,31.237282,34.764841
באר שבע,איילת השחר,14,שכונת נווה זאב,31.236487,34.765038
באר שבע,איילת השחר,48,שכונת נווה זאב,31.237236,34.764381
באר שבע,איילת השחר,22,שכונת נווה זאב,31.236808,34.765074
באר שבע,אינשטיין,8,שכונת ב,31.255347,34.791770
באר שבע,אינשטיין,17,שכונת ב,31.257185,34.790452
באר שבע,איינשטיין,20,שכונת ב,31.256877,34.790827
באר שבע,איינשטיין,14,שכונת ב,31.255833,34.791076
באר שבע,איינשטיין,9,שכונת ב,31.256152,34.790560
באר שבע,איינשטיין,12,שכונת ב,31.255629,34.791232
באר שבע,איינשטיין,16,שכונת ב,31.256394,34.790883
באר שבע,איינשטיין,10,שכונת ב,31.255436,34.791373
באר שבע,איינשטיין,17,שכונת ב,31.257185,34.790452
באר שבע,איינשטיין,22,שכונת ב,31.257141,34.790859
באר שבע,איינשטיין,24,שכונת ב,31.257372,34.790850
באר שבע,איינשטיין,18,שכונת ב,31.256664,34.790873
באר שבע,איינשטיין,4,שכונת ב,31.255100,34.791865
באר שבע,אירוס הנגב,101,שכונת נווה נוי,31.228490,34.787917
באר שבע,אירוס הנגב,72,שכונת נווה נוי,31.228663,34.790942
באר שבע,אירוס הנגב,31,שכונת נווה נוי,31.228776,34.794460
באר שבע,אירוס הנגב,103,שכונת נווה נוי,31.228520,34.787764
באר שבע,אירוס הנגב,18,שכונת נווה נוי,31.229666,34.795980
באר שבע,אירוס הנגב,32,שכונת נווה נוי,31.229172,34.794888
באר שבע,אירוס הנגב,98,שכונת נווה נוי,31.228663,34.788603
באר שבע,אירוס הנגב,35,שכונת נווה נוי,31.228729,34.794126
באר שבע,אירוס הנגב,39,שכונת נווה נוי,31.228657,34.793742
באר שבע,אירוס הנגב,42,שכונת נווה נוי,31.228957,34.794040
באר שבע,אירוס הנגב,66,שכונת נווה נוי,31.228671,34.791687
באר שבע,אירוס הנגב,85,שכונת נווה נוי,31.228318,34.789393
באר שבע,אירוס הנגב,15,שכונת נווה נוי,31.229241,34.795848
באר שבע,אירוס הנגב,57,שכונת נווה נוי,31.228417,34.792014
באר שבע,חנוך אלבק,12,שכונת רמות,31.271241,34.804149
באר שבע,חנוך אלבק,1,שכונת רמות,31.271373,34.803607
באר שבע,חנוך אלבק,19,שכונת רמות,31.271725,34.804261
באר שבע,חנוך אלבק,21,שכונת רמות,31.271746,34.804401
באר שבע,אלה,10,שכונת נווה נוי,31.231762,34.785400
באר שבע,אלה,2,שכונת נווה נוי,31.231403,34.785308
באר שבע,אלה,5,שכונת נווה נוי,31.231623,34.784987
באר שבע,אלחריזי,10,שכונת נאות לון,31.251700,34.764818
באר שבע,אלחריזי,13,שכונת נאות לון,31.250863,34.764731
באר שבע,אלחריזי,9,שכונת נאות לון,31.251166,34.764875
באר שבע,אלחריזי,5,שכונת נאות לון,31.251317,34.765053
באר שבע,אלחריזי,23,שכונת נאות לון,31.251508,34.764399
באר שבע,אלחריזי,14,שכונת נאות לון,31.251820,34.764391
באר שבע,אלחריזי,7,שכונת נאות לון,31.251411,34.764897
באר שבע,אלחריזי,17,שכונת נאות לון,31.251081,34.764365
באר שבע,אלחריזי,25,שכונת נאות לון,31.251552,34.764238
באר שבע,אליהו הנביא,18,שכונת ד,31.265883,34.792559
באר שבע,אליהו הנביא,28,שכונת ד,31.266109,34.792858
באר שבע,אליהו הנביא,10,שכונת ד,31.265638,34.792580
באר שבע,אליהו הנביא,11,שכונת ד,31.265657,34.792273
באר שבע,אליהו הנביא,17,שכונת ד,31.266143,34.792284
באר שבע,אליהו הנביא,15,שכונת ד,31.265981,34.792276
באר שבע,אליהו הנביא,9,שכונת ד,31.265586,34.792286
באר שבע,אליהו הנביא,24,שכונת ד,31.266115,34.792569
באר שבע,אליהו הנביא,26,שכונת ד,31.266097,34.792709
באר שבע,אלישבע,6,שכונת נווה מנחם,31.270381,34.769415
באר שבע,אלישבע,18,שכונת נווה מנחם,31.270814,34.769107
באר שבע,אלישבע,5,שכונת נווה מנחם,31.270312,34.769068
באר שבע,אלישבע,16,שכונת נווה מנחם,31.270804,34.769172
באר שבע,אלכסנדר ינאי,8,שכונת ד,31.263698,34.797130
באר שבע,אלכסנדר ינאי,4,שכונת ד,31.262810,34.797184
באר שבע,אלכסנדר ינאי,26,שכונת ד,31.264087,34.794236
באר שבע,אלכסנדר ינאי,30,שכונת ד,31.264541,34.794243
באר שבע,אלכסנדר ינאי,28,שכונת ד,31.264314,34.794202
באר שבע,אלכסנדר ינאי,16,שכונת ד,31.263815,34.796331
באר שבע,אלכסנדר ינאי,15,שכונת ד,31.263530,34.795299
באר שבע,אלכסנדר ינאי,14,שכונת ד,31.264264,34.797368
באר שבע,אלכסנדר ינאי,23,שכונת ד,31.263118,34.794269
באר שבע,אלכסנדר ינאי,17,שכונת ד,31.263486,34.794814
באר שבע,אלכסנדר ינאי,32,שכונת ד,31.264753,34.794334
באר שבע,אלכסנדר ינאי,19,שכונת ד,31.263583,34.794251
באר שבע,אלכסנדר ינאי,18,שכונת ד,31.263858,34.795939
באר שבע,אלכסנדר ינאי,24,שכונת ד,31.263852,34.794275
באר שבע,אלכסנדר ינאי,21,שכונת ד,31.263351,34.794258
באר שבע,אלכסנדר ינאי,20,שכונת ד,31.263832,34.795496
באר שבע,אלכסנדר ינאי,22,שכונת ד,31.263945,34.795001
באר שבע,אלכסנדרוני,15,שכונת ו,31.264691,34.778456
באר שבע,אלכסנדרוני,1,שכונת ו,31.265422,34.777789
באר שבע,אלכסנדרוני,13,שכונת ו,31.264813,34.778393
באר שבע,אלכסנדרוני,17,שכונת ו,31.264569,34.778425
באר שבע,אלפסי,18,שכונת יא,31.259118,34.772266
באר שבע,אלפסי,9,שכונת יא,31.257295,34.773501
באר שבע,אלפסי,20,שכונת יא,31.259407,34.772274
באר שבע,אלפסי,31,שכונת יא,31.258560,34.771844
באר שבע,אלפסי,5,שכונת יא,31.256854,34.773541
באר שבע,אלפסי,22,שכונת יא,31.259384,34.771557
באר שבע,אלפסי,16,שכונת יא,31.258838,34.772276
באר שבע,אלפסי,17,שכונת יא,31.258076,34.772424
באר שבע,אלפסי,23,שכונת יא,31.257751,34.772094
באר שבע,אלפסי,7,שכונת יא,31.257193,34.773592
באר שבע,אלפסי,13,שכונת יא,31.257459,34.773296
באר שבע,אלפסי,19,שכונת יא,31.257945,34.772314
באר שבע,אלפסי,11,שכונת יא,31.257347,34.773389
באר שבע,אלפסי,1,שכונת יא,31.257057,34.773734
באר שבע,אלפסי,21,שכונת יא,31.257853,34.772217
באר שבע,אלפסי,3,שכונת יא,31.256950,34.773665
באר שבע,דוד אלרואי,5,שכונת נווה מנחם,31.264338,34.764137
באר שבע,דוד אלרואי,24,שכונת נווה מנחם,31.263586,34.763142
באר שבע,דוד אלרואי,10,שכונת נווה מנחם,31.264265,34.763812
באר שבע,דוד אלרואי,13,שכונת נווה מנחם,31.264015,34.763956
באר שבע,דוד אלרואי,22,שכונת נווה מנחם,31.263710,34.763224
באר שבע,אלתרמן,17,שכונת ה,31.253134,34.774130
באר שבע,אלתרמן,27,שכונת ה,31.253393,34.774331
באר שבע,אלתרמן,7,שכונת ה,31.252684,34.773988
באר שבע,אלתרמן,3,שכונת ה,31.252503,34.774221
באר שבע,אלתרמן,23,שכונת ה,31.253282,34.774217
באר שבע,אלתרמן,37,שכונת ה,31.253225,34.774993
באר שבע,אלתרמן,10,שכונת ה,31.253051,34.774398
באר שבע,אברהם אמיר,90,שכונת רמות,31.278127,34.822671
באר שבע,אברהם אמיר,50,שכונת רמות,31.276942,34.825165
באר שבע,אברהם אמיר,74,שכונת רמות,31.277704,34.823687
באר שבע,אברהם אמיר,58,שכונת רמות,31.277413,34.824913
באר שבע,אברהם אמיר,70,שכונת רמות,31.277689,34.824076
באר שבע,אברהם אמיר,104,שכונת רמות,31.278246,34.822074
באר שבע,אברהם אמיר,53,שכונת רמות,31.277545,34.822607
באר שבע,אברהם אמיר,57,שכונת רמות,31.277344,34.822115
באר שבע,אברהם אמיר,59,שכונת רמות,31.277737,34.822168
באר שבע,אברהם אמיר,51,שכונת רמות,31.277778,34.822574
באר שבע,אברהם אמיר,55,שכונת רמות,31.277377,34.822439
באר שבע,אברהם אמיר,3,שכונת רמות,31.276964,34.821993
באר שבע,אברהם אמיר,61,שכונת רמות,31.277923,34.822334
באר שבע,אברהם אמיר,5,שכונת רמות,31.276941,34.822312
באר שבע,אברהם אמיר,4,שכונת רמות,31.276629,34.822247
באר שבע,אברהם אמיר,72,שכונת רמות,31.277714,34.823927
באר שבע,אברהם אמיר,2,שכונת רמות,31.276672,34.822016
באר שבע,אברהם אמיר,54,שכונת רמות,31.277210,34.825089
באר שבע,אברהם אמיר,82,שכונת רמות,31.277853,34.823210
באר שבע,אברהם אמיר,56,שכונת רמות,31.277318,34.825012
באר שבע,אברהם אמיר,41,שכונת רמות,31.277400,34.823696
באר שבע,אברהם אמיר,48,שכונת רמות,31.276783,34.825150
באר שבע,אברהם אמיר,23,שכונת רמות,31.276512,34.824668
באר שבע,אברהם אמיר,66,שכונת רמות,31.277653,34.824397
באר שבע,אברהם אמיר,24,שכונת רמות,31.275952,34.823459
באר שבע,אברהם אמיר,46,שכונת רמות,31.276795,34.825226
באר שבע,אברהם אמיר,52,שכונת רמות,31.277091,34.825149
באר שבע,אברהם אמיר,78,שכונת רמות,31.277765,34.823372
באר שבע,אמנון,15,שכונת נווה מנחם,31.267435,34.766150
באר שבע,אמנון,40,שכונת נווה מנחם,31.267472,34.766455
באר שבע,אמנון,28,שכונת נווה מנחם,31.266985,34.766763
באר שבע,אמנון,14,שכונת נווה מנחם,31.266367,34.766384
באר שבע,אמנון,22,שכונת נווה מנחם,31.266628,34.766703
באר שבע,אמציה,15,שכונת ו,31.264942,34.784235
באר שבע,אמציה,3,שכונת ו,31.264227,34.783750
באר שבע,אמציה,6,שכונת ו,31.264494,34.784409
באר שבע,אמציה,12,שכונת ו,31.264939,34.784689
באר שבע,אמציה,10,שכונת ו,31.264732,34.784738
באר שבע,אמציה,5,שכונת ו,31.264377,34.783850
באר שבע,אמציה,4,שכונת ו,31.264349,34.784288
באר שבע,אמציה,8,שכונת ו,31.264514,34.784626
באר שבע,אמציה,17,שכונת ו,31.264985,34.784471
באר שבע,אמציה,7,שכונת ו,31.264550,34.783984
באר שבע,אנפה,3,שכונת רמות,31.275741,34.824844
באר שבע,אנפה,8,שכונת רמות,31.275710,34.825398
באר שבע,אנפה,1,שכונת רמות,31.275697,34.824712
באר שבע,אנקור,1,שכונת פלח שבע,31.231518,34.771869
באר שבע,אנקור,27,שכונת נווה זאב,31.231821,34.771990
באר שבע,אנקור,30,שכונת נווה זאב,31.232249,34.772415
באר שבע,אסא,4,שכונת ו,31.263008,34.780930
באר שבע,אסא,1,שכונת ו,31.263205,34.781300
באר שבע,אסא,11,שכונת ו,31.262265,34.781139
באר שבע,אסא,19,שכונת ו,31.261419,34.781316
באר שבע,אסא,16,שכונת ו,31.261425,34.781003
באר שבע,אסא,21,שכונת ו,31.261243,34.781245
באר שבע,אסא,27,שכונת ו,31.260758,34.780976
באר שבע,אסירי ציון,11,שכונת ג,31.249919,34.803128
באר שבע,אסירי ציון,33,שכונת ג,31.248904,34.805214
באר שבע,אסירי ציון,18,שכונת ג,31.249112,34.805005
באר שבע,אסירי ציון,8,שכונת ג,31.249547,34.803776
באר שבע,אסירי ציון,31,שכונת ג,31.249163,34.805436
באר שבע,אסירי ציון,29,שכונת ג,31.249398,34.805594
באר שבע,אסירי ציון,7,שכונת ג,31.249839,34.802651
באר שבע,אסירי ציון,10,שכונת ג,31.249522,34.804016
באר שבע,אסירי ציון,16,שכונת ג,31.249279,34.804733
באר שבע,אסירי ציון,23,שכונת ג,31.249532,34.804700
באר שבע,אסירי ציון,3,שכונת ג,31.249635,34.802836
באר שבע,אסירי ציון,25,שכונת ג,31.249400,34.804891
באר שבע,אסירי ציון,21,שכונת ג,31.249608,34.804491
באר שבע,אסירי ציון,19,שכונת ג,31.249739,34.804175
באר שבע,אסירי ציון,6,שכונת ג,31.249585,34.803494
באר שבע,אסירי ציון,9,שכונת ג,31.250211,34.802803
באר שבע,אסירי ציון,15,שכונת ג,31.249789,34.803666
באר שבע,אסירי ציון,27,שכונת ג,31.249267,34.805216
באר שבע,אסירי ציון,4,שכונת ג,31.249592,34.803136
באר שבע,אסירי ציון,12,שכונת ג,31.249436,34.804278
באר שבע,אסף הרופא,2,שכונת ב,31.255590,34.793439
באר שבע,טוביאס אסר,6,שכונת רמות,31.271767,34.801640
באר שבע,טוביאס אסר,21,שכונת רמות,31.272429,34.802240
באר שבע,טוביאס אסר,8,שכונת רמות,31.271834,34.801695
באר שבע,טוביאס אסר,3,שכונת רמות,31.272030,34.801338
באר שבע,טוביאס אסר,17,שכונת רמות,31.272351,34.802075
באר שבע,טוביאס אסר,16,שכונת רמות,31.272021,34.802181
באר שבע,טוביאס אסר,1,שכונת רמות,31.272014,34.801242
באר שבע,טוביאס אסר,7,שכונת רמות,31.272116,34.801514
באר שבע,טוביאס אסר,10,שכונת רמות,31.271844,34.801819
באר שבע,טוביאס אסר,23,שכונת רמות,31.272487,34.802267
באר שבע,אסתר המלכה,27,שכונת נווה מנחם,31.266818,34.762972
באר שבע,אסתר המלכה,25,שכונת נווה מנחם,31.266684,34.763337
באר שבע,אסתר המלכה,23,שכונת נווה מנחם,31.266862,34.763697
באר שבע,אסתר המלכה,13,שכונת נווה מנחם,31.267753,34.763875
באר שבע,אסתר המלכה,9,שכונת נווה מנחם,31.267870,34.764018
באר שבע,אפק,8,שכונת ט,31.243682,34.766837
באר שבע,אפק,3,שכונת ט,31.243292,34.767163
באר שבע,אפק,15,שכונת ט,31.243413,34.766045
באר שבע,אפק,1,שכונת ט,31.243292,34.767532
באר שבע,אפק,7,שכונת ט,31.243300,34.766782
באר שבע,אפרים,4,שכונת עיר עתיקה,31.239826,34.781186
באר שבע,אפרים,12,שכונת עיר עתיקה,31.239722,34.782046
באר שבע,אפרים,18,שכונת עיר עתיקה,31.239717,34.782613
באר שבע,יעקב אפרת,3,שכונת נווה מנחם,31.270051,34.772267
באר שבע,יעקב אפרת,13,שכונת נווה מנחם,31.269907,34.771800
באר שבע,יעקב אפרת,17,שכונת נווה מנחם,31.269753,34.771643
באר שבע,ישראל אפשטיין,21,שכונת רמות,31.275385,34.815799
באר שבע,ישראל אפשטיין,10,שכונת רמות,31.276258,34.817351
באר שבע,ישראל אפשטיין,13,שכונת רמות,31.275945,34.816436
באר שבע,בנימין אקצין,26,שכונת ו,31.269889,34.777343
באר שבע,בנימין אקצין,8,שכונת ו,31.270408,34.778192
באר שבע,בנימין אקצין,21,שכונת ו,31.269646,34.777670
באר שבע,בנימין אקצין,4,שכונת ו,31.270275,34.778256
באר שבע,ארבע הגיבורות,10,שכונת נחל בקע,31.223885,34.780697
באר שבע,ארבע הגיבורות,2,שכונת נחל בקע,31.223522,34.780803
באר שבע,אלכסנדר ארגוב,6,שכונת נאות לון,31.248521,34.758922
באר שבע,אלכסנדר ארגוב,30,שכונת נאות לון,31.248152,34.757175
באר שבע,אלכסנדר ארגוב,26,שכונת נאות לון,31.248393,34.757841
באר שבע,אלכסנדר ארגוב,13,שכונת נאות לון,31.248117,34.757861
באר שבע,מרדכי ארדון,18,שכונת נאות לון,31.249304,34.757040
באר שבע,מרדכי ארדון,4,שכונת נאות לון,31.247983,34.757684
באר שבע,ארלוזורוב,33,שכונת ג,31.255193,34.805521
באר שבע,ארלוזורוב,10,שכונת ג,31.253024,34.807473
באר שבע,ארלוזורוב,21,שכונת ג,31.254108,34.806061
באר שבע,ארלוזורוב,20,שכונת ג,31.253954,34.806648
באר שבע,ארלוזורוב,17,שכונת ג,31.253722,34.806310
באר שבע,ארלוזורוב,34,שכונת ג,31.255330,34.805895
באר שבע,ארלוזורוב,22,שכונת ג,31.254074,34.806427
באר שבע,ארלוזורוב,12,שכונת ג,31.253205,34.807302
באר שבע,ארלוזורוב,8,שכונת ג,31.252832,34.807579
באר שבע,ארלוזורוב,36,שכונת ג,31.255514,34.805779
באר שבע,ארלוזורוב,18,שכונת ג,31.253733,34.806718
באר שבע,ארלוזורוב,38,שכונת ג,31.255733,34.805757
באר שבע,ארלוזורוב,13,שכונת ג,31.253388,34.806822
באר שבע,ארלוזורוב,14,שכונת ג,31.253415,34.807168
באר שבע,ארלוזורוב,24,שכונת ג,31.254260,34.806332
באר שבע,ארלוזורוב,28,שכונת ג,31.254654,34.806096
באר שבע,ארלוזורוב,30,שכונת ג,31.254929,34.806077
באר שבע,ארלוזורוב,29,שכונת ג,31.254741,34.805721
באר שבע,ארלוזורוב,4,שכונת ג,31.252355,34.807592
באר שבע,ארלוזורוב,26,שכונת ג,31.254448,34.806187
באר שבע,ארלוזורוב,15,שכונת ג,31.253567,34.806509
באר שבע,ארלוזורוב,7,שכונת ג,31.252866,34.807235
באר שבע,ארלוזורוב,3,שכונת ג,31.252471,34.807322
באר שבע,ארלוזורוב,48,שכונת ג,31.256978,34.805818
באר שבע,ארלוזורוב,32,שכונת ג,31.255109,34.805993
באר שבע,ארלוזורוב,23,שכונת ג,31.254285,34.805876
באר שבע,ארלוזורוב,46,שכונת ג,31.257004,34.805700
באר שבע,ארלוזורוב,19,שכונת ג,31.253896,34.806226
באר שבע,ארלוזורוב,25,שכונת ג,31.254519,34.805850
באר שבע,ארלוזורוב,37,שכונת ג,31.255631,34.805373
באר שבע,ארלוזורוב,35,שכונת ג,31.255418,34.805462
באר שבע,ארלוזורוב,40,שכונת ג,31.256098,34.805606
באר שבע,ארלוזורוב,11,שכונת ג,31.253213,34.806949
באר שבע,ארלוזורוב,5,שכונת ג,31.252655,34.807333
באר שבע,שמחה ארליך,4,שכונת יא,31.258012,34.766758
באר שבע,שמחה ארליך,2,שכונת יא,31.257703,34.766969
באר שבע,שמחה ארליך,6,שכונת יא,31.258347,34.766801
באר שבע,ג'וזף ארלנגר,4,שכונת רמות,31.269360,34.807514
באר שבע,ג'וזף ארלנגר,19,שכונת רמות,31.269384,34.808332
באר שבע,ג'וזף ארלנגר,1,שכונת רמות,31.269611,34.807562
באר שבע,ג'וזף ארלנגר,10,שכונת רמות,31.269215,34.807767
באר שבע,ג'וזף ארלנגר,12,שכונת רמות,31.269204,34.807880
באר שבע,ג'וזף ארלנגר,8,שכונת רמות,31.269287,34.807680
באר שבע,ג'וזף ארלנגר,11,שכונת רמות,31.269500,34.807984
באר שבע,ג'וזף ארלנגר,13,שכונת רמות,31.269416,34.808077
באר שבע,זלמן ארן,28,שכונת יא,31.256587,34.760324
באר שבע,זלמן ארן,7,שכונת יא,31.255521,34.761597
באר שבע,זלמן ארן,8,שכונת יא,31.255916,34.761288
באר שבע,זלמן ארן,31,שכונת יא,31.255311,34.760711
באר שבע,זלמן ארן,67,שכונת יא,31.257507,34.760022
באר שבע,זלמן ארן,79,שכונת יא,31.257748,34.761034
באר שבע,זלמן ארן,23,שכונת יא,31.255141,34.761404
באר שבע,זלמן ארן,48,שכונת יא,31.257429,34.761311
באר שבע,זלמן ארן,34,שכונת יא,31.256933,34.760456
באר שבע,זלמן ארן,33,שכונת יא,31.255456,34.760555
באר שבע,זלמן ארן,42,שכונת יא,31.257098,34.760445
באר שבע,זלמן ארן,65,שכונת יא,31.257361,34.760018
באר שבע,זלמן ארן,10,שכונת יא,31.255841,34.761195
באר שבע,זלמן ארן,16,שכונת יא,31.255757,34.760874
באר שבע,זלמן ארן,19,שכונת יא,31.255407,34.760959
באר שבע,זלמן ארן,5,שכונת יא,31.255599,34.761799
באר שבע,זלמן ארן,37,שכונת יא,31.255702,34.760408
באר שבע,זלמן ארן,11,שכונת יא,31.255613,34.761312
באר שבע,זלמן ארן,46,שכונת יא,31.257347,34.760554
באר שבע,זלמן ארן,3,שכונת יא,31.255789,34.761680
באר שבע,יצחק ארנון,2,שכונת נווה מנחם,31.269415,34.771487
באר שבע,אסוולדו ארניה,87,שכונת ד,31.265782,34.801843
באר שבע,אסוולדו ארניה,9,שכונת ד,31.267021,34.801161
באר שבע,אסוולדו ארניה,6,שכונת ד,31.266712,34.801552
באר שבע,אסוולדו ארניה,4,שכונת ד,31.266355,34.801123
באר שבע,אסוולדו ארניה,7,שכונת ד,31.267008,34.801046
באר שבע,אסוולדו ארניה,75,שכונת ד,31.266099,34.801875
באר שבע,אסוולדו ארניה,31,שכונת ד,31.267019,34.801952
באר שבע,אסוולדו ארניה,79,שכונת ד,31.266150,34.802218
באר שבע,אסוולדו ארניה,53,שכונת ד,31.266657,34.802153
באר שבע,אסוולדו ארניה,41,שכונת ד,31.266810,34.802107
באר שבע,אסוולדו ארניה,65,שכונת ד,31.266251,34.801785
באר שבע,אסוולדו ארניה,2,שכונת ד,31.266650,34.801132
באר שבע,ארץ חמדה,53,שכונת נווה זאב,31.235772,34.764580
באר שבע,ארץ חמדה,41,שכונת נווה זאב,31.235335,34.764811
באר שבע,ארץ חמדה,51,שכונת נווה זאב,31.235820,34.764698
באר שבע,ארץ חמדה,2,שכונת נווה זאב,31.235328,34.764648
באר שבע,ארץ חמדה,47,שכונת נווה זאב,31.235642,34.764783
באר שבע,ארץ חמדה,37,שכונת נווה זאב,31.234803,34.764499
באר שבע,ארץ חמדה,35,שכונת נווה זאב,31.234756,34.764352
באר שבע,ארץ חמדה,25,שכונת נווה זאב,31.234462,34.763689
באר שבע,ארץ חמדה,9,שכונת נווה זאב,31.234852,34.763973
באר שבע,ארץ חמדה,19,שכונת נווה זאב,31.234513,34.763335
באר שבע,ארץ חמדה,20,שכונת נווה זאב,31.234581,34.763049
באר שבע,ארץ חמדה,5,שכונת נווה זאב,31.234924,34.764261
באר שבע,ארץ חמדה,16,שכונת נווה זאב,31.234902,34.763244
באר שבע,שלום אש,19,שכונת נווה זאב,31.238534,34.776275
באר שבע,שלום אש,10,שכונת נווה זאב,31.237506,34.776145
באר שבע,שלום אש,12,שכונת נווה זאב,31.237581,34.776337
באר שבע,מיכאל אשבל,1,שכונת נווה זאב,31.241067,34.774065
באר שבע,אשבל מיכאל,20,שכונת נווה זאב,31.241753,34.775973
באר שבע,מיכאל אשבל,9,שכונת נווה זאב,31.241432,34.774914
באר שבע,מיכאל אשבל,2,שכונת נווה זאב,31.240747,34.774570
באר שבע,אשבל מיכאל,12,שכונת נווה זאב,31.241452,34.775433
באר שבע,מיכאל אשבל,7,שכונת נווה זאב,31.241238,34.774647
באר שבע,אשבל מיכאל,24,שכונת נווה זאב,31.241978,34.776140
באר שבע,אשבל מיכאל,18,שכונת נווה זאב,31.241586,34.775957
באר שבע,אשבל מיכאל,22,שכונת נווה זאב,31.241905,34.776066
באר שבע,אשבל מיכאל,14,שכונת נווה זאב,31.241557,34.775591
באר שבע,אשבל מיכאל,16,שכונת נווה זאב,31.241578,34.775782
באר שבע,אשבל מיכאל,10,שכונת נווה זאב,31.241352,34.775403
באר שבע,אשבל מיכאל,26,שכונת נווה זאב,31.242024,34.776284
באר שבע,אשלים,31,שכונת נווה נוי,31.233288,34.789561
באר שבע,אשלים,21,,31.233269,34.790227
באר שבע,אשלים,35,שכונת נווה נוי,31.233178,34.789259
באר שבע,אשלים,26,שכונת נווה נוי,31.233522,34.790344
באר שבע,אשלים,24,,31.233530,34.790984
באר שבע,אשלים,34,שכונת נווה נוי,31.233519,34.789778
באר שבע,אשלים,11,,31.233263,34.792194
באר שבע,אשלים,10,שכונת נווה נוי,31.233467,34.792794
באר שבע,אשלים,20,שכונת נווה נוי,31.233504,34.792023
באר שבע,אשלים,33,שכונת נווה נוי,31.233238,34.789395
באר שבע,אשלים,5,,31.233211,34.792818
באר שבע,אשלים,1,שכונת נווה נוי,31.233236,34.793020
באר שבע,אשלים,18,שכונת נווה נוי,31.233500,34.792143
באר שבע,דבורה בארון,21,שכונת ב,31.252768,34.794406
באר שבע,יוחנן בדר,31,שכונת רמות,31.273197,34.824441
באר שבע,יוחנן בדר,37,שכונת רמות,31.273659,34.824483
באר שבע,יוחנן בדר,47,שכונת רמות,31.273611,34.824026
באר שבע,יוחנן בדר,41,שכונת רמות,31.273326,34.824172
באר שבע,יוחנן בדר,50,שכונת רמות,31.273526,34.825538
באר שבע,יוחנן בדר,54,שכונת רמות,31.273667,34.825325
באר שבע,מרטין בובר,14,שכונת ו,31.267392,34.771076
באר שבע,מרטין בובר,4,שכונת ו,31.266984,34.771450
באר שבע,בודנהיימר,7,שכונת רמות הרכס,31.281620,34.801115
באר שבע,בודנהיימר,3,שכונת רמות הרכס,31.281264,34.801138
באר שבע,בודנהיימר,2,שכונת רמות הרכס,31.280872,34.801222
באר שבע,בודנהיימר,1,שכונת רמות הרכס,31.281012,34.800892
באר שבע,בודנהיימר,16,שכונת רמות הרכס,31.281795,34.802216
באר שבע,בודנהיימר,26,שכונת רמות הרכס,31.282189,34.801148
באר שבע,בודנהיימר,18,שכונת רמות הרכס,31.281877,34.801976
באר שבע,בודנהיימר,30,שכונת רמות הרכס,31.282364,34.801033
באר שבע,בודנהיימר,28,שכונת רמות הרכס,31.282045,34.801008
באר שבע,בודנהיימר,5,שכונת רמות הרכס,31.281462,34.801301
באר שבע,בודנהיימר,4,שכונת רמות הרכס,31.280448,34.801622
באר שבע,בודנהיימר,8,,31.281109,34.801977
באר שבע,אלכסנדר בוסקוביץ,42,שכונת נחל בקע,31.221776,34.771868
באר שבע,אלכסנדר בוסקוביץ,36,שכונת נחל בקע,31.221516,34.772089
באר שבע,אלכסנדר בוסקוביץ,18,שכונת נחל בקע,31.220489,34.773420
באר שבע,אלכסנדר בוסקוביץ,28,שכונת נחל בקע,31.220953,34.772837
באר שבע,בוסתנאי,4,שכונת נאות לון,31.250025,34.762694
באר שבע,בוסתנאי,2,שכונת נאות לון,31.249896,34.762767
באר שבע,בוסתנאי,3,שכונת נאות לון,31.250045,34.762314
באר שבע,בוסתנאי,10,שכונת נאות לון,31.250444,34.762414
באר שבע,בורוכוב,21,שכונת א,31.250220,34.794103
באר שבע,בורוכוב,27,שכונת א,31.250467,34.793450
באר שבע,בורוכוב,3,שכונת א,31.249773,34.796810
באר שבע,בורוכוב,19,שכונת א,31.250038,34.794432
באר שבע,בורוכוב,8,שכונת א,31.249984,34.795801
באר שבע,בורוכוב,10,שכונת א,31.250081,34.795412
באר שבע,בורוכוב,7,שכונת א,31.249778,34.796278
באר שבע,בורוכוב,13,שכונת א,31.249832,34.795312
באר שבע,בורוכוב,25,שכונת א,31.250435,34.793730
באר שבע,בורוכוב,23,שכונת א,31.250307,34.793902
באר שבע,בורוכוב,11,שכונת א,31.249861,34.795604
באר שבע,בורוכוב,5,שכונת א,31.249809,34.796553
באר שבע,בורוכוב,15,שכונת א,31.249908,34.794953
באר שבע,בורוכוב,9,שכונת א,31.249876,34.795936
באר שבע,בורוכוב,20,שכונת א,31.250445,34.794085
באר שבע,יהודה בורלא,1,שכונת ה,31.251144,34.776469
באר שבע,יהודה בורלא,45,שכונת ה,31.252069,34.775287
באר שבע,יהודה בורלא,20,שכונת ה,31.251613,34.775891
באר שבע,מקס בורן,14,שכונת רמות,31.273523,34.803158
באר שבע,מקס בורן,12,שכונת רמות,31.273426,34.803121
באר שבע,מקס בורן,29,שכונת רמות,31.274334,34.803403
באר שבע,מקס בורן,13,שכונת רמות,31.273696,34.802865
באר שבע,מקס בורן,38,שכונת רמות,31.274425,34.803933
באר שבע,מקס בורן,22,שכונת רמות,31.273905,34.803478
באר שבע,מקס בורן,34,שכונת רמות,31.274290,34.803836
באר שבע,מקס בורן,4,שכונת רמות,31.273145,34.802933
באר שבע,מקס בורן,7,שכונת רמות,31.273503,34.802645
באר שבע,מקס בורן,16,שכונת רמות,31.273555,34.803230
באר שבע,מקס בורן,26,שכונת רמות,31.274023,34.803600
באר שבע,מקס בורן,17,שכונת רמות,31.273818,34.802966
באר שבע,מקס בורן,20,שכונת רמות,31.273684,34.803361
באר שבע,מקס בורן,21,שכונת רמות,31.274038,34.803202
באר שבע,מקס בורן,30,שכונת רמות,31.274173,34.803704
באר שבע,בז,24,שכונת פלח שבע,31.230375,34.771109
באר שבע,בז,51,,31.228642,34.770733
באר שבע,בז,1,שכונת פלח שבע,31.231147,34.772246
באר שבע,בז,37,,31.228627,34.771259
באר שבע,בז,35,שכונת פלח שבע,31.228806,34.771349
באר שבע,בז,33,,31.228918,34.771523
באר שבע,בז,57,,31.228953,34.771168
באר שבע,בז,18,שכונת פלח שבע,31.229926,34.771281
באר שבע,בז,77,,31.230209,34.770752
באר שבע,בז,39,,31.228463,34.771199
באר שבע,בז,21,שכונת פלח שבע,31.229705,34.772003
באר שבע,בז,4,שכונת פלח שבע,31.230805,34.772083
באר שבע,בז,15,שכונת פלח שבע,31.230105,34.772316
באר שבע,בז,59,,31.229139,34.771284
באר שבע,בז,29,,31.229272,34.771633
באר שבע,בז,17,שכונת פלח שבע,31.229960,34.772227
באר שבע,בזל,72,שכונת א,31.249902,34.791936
באר שבע,בזל,59,שכונת א,31.251065,34.789418
באר שבע,בזל,63,שכונת א,31.251005,34.789807
באר שבע,בזל,36,שכונת א,31.250140,34.787197
באר שבע,בזל,42,שכונת א,31.250514,34.787930
באר שבע,בזל,58,שכונת א,31.250649,34.790107
באר שבע,בזל,26,שכונת א,31.248939,34.787003
באר שבע,בזל,49,שכונת א,31.250865,34.788172
באר שבע,בזל,55,שכונת א,31.251023,34.788872
באר שבע,בזל,32,שכונת א,31.249648,34.786809
באר שבע,בזל,20,שכונת א,31.248669,34.787854
באר שבע,בזל,22,שכונת א,31.248623,34.787534
באר שבע,בזל,56,שכונת א,31.250764,34.789865
באר שבע,בזל,53,שכונת א,31.250963,34.788692
באר שבע,בזל,40,שכונת א,31.250396,34.787620
באר שבע,בזל,8,שכונת א,31.248801,34.789391
באר שבע,בזל,12,שכונת א,31.248846,34.788910
באר שבע,בזל,67,שכונת א,31.250932,34.790292
באר שבע,בזל,46,שכונת א,31.250689,34.788531
באר שבע,בזל,47,שכונת א,31.250761,34.787994
באר שבע,בזל,30,שכונת א,31.249382,34.786754
באר שבע,בזל,64,שכונת א,31.250338,34.790886
באר שבע,בזל,10,שכונת א,31.248818,34.789160
באר שבע,בזל,57,שכונת א,31.251011,34.789101
באר שבע,בזל,48,שכונת א,31.250757,34.788799
באר שבע,בזל,28,שכונת א,31.249188,34.786892
באר שבע,בזל,38,שכונת א,31.250310,34.787374
באר שבע,בזל,61,שכונת א,31.251024,34.789623
באר שבע,בזל,41,שכונת א,31.250567,34.787227
באר שבע,בזל,60,שכונת א,31.250599,34.790387
באר שבע,בזל,51,שכונת א,31.250914,34.788383
באר שבע,בזל,70,שכונת א,31.249995,34.791660
באר שבע,בזל,68,שכונת א,31.250098,34.791380
באר שבע,בזל,44,שכונת א,31.250553,34.788213
באר שבע,בזל,9,שכונת א,31.248575,34.789248
באר שבע,ביאליק,13,שכונת ב,31.254785,34.793174
באר שבע,ביאליק,1,שכונת ב,31.255154,34.796715
באר שבע,ביאליק,9,שכונת ב,31.255283,34.793914
באר שבע,ביאליק,53,שכונת ב,31.253298,34.792679
באר שבע,ביאליק,106,שכונת א,31.246624,34.787512
באר שבע,ביאליק,88,שכונת א,31.247497,34.788677
באר שבע,ביאליק,57,שכונת ב,31.253094,34.791730
באר שבע,ביאליק,47,שכונת ב,31.253405,34.792054
באר שבע,ביאליק,11,שכונת ב,31.255091,34.793209
באר שבע,ביאליק,83,שכונת א,31.249648,34.790342
באר שבע,ביאליק,61,שכונת ב,31.253099,34.791993
באר שבע,ביאליק,7,שכונת ב,31.255222,34.794422
באר שבע,ביאליק,22,שכונת ב,31.254922,34.792106
באר שבע,ביאליק,59,שכונת ב,31.253095,34.791850
באר שבע,ביאליק,15,שכונת ב,31.254766,34.792443
באר שבע,ביאליק,10,שכונת ב,31.255696,34.794588
באר שבע,ביאליק,43,שכונת ב,31.253419,34.791767
באר שבע,ביאליק,24,שכונת ב,31.254671,34.791614
באר שבע,ביאליק,5,שכונת ב,31.255411,34.794984
באר שבע,ביאליק,4,שכונת ב,31.255664,34.796395
באר שבע,ביאליק,2,שכונת ב,31.255777,34.796770
באר שבע,ביאליק,133,שכונת א,31.245851,34.788301
באר שבע,ביאליק,55,שכונת ב,31.253090,34.791587
באר שבע,ביאליק,117,שכונת א,31.246677,34.788290
באר שבע,ביאליק,31,שכונת ב,31.253726,34.791757
באר שבע,ביאליק,129,שכונת א,31.245965,34.788458
באר שבע,ביאליק,63,שכונת ב,31.253095,34.792143
באר שבע,ביאליק,94,שכונת א,31.247180,34.788330
באר שבע,ביאליק,115,שכונת א,31.246804,34.788382
באר שבע,ביאליק,127,שכונת א,31.245955,34.788552
באר שבע,ביאליק,147,שכונת א,31.246191,34.787741
באר שבע,ביאליק,113,שכונת א,31.246854,34.788521
באר שבע,ביאליק,151,שכונת א,31.245976,34.787446
באר שבע,ביאליק,6,שכונת ב,31.255758,34.795689
באר שבע,ביאליק,135,שכונת א,31.245741,34.788245
באר שבע,ביאליק,123,שכונת א,31.246039,34.788701
באר שבע,ביאליק,137,שכונת א,31.245738,34.788143
באר שבע,ביאליק,92,שכונת א,31.247247,34.788485
באר שבע,ביאליק,12,שכונת ב,31.255604,34.793873
באר שבע,ביאליק,90,שכונת א,31.247370,34.788580
באר שבע,ביאליק,3,שכונת ב,31.255279,34.796497
באר שבע,ביאליק,30,שכונת ב,31.253752,34.791237
באר שבע,ביאליק,35,שכונת ב,31.253723,34.792084
באר שבע,ביאליק,125,שכונת א,31.246065,34.788589
באר שבע,ביאליק,52,שכונת א,31.250836,34.790579
באר שבע,ביאליק,121,שכונת א,31.246022,34.788788
באר שבע,ביאליק,18,שכונת ב,31.255309,34.792814
באר שבע,ביאליק,85,שכונת א,31.249054,34.790052
באר שבע,ביאליק,107,שכונת א,31.246919,34.788946
באר שבע,ביאליק,33,שכונת ב,31.253714,34.791915
באר שבע,ביאליק,111,שכונת א,31.246977,34.788612
באר שבע,ביאליק,105,שכונת א,31.246863,34.789128
באר שבע,ביאליק,109,שכונת א,31.246974,34.788791
באר שבע,ביאליק,16,שכונת ב,31.255435,34.793160
באר שבע,ביאליק,8,שכונת ב,31.255733,34.794828
באר שבע,ביאליק,14,שכונת ב,31.255540,34.793550
באר שבע,ביאליק,20,שכונת ב,31.255039,34.792268
באר שבע,ביאליק,131,שכונת א,31.245856,34.788414
באר שבע,ביאליק,34,שכונת ב,31.253308,34.791220
באר שבע,בית אל,29,שכונת ט,31.244915,34.774912
באר שבע,בית אל,23,שכונת ט,31.244943,34.774397
באר שבע,בית אל,13,שכונת ט,31.245646,34.774021
באר שבע,בית אל,31,שכונת ט,31.244556,34.774102
באר שבע,בית אל,27,שכונת ט,31.244896,34.774724
באר שבע,בית אל,25,שכונת ט,31.244947,34.774589
באר שבע,בית אל,4,,31.245594,34.773533
באר שבע,בית אל,21,שכונת ט,31.245049,34.774187
באר שבע,בית לחם,2,שכונת ט,31.245140,34.779113
באר שבע,בית לחם,10,שכונת ט,31.244371,34.779106
באר שבע,בית שאן,34,שכונת נאות לון,31.249697,34.766935
באר שבע,בית שאן,17,שכונת נאות לון,31.250252,34.767784
באר שבע,בית שאן,78,שכונת נאות לון,31.248674,34.767677
באר שבע,בית שאן,80,שכונת נאות לון,31.248680,34.767859
באר שבע,בית שאן,33,שכונת נאות לון,31.248900,34.768272
באר שבע,בית שאן,41,שכונת נאות לון,31.247455,34.768048
באר שבע,בית שאן,24,שכונת נאות לון,31.249591,34.767811
באר שבע,בית שאן,54,שכונת נאות לון,31.248940,34.767505
באר שבע,בית שאן,31,שכונת נאות לון,31.249291,34.768340
באר שבע,בית שאן,6,שכונת נאות לון,31.249956,34.767206
באר שבע,בית שאן,23,שכונת נאות לון,31.250129,34.768263
באר שבע,בית שאן,114,שכונת נאות לון,31.248048,34.767593
באר שבע,בית שאן,136,שכונת נאות לון,31.247811,34.766454
באר שבע,בית שאן,48,שכונת נאות לון,31.249252,34.767649
באר שבע,בית שאן,39,שכונת נאות לון,31.247838,34.768103
באר שבע,בית שאן,27,שכונת נאות לון,31.249836,34.768532
באר שבע,בית שאן,62,שכונת נאות לון,31.249050,34.766840
באר שבע,בית שאן,13,שכונת נאות לון,31.250255,34.767473
באר שבע,בית שאן,96,שכונת נאות לון,31.248412,34.766907
באר שבע,בית שאן,118,שכונת נאות לון,31.247894,34.767809
באר שבע,בית שאן,72,שכונת נאות לון,31.248728,34.767184
באר שבע,בית שאן,60,שכונת נאות לון,31.249003,34.767028
באר שבע,בית שאן,130,שכונת נאות לון,31.247788,34.767049
באר שבע,בית שאן,29,שכונת נאות לון,31.249672,34.768474
באר שבע,בית שאן,25,שכונת נאות לון,31.250172,34.768675
באר שבע,"בית""ר",6,שכונת ד,31.259790,34.790367
באר שבע,"בית""ר",5,שכונת ד,31.259673,34.790479
באר שבע,"בית""ר",8,שכונת ד,31.259905,34.790570
באר שבע,"בית""ר",2,שכונת ד,31.259137,34.790572
באר שבע,בלהה,4,שכונת נווה מנחם,31.270224,34.764250
באר שבע,רודולף בלוך,27,שכונת רמות,31.272377,34.807984
באר שבע,רודולף בלוך,46,שכונת רמות,31.273318,34.807671
באר שבע,רודולף בלוך,30,שכונת רמות,31.272683,34.808257
באר שבע,רודולף בלוך,5,שכונת רמות,31.271514,34.808448
באר שבע,רודולף בלוך,15,שכונת רמות,31.271852,34.808336
באר שבע,רודולף בלוך,34,שכונת רמות,31.272835,34.808137
באר שבע,רודולף בלוך,10,שכונת רמות,31.271750,34.808718
באר שבע,רודולף בלוך,35,שכונת רמות,31.272753,34.807765
באר שבע,רודולף בלוך,62,שכונת רמות,31.273842,34.807243
באר שבע,רודולף בלוך,6,שכונת רמות,31.271587,34.808740
באר שבע,רודולף בלוך,7,שכונת רמות,31.271556,34.808369
באר שבע,רודולף בלוך,50,שכונת רמות,31.273436,34.807553
באר שבע,בלפור,48,שכונת א,31.246660,34.790569
באר שבע,בלפור,8,שכונת א,31.246492,34.794645
באר שבע,בלפור,16,שכונת א,31.245667,34.794343
באר שבע,בלפור,17,שכונת א,31.245277,34.794270
באר שבע,בלפור,6,שכונת א,31.246714,34.794713
באר שבע,בלפור,46,שכונת א,31.246648,34.790832
באר שבע,בלפור,4,שכונת א,31.246964,34.794720
באר שבע,בלפור,14,שכונת א,31.245874,34.794283
באר שבע,בלפור,32,שכונת א,31.246017,34.792405
באר שבע,בלפור,39,שכונת א,31.246406,34.790581
באר שבע,בלפור,31,שכונת א,31.245746,34.792289
באר שבע,בלפור,10,שכונת א,31.246301,34.794558
באר שבע,בלפור,29,שכונת א,31.245611,34.792581
באר שבע,בלפור,5,שכונת א,31.246377,34.794926
באר שבע,בלפור,20,שכונת א,31.245341,34.793835
באר שבע,בלפור,35,שכונת א,31.246093,34.791472
באר שבע,בלפור,1,שכונת א,31.247063,34.795101
באר שבע,בלפור,28,שכונת א,31.245823,34.792852
באר שבע,בלפור,50,שכונת א,31.246744,34.790296
באר שבע,בלפור,18,שכונת א,31.245458,34.794127
באר שבע,בלפור,27,,31.245397,34.793027
באר שבע,בלפור,22,שכונת א,31.245378,34.793525
באר שבע,בלפור,24,שכונת א,31.245544,34.793258
באר שבע,בלפור,36,שכונת א,31.246198,34.791971
באר שבע,בלפור,11,שכונת א,31.245704,34.794601
באר שבע,בלפור,38,שכונת א,31.246280,34.791723
באר שבע,בלפור,7,שכונת א,31.245985,34.794763
באר שבע,בלפור,34,שכונת א,31.246097,34.792161
באר שבע,בלפור,37,שכונת א,31.246306,34.790980
באר שבע,בלפור,42,שכונת א,31.246494,34.791274
באר שבע,בלפור,33,שכונת א,31.245978,34.791773
באר שבע,בלפור,23,שכונת א,31.245066,34.793622
באר שבע,נעמן בלקינד,8,שכונת נווה מנחם,31.266839,34.759843
באר שבע,בן איש חי,5,שכונת ו,31.268517,34.780659
באר שבע,בן איש חי,6,שכונת ו,31.268369,34.780876
באר שבע,בן איש חי,2,שכונת ו,31.268199,34.780725
באר שבע,בן איש חי,7,שכונת ו,31.268575,34.780706
באר שבע,בן איש חי,8,שכונת ו,31.268425,34.780929
באר שבע,בן איש חי,1,שכונת ו,31.268333,34.780527
באר שבע,בן איש חי,4,שכונת ו,31.268266,34.780779
באר שבע,בן איש חי,3,שכונת ו,31.268392,34.780577
באר שבע,בן-גוריון,10,שכונת ד,31.260145,34.808126
באר שבע,בן-גוריון,16,שכונת ד,31.259900,34.809440
באר שבע,בן-גוריון,18,שכונת ד,31.259758,34.809624
באר שבע,בן-גוריון,20,שכונת ד,31.259596,34.809813
באר שבע,בן-גוריון,59,שכונת אזור תעשיה,31.250750,34.817971
באר שבע,בן יהודה,2,שכונת ב,31.254012,34.791853
באר שבע,בן-יהודה,20,שכונת ב,31.254226,34.794676
באר שבע,בן-יהודה,14,שכונת ב,31.254031,34.792897
באר שבע,בן-יהודה,9,שכונת ב,31.254582,34.793372
באר שבע,בן יהודה,22,שכונת ב,31.254227,34.795289
באר שבע,בן יהודה,4,שכונת ב,31.254020,34.792007
באר שבע,בן-יהודה,18,שכונת ב,31.254224,34.794095
באר שבע,בן יהודה,6,שכונת ב,31.254017,34.792158
באר שבע,בן יהודה,14,שכונת ב,31.254031,34.792897
באר שבע,בן נון,4,שכונת ו,31.262824,34.777168
באר שבע,בן נון,10,שכונת ו,31.263294,34.776947
באר שבע,בן נון,8,שכונת ו,31.263087,34.777036
באר שבע,בן נון,12,שכונת ו,31.263449,34.776881
באר שבע,בן נון,14,שכונת ו,31.263410,34.776713
באר שבע,בן נון,6,שכונת ו,31.262963,34.777107
באר שבע,בן נון,16,שכונת ו,31.263334,34.776533
באר שבע,יצחק בן-צבי,7,שכונת מרכז אזרחי,31.244208,34.798245
באר שבע,יצחק בן-צבי,6,שכונת מרכז אזרחי,31.243904,34.797265
באר שבע,יצחק בן-צבי,2,שכונת מרכז אזרחי,31.244138,34.795801
באר שבע,בן חור אליהו,4,שכונת ו,31.264728,34.774624
באר שבע,בן חור אליהו,2,שכונת ו,31.264612,34.774713
באר שבע,בן חור אליהו,6,שכונת ו,31.264818,34.774405
באר שבע,יוסף בנטואיץ,8,שכונת רמות,31.269167,34.806026
באר שבע,יוסף בנטואיץ,17,שכונת רמות,31.269321,34.806577
באר שבע,יוסף בנטואיץ,5,שכונת רמות,31.269489,34.806056
באר שבע,בנטוב מרדכי,16,שכונת יא,31.257057,34.765530
באר שבע,בנטוב מרדכי,5,שכונת יא,31.256590,34.765952
באר שבע,בנטוב מרדכי,19,שכונת יא,31.256968,34.765372
באר שבע,בני אור,68,שכונת ב,31.257702,34.781751
באר שבע,בני אור,60,שכונת ב,31.257942,34.782938
באר שבע,בני אור,21,שכונת ב,31.258401,34.785746
באר שבע,בני אור,64,שכונת ב,31.258068,34.782095
באר שבע,בני אור,27,שכונת ב,31.258254,34.784618
באר שבע,בני אור,62,שכונת ב,31.258001,34.782507
באר שבע,בני אור,36,שכונת ב,31.258527,34.784152
באר שבע,בני אור,25,שכונת ב,31.258356,34.784981
באר שבע,בני אור,66,שכונת ב,31.257729,34.781923
באר שבע,בני אור,18,שכונת ב,31.258811,34.786248
באר שבע,בני אור,23,שכונת ב,31.258403,34.785325
באר שבע,בני אור,31,שכונת ב,31.257996,34.784367
באר שבע,בני אור,12,שכונת ב,31.258653,34.786880
באר שבע,בני אור,15,שכונת ב,31.258331,34.786428
באר שבע,בני אור,50,שכונת ב,31.257692,34.783075
באר שבע,בני אור,13,שכונת ב,31.258263,34.786621
באר שבע,בני אור,38,שכונת ב,31.258401,34.783972
באר שבע,בני אור,28,שכונת ב,31.258823,34.785073
באר שבע,בני אור,8,שכונת ב,31.258651,34.787306
באר שבע,בני אור,7,שכונת ב,31.258197,34.787204
באר שבע,בני אור,9,שכונת ב,31.258218,34.786973
באר שבע,בני אור,24,שכונת ב,31.258857,34.785411
באר שבע,בני אור,14,שכונת ב,31.258786,34.786682
באר שבע,בני אור,52,שכונת ב,31.257718,34.782790
באר שבע,בני אור,20,שכונת ב,31.258872,34.785871
באר שבע,בני אור,10,שכונת ב,31.258753,34.787103
באר שבע,בני אור,6,שכונת ב,31.258394,34.787940
באר שבע,בני אור,33,שכונת ב,31.257886,34.784255
באר שבע,בני אור,16,שכונת ב,31.258651,34.786465
באר שבע,בני אור,11,שכונת ב,31.258241,34.786825
באר שבע,בני אור,40,שכונת ב,31.258202,34.784017
באר שבע,בני אור,29,שכונת ב,31.258112,34.784532
באר שבע,בני אור,5,שכונת ב,31.258192,34.787364
באר שבע,בני אור,17,שכונת ב,31.258372,34.786242
באר שבע,בנימין מטודלה,10,שכונת ד,31.267625,34.801165
באר שבע,בנימין מטודלה,13,שכונת ד,31.268439,34.800994
באר שבע,בנימין מטודלה,11,שכונת ד,31.268372,34.801094
באר שבע,בנימין מטודלה,23,שכונת ד,31.267946,34.801474
באר שבע,בנימין מטודלה,7,שכונת ד,31.268335,34.800870
באר שבע,בנימין מטודלה,25,שכונת ד,31.267614,34.801646
באר שבע,צבי בסקין,3,שכונת ג,31.250907,34.805314
באר שבע,צבי בסקין,6,שכונת ג,31.250859,34.804893
באר שבע,צבי בסקין,5,שכונת ג,31.250696,34.805232
באר שבע,צבי בסקין,2,שכונת ג,31.251217,34.805063
באר שבע,צבי בסקין,1,שכונת ג,31.251129,34.805403
באר שבע,בעלי התוספות,22,שכונת ד,31.271604,34.787046
באר שבע,בעלי התוספות,20,שכונת ד,31.271500,34.787249
באר שבע,בעלי התוספות,28,שכונת ד,31.272192,34.787045
באר שבע,בעלי התוספות,18,שכונת ד,31.271317,34.787207
באר שבע,בעלי התוספות,19,שכונת ד,31.271422,34.786843
באר שבע,בעלי התוספות,13,שכונת ד,31.271164,34.786925
באר שבע,בצלאל,43,שכונת ב,31.255339,34.789795
באר שבע,בצלאל,29,שכונת ב,31.253007,34.788236
באר שבע,בצלאל,28,שכונת ב,31.254314,34.789832
באר שבע,בצלאל,51,שכונת ב,31.255508,34.790659
באר שבע,בצלאל,45,שכונת ב,31.255096,34.789955
באר שבע,בצלאל,16,שכונת ב,31.253481,34.788496
באר שבע,בצלאל,9,שכונת ב,31.252457,34.790351
באר שבע,בצלאל,22,שכונת ב,31.254210,34.789256
באר שבע,בצלאל,37,שכונת ב,31.254942,34.789568
באר שבע,בצלאל,26,שכונת ב,31.254607,34.789788
באר שבע,בצלאל,18,שכונת ב,31.253696,34.788463
באר שבע,בצלאל,30,שכונת ב,31.254738,34.790029
באר שבע,בצלאל,34,שכונת ב,31.255103,34.790585
באר שבע,בצלאל,41,שכונת ב,31.255250,34.789524
באר שבע,בצלאל,36,שכונת ב,31.254885,34.790714
באר שבע,בצלאל,14,שכונת ב,31.253280,34.788563
באר שבע,בצלאל,20,שכונת ב,31.254000,34.788866
באר שבע,בצלאל,12,שכונת ב,31.253013,34.788616
באר שבע,בצלאל,6,שכונת ב,31.253004,34.790080
באר שבע,בצלאל,49,שכונת ב,31.255363,34.790372
באר שבע,בצלאל,8,שכונת ב,31.252979,34.789723
באר שבע,בצלאל,32,שכונת ב,31.254495,34.790160
באר שבע,בצלאל,4,שכונת ב,31.252967,34.790830
באר שבע,בצלאל,3,שכונת ב,31.252665,34.790779
באר שבע,בצלאל,10,שכונת ב,31.252911,34.788930
באר שבע,בצלאל,27,שכונת ב,31.252693,34.788534
באר שבע,בצלאל,17,שכונת ב,31.252453,34.789809
באר שבע,רוברטו בקי,2,שכונת רמות הרכס,31.277978,34.798681
באר שבע,רוברטו בקי,14,שכונת רמות הרכס,31.278620,34.798545
באר שבע,רוברטו בקי,16,שכונת רמות הרכס,31.278863,34.798574
באר שבע,רוברטו בקי,9,שכונת רמות הרכס,31.278112,34.797688
באר שבע,רוברטו בקי,13,שכונת רמות הרכס,31.278337,34.797870
באר שבע,רוברטו בקי,7,שכונת רמות הרכס,31.277974,34.797626
באר שבע,יהושע בר-הלל,6,שכונת רמות,31.269686,34.804806
באר שבע,יהושע בר-הלל,13,שכונת רמות,31.270041,34.804990
באר שבע,יהושע בר-הלל,4,שכונת רמות,31.269591,34.804723
באר שבע,יהושע בר-הלל,17,שכונת רמות,31.270131,34.805162
באר שבע,יהושע בר-הלל,20,שכונת רמות,31.269957,34.805345
באר שבע,יהושע בר-הלל,15,שכונת רמות,31.270090,34.805023
באר שבע,יהושע בר-הלל,7,שכונת רמות,31.269961,34.804680
באר שבע,בר-יוחאי,40,שכונת ד,31.273242,34.794643
באר שבע,בר-יוחאי,50,שכונת ד,31.272962,34.794530
באר שבע,בר-יוחאי,30,שכונת ד,31.273452,34.794557
באר שבע,בר-יוחאי,15,שכונת ד,31.272902,34.795185
באר שבע,בר-יוחאי,20,שכונת ד,31.273160,34.794976
באר שבע,בר-יוחאי,10,שכונת ד,31.273238,34.795546
באר שבע,בר-יוחאי,16,שכונת ד,31.273179,34.795252
באר שבע,בר-יוחאי,6,שכונת ד,31.273297,34.795749
באר שבע,בר-כוכבא,3,שכונת עיר עתיקה,31.243144,34.780610
באר שבע,בר-כוכבא,11,שכונת עיר עתיקה,31.243537,34.780988
באר שבע,בר-כוכבא,12,שכונת עיר עתיקה,31.243461,34.781261
באר שבע,בר-כוכבא,8,שכונת עיר עתיקה,31.243228,34.781044
באר שבע,בר-כוכבא,14,שכונת עיר עתיקה,31.243560,34.781343
באר שבע,בר-כוכבא,13,שכונת עיר עתיקה,31.243651,34.781078
באר שבע,בר-כוכבא,10,שכונת עיר עתיקה,31.243353,34.781148
באר שבע,בר-כוכבא,5,שכונת עיר עתיקה,31.243227,34.780698
באר שבע,בר-כוכבא,7,שכונת עיר עתיקה,31.243353,34.780826
באר שבע,בר-כוכבא,4,שכונת עיר עתיקה,31.243014,34.780846
באר שבע,בר ניסן,35,שכונת נווה זאב,31.240477,34.765879
באר שבע,בר ניסן,24,שכונת נווה זאב,31.239761,34.763623
באר שבע,בר ניסן,28,שכונת נווה זאב,31.240065,34.763996
באר שבע,בר ניסן,26,שכונת נווה זאב,31.239938,34.763755
באר שבע,בר ניסן,17,שכונת נווה זאב,31.240243,34.763380
באר שבע,בר ניסן,19,שכונת נווה זאב,31.240459,34.763634
באר שבע,בר ניסן,37,שכונת נווה זאב,31.240468,34.766261
באר שבע,בר ניסן,4,שכונת נווה זאב,31.237996,34.762902
באר שבע,ברבור,7,שכונת פלח שבע,31.229745,34.770346
באר שבע,ברבור,1,שכונת פלח שבע,31.230210,34.770182
באר שבע,ברבור,14,שכונת פלח שבע,31.229192,34.769900
באר שבע,ברבור,15,שכונת פלח שבע,31.229130,34.770528
באר שבע,ברבור,8,שכונת פלח שבע,31.229675,34.769860
באר שבע,ברבור,12,שכונת פלח שבע,31.229369,34.769896
באר שבע,ברבור,10,שכונת פלח שבע,31.229536,34.769904
באר שבע,ברבור,9,שכונת פלח שבע,31.229614,34.770384
באר שבע,ברבור,11,שכונת פלח שבע,31.229454,34.770429
באר שבע,אנרי ברגסון,20,שכונת רמות,31.271865,34.806985
באר שבע,אנרי ברגסון,9,שכונת רמות,31.271997,34.806389
באר שבע,אנרי ברגסון,16,שכונת רמות,31.271839,34.806794
באר שבע,אנרי ברגסון,4,שכונת רמות,31.271603,34.806291
באר שבע,אנרי ברגסון,13,שכונת רמות,31.272077,34.806538
באר שבע,אנרי ברגסון,8,שכונת רמות,31.271688,34.806454
באר שבע,אנרי ברגסון,11,שכונת רמות,31.271973,34.806490
באר שבע,אבא ברדיצ'ב,18,שכונת נחל בקע,31.226370,34.779383
באר שבע,אבא ברדיצ'ב,17,שכונת נחל בקע,31.226284,34.779126
באר שבע,ברדיצ'בסקי,2,שכונת ו,31.267444,34.772684
באר שבע,ברדיצ'בסקי,14,שכונת ו,31.268115,34.772412
באר שבע,ברדיצ'בסקי,12,שכונת ו,31.268052,34.772434
באר שבע,ברדיצ'בסקי,11,שכונת ו,31.267398,34.772097
באר שבע,ברדיצ'בסקי,31,שכונת ו,31.267631,34.771696
באר שבע,ברדיצ'בסקי,15,שכונת ו,31.267280,34.771924
באר שבע,מקס ברוד,22,שכונת נווה מנחם,31.265868,34.757880
באר שבע,מקס ברוד,5,שכונת נווה מנחם,31.265436,34.758066
באר שבע,מקס ברוד,20,שכונת נווה מנחם,31.265771,34.758015
באר שבע,ברוור אברהם,33,שכונת רמות,31.273421,34.808620
באר שבע,ברוור אברהם,3,שכונת רמות,31.272424,34.809421
באר שבע,ברוור אברהם,91,שכונת רמות,31.275378,34.807004
באר שבע,ברוור אברהם,51,שכונת רמות,31.274035,34.808128
באר שבע,ברוור אברהם,75,שכונת רמות,31.274861,34.807466
באר שבע,אברהם ברוור,61,שכונת רמות,31.274321,34.807890
באר שבע,אברהם ברוור,13,שכונת רמות,31.272752,34.809190
באר שבע,אברהם ברוור,65,שכונת רמות,31.274549,34.807752
באר שבע,ברוור אברהם,105,שכונת רמות,31.275724,34.806539
באר שבע,ברוור אברהם,7,שכונת רמות,31.272550,34.809310
באר שבע,אברהם ברוור,121,שכונת רמות,31.276124,34.805928
באר שבע,אברהם ברוידס,24,שכונת נווה מנחם,31.265898,34.755588
באר שבע,אברהם ברוידס,15,שכונת נווה מנחם,31.265874,34.756334
באר שבע,אברהם ברוידס,9,שכונת נווה מנחם,31.266109,34.756440
באר שבע,אברהם ברוידס,28,שכונת נווה מנחם,31.265974,34.755414
באר שבע,אברהם ברוידס,20,שכונת נווה מנחם,31.265867,34.755891
באר שבע,אברהם ברוידס,14,שכונת נווה מנחם,31.266068,34.756041
באר שבע,אברהם ברוידס,16,שכונת נווה מנחם,31.265998,34.756034
באר שבע,אברהם ברוידס,23,שכונת נווה מנחם,31.265533,34.756084
באר שבע,אברהם ברוידס,27,שכונת נווה מנחם,31.265504,34.755763
באר שבע,ישראל ברזילי,3,שכונת יא,31.259496,34.762181
באר שבע,ישראל ברזילי,16,שכונת יא,31.258877,34.761225
באר שבע,ישראל ברזילי,9,שכונת יא,31.258803,34.761378
באר שבע,ברית כהונה,6,שכונת ו,31.268864,34.780064
באר שבע,ברית כהונה,4,שכונת ו,31.268747,34.779963
באר שבע,חיים בר-לב,14,שכונת ו,31.266387,34.772611
באר שבע,חיים בר-לב,10,שכונת ו,31.265955,34.772835
באר שבע,חיים בר-לב,6,שכונת ו,31.265864,34.773897
באר שבע,בר לב חיים,21,שכונת ו,31.265620,34.772607
באר שבע,חיים בר-לב,2,שכונת ו,31.266236,34.774647
באר שבע,חיים בר-לב,8,שכונת ו,31.265986,34.773255
באר שבע,בר לב חיים,25,שכונת ו,31.265887,34.772298
באר שבע,בר לב חיים,19,שכונת ו,31.265553,34.773049
באר שבע,חיים בר-לב,16,שכונת ו,31.266562,34.772705
באר שבע,חיים בר-לב,31,שכונת ו,31.266816,34.772506
באר שבע,חיים בר-לב,27,שכונת ו,31.266251,34.772087
באר שבע,חיים בר-לב,3,שכונת ו,31.266071,34.775030
באר שבע,בר לב חיים,13,שכונת ו,31.265517,34.773902
באר שבע,בר לב חיים,11,שכונת ו,31.265522,34.774082
באר שבע,בר לב חיים,23,שכונת ו,31.265742,34.772440
באר שבע,חיים בר-לב,29,שכונת ו,31.266572,34.772277
באר שבע,חיים בר-לב,4,שכונת ו,31.265833,34.774402
באר שבע,בר לב חיים,9,שכונת ו,31.265531,34.774384
באר שבע,בר לב חיים,17,שכונת ו,31.265549,34.773255
באר שבע,בר לב חיים,15,שכונת ו,31.265542,34.773452
באר שבע,רוברט ברני,3,שכונת רמות,31.270600,34.808352
באר שבע,רוברט ברני,6,שכונת רמות,31.270648,34.808665
באר שבע,ברנע דב,23,שכונת רמות הרכס,31.285444,34.802923
באר שבע,ברנע דב,25,,31.285209,34.802878
באר שבע,ברנע דב,17,שכונת רמות הרכס,31.285838,34.803156
באר שבע,ברנע דב,27,,31.284943,34.802825
באר שבע,ברנע דב,31,שכונת רמות הרכס,31.284773,34.802547
באר שבע,ברנע דב,1,שכונת רמות הרכס,31.286246,34.802740
באר שבע,ברנע דב,19,שכונת רמות הרכס,31.285880,34.802947
באר שבע,ברנע דב,3,שכונת רמות הרכס,31.286372,34.802876
באר שבע,ברנע דב,15,שכונת רמות הרכס,31.286019,34.803204
באר שבע,ברנע דב,29,שכונת רמות הרכס,31.284720,34.802790
באר שבע,ברנע דב,13,שכונת רמות הרכס,31.286181,34.803257
באר שבע,ברנע דב,7,שכונת רמות הרכס,31.286565,34.803239
באר שבע,ברנע דב,39,,31.285411,34.802697
באר שבע,ברנע דב,37,,31.285236,34.802514
באר שבע,ברנע דב,33,,31.284913,34.802313
באר שבע,ברנע דב,5,שכונת רמות הרכס,31.286513,34.803010
באר שבע,שמעון ברנפלד,23,שכונת ד,31.270488,34.799944
באר שבע,ברנפלד שמעון,9,שכונת ד,31.269978,34.798736
באר שבע,שמעון ברנפלד,6,שכונת ד,31.270252,34.800165
באר שבע,ברנפלד שמעון,5,שכונת ד,31.269980,34.798876
באר שבע,ברנפלד שמעון,1,שכונת ד,31.269984,34.799003
באר שבע,שמעון ברנפלד,4,שכונת ד,31.269953,34.799982
באר שבע,ברנפלד שמעון,7,שכונת ד,31.270017,34.798804
באר שבע,שמעון ברנפלד,2,שכונת ד,31.270104,34.799653
באר שבע,ברנפלד שמעון,3,שכונת ד,31.270007,34.798941
באר שבע,שמעון ברנפלד,13,שכונת ד,31.270439,34.799014
באר שבע,שמעון ברנפלד,11,שכונת ד,31.270298,34.798859
באר שבע,ברנר,3,שכונת א,31.248872,34.793231
באר שבע,ברנר,7,שכונת א,31.249093,34.793198
באר שבע,ברנר,4,שכונת א,31.248772,34.793682
באר שבע,ברנר,11,שכונת א,31.249288,34.793460
באר שבע,ברנר,13,שכונת א,31.249353,34.793253
באר שבע,ברנר,5,שכונת א,31.249002,34.793544
באר שבע,ברנר,9,שכונת א,31.249234,34.793692
באר שבע,ברנר,6,שכונת א,31.249010,34.793809
באר שבע,ברק,1,שכונת עיר עתיקה,31.241136,34.781703
באר שבע,ברק,20,שכונת עיר עתיקה,31.241874,34.781082
באר שבע,ברק,3,שכונת עיר עתיקה,31.241210,34.781590
באר שבע,ברק,15,שכונת עיר עתיקה,31.241711,34.780844
באר שבע,ברק,23,שכונת עיר עתיקה,31.242116,34.780209
באר שבע,ברק,16,שכונת עיר עתיקה,31.241763,34.781249
באר שבע,ברק,13,שכונת עיר עתיקה,31.241645,34.780960
באר שבע,ברק,46,שכונת עיר עתיקה,31.242730,34.779798
באר שבע,ברק,40,שכונת עיר עתיקה,31.242575,34.780070
באר שבע,ברק,36,שכונת עיר עתיקה,31.242399,34.780216
באר שבע,ברק,9,שכונת עיר עתיקה,31.241477,34.781194
באר שבע,ברק,28,שכונת עיר עתיקה,31.242184,34.780601
באר שבע,ברק,42,שכונת עיר עתיקה,31.242583,34.779946
באר שבע,ברק,14,שכונת עיר עתיקה,31.241670,34.781348
באר שבע,ברק,21,שכונת עיר עתיקה,31.242050,34.780368
באר שבע,ברק,29,שכונת עיר עתיקה,31.242395,34.779836
באר שבע,ברק,2,שכונת עיר עתיקה,31.241363,34.781773
באר שבע,ברק,24,שכונת עיר עתיקה,31.242013,34.780894
באר שבע,אשר ברש,8,שכונת נווה זאב,31.240115,34.776662
באר שבע,ברש אשר,1,שכונת נווה זאב,31.239677,34.777991
באר שבע,אשר ברש,6,שכונת נווה זאב,31.239897,34.777299
באר שבע,אשר ברש,2,שכונת נווה זאב,31.239940,34.777750
באר שבע,אשר ברש,3,שכונת נווה זאב,31.239581,34.777565
באר שבע,גבולות,10,שכונת ט,31.244444,34.771723
באר שבע,גבולות,5,שכונת ט,31.244303,34.771399
באר שבע,גבולות,7,שכונת ט,31.244341,34.771471
באר שבע,גבולות,14,שכונת ט,31.244629,34.771718
באר שבע,גבולות,6,שכונת ט,31.244293,34.771771
באר שבע,גבעון,14,שכונת ט,31.244968,34.775457
באר שבע,גבעון,17,שכונת ט,31.245313,34.775706
באר שבע,גבעון,5,שכונת ט,31.245810,34.774683
באר שבע,גבעון,18,שכונת ט,31.244792,34.775426
באר שבע,גבעון,29,שכונת ט,31.244338,34.775662
באר שבע,גבעון,15,שכונת ט,31.245442,34.775643
באר שבע,גבעון,24,שכונת ט,31.244411,34.775478
באר שבע,גבעון,25,שכונת ט,31.244982,34.775645
באר שבע,גבעון,31,שכונת ט,31.244253,34.775548
באר שבע,גבעון,4,שכונת ט,31.245495,34.775332
באר שבע,גבעון,3,שכונת ט,31.245778,34.774563
באר שבע,גבעון,1,שכונת ט,31.245811,34.774484
באר שבע,גבעון,6,שכונת ט,31.245395,34.775441
באר שבע,גבעתי,3,שכונת ג,31.256798,34.806984
באר שבע,גבעתי,1,שכונת ג,31.256708,34.806784
באר שבע,גבעתי,8,שכונת ג,31.256695,34.807652
באר שבע,גבעתי,4,שכונת ג,31.256573,34.807192
באר שבע,גבעתי,7,שכונת ג,31.256844,34.807567
באר שבע,חיים גבריהו,8,שכונת רמות,31.276524,34.804682
באר שבע,חיים גבריהו,2,שכונת רמות,31.275791,34.805015
באר שבע,חיים גבריהו,6,שכונת רמות,31.276330,34.804674
באר שבע,חיים גבריהו,11,שכונת רמות,31.276616,34.804276
באר שבע,חיים גבריהו,3,שכונת רמות,31.275646,34.804614
באר שבע,חיים גבריהו,5,שכונת רמות,31.275829,34.804421
באר שבע,חיים גבריהו,4,שכונת רמות,31.275939,34.804855
באר שבע,חיים גבריהו,1,שכונת רמות,31.275470,34.804779
באר שבע,חיים גבריהו,9,שכונת רמות,31.276386,34.804267
באר שבע,חיים גבריהו,7,שכונת רמות,31.276138,34.804280
באר שבע,נחום גוטמן,2,שכונת נווה זאב,31.238327,34.779630
באר שבע,נחום גוטמן,11,שכונת נווה זאב,31.238975,34.778905
באר שבע,נחום גוטמן,20,שכונת נווה זאב,31.239126,34.779624
באר שבע,גוטמן נחום,17,שכונת נווה זאב,31.239752,34.779343
באר שבע,נחום גוטמן,1,שכונת נווה זאב,31.238035,34.779463
באר שבע,נחום גוטמן,18,שכונת נווה זאב,31.239093,34.779796
באר שבע,נחום גוטמן,4,שכונת נווה זאב,31.238378,34.779465
באר שבע,גוטמן נחום,19,שכונת נווה זאב,31.239740,34.779480
באר שבע,גוטמן נחום,15,שכונת נווה זאב,31.239770,34.779193
באר שבע,נחום גוטמן,9,שכונת נווה זאב,31.238448,34.778714
באר שבע,נחום גוטמן,13,שכונת נווה זאב,31.239550,34.778963
באר שבע,דוד גויטיין,17,שכונת ו,31.269908,34.775934
באר שבע,דוד גויטיין,22,שכונת ו,31.270236,34.776168
באר שבע,דוד גויטיין,15,שכונת ו,31.269840,34.775967
באר שבע,דוד גויטיין,4,שכונת ו,31.269296,34.776660
באר שבע,לאה גולדברג,23,שכונת ב,31.253424,34.794524
באר שבע,לאה גולדברג,17,שכונת ב,31.253281,34.794429
באר שבע,לאה גולדברג,10,שכונת ב,31.253013,34.793857
באר שבע,לאה גולדברג,11,שכונת ב,31.253187,34.793853
באר שבע,לאה גולדברג,14,שכונת ב,31.253016,34.794033
באר שבע,לאה גולדברג,8,שכונת ב,31.253017,34.793659
באר שבע,נחום גולדמן,39,שכונת רמות הרכס,31.280355,34.802442
באר שבע,נחום גולדמן,31,שכונת רמות הרכס,31.279690,34.802436
באר שבע,נחום גולדמן,33,שכונת רמות הרכס,31.279816,34.802349
באר שבע,נחום גולדמן,21,שכונת רמות הרכס,31.279090,34.802643
באר שבע,נחום גולדמן,47,שכונת רמות הרכס,31.280953,34.802780
באר שבע,נחום גולדמן,7,שכונת רמות הרכס,31.278186,34.802645
באר שבע,נחום גולדמן,11,שכונת רמות הרכס,31.278492,34.802784
באר שבע,נחום גולדמן,5,שכונת רמות הרכס,31.277989,34.802660
באר שבע,נחום גולדמן,1,שכונת רמות הרכס,31.277835,34.803158
באר שבע,נחום גולדמן,3,שכונת רמות הרכס,31.277822,34.802817
באר שבע,נחום גולדמן,15,,31.278636,34.802851
באר שבע,נחום גולדמן,13,שכונת רמות הרכס,31.278595,34.802598
באר שבע,פרץ גולדשטיין,14,שכונת נחל בקע,31.226437,34.779991
באר שבע,פרץ גולדשטיין,9,שכונת נחל בקע,31.226069,34.779826
באר שבע,פרץ גולדשטיין,6,שכונת נחל בקע,31.225956,34.780166
באר שבע,פרץ גולדשטיין,17,שכונת נחל בקע,31.226413,34.779723
באר שבע,גולומב,28,שכונת ג,31.255079,34.803496
באר שבע,גולומב,45,שכונת ג,31.256101,34.804005
באר שבע,גולומב,59,שכונת ג,31.257622,34.804372
באר שבע,גולומב,24,שכונת ג,31.254956,34.803017
באר שבע,גולומב,61,שכונת ג,31.257732,34.804599
באר שבע,גולומב,7,שכונת ג,31.253159,34.801759
באר שבע,גולומב,22,שכונת ג,31.254857,34.802757
באר שבע,גולומב,37,שכונת ג,31.255116,34.802632
באר שבע,גולומב,46,שכונת ג,31.257416,34.804511
באר שבע,גולומב,19,שכונת ג,31.253989,34.801178
באר שבע,גולומב,14,שכונת ג,31.254383,34.801934
באר שבע,גולומב,30,שכונת ג,31.255199,34.803678
באר שבע,גולומב,31,שכונת ג,31.254778,34.801752
באר שבע,גולומב,18,שכונת ג,31.254730,34.802300
באר שבע,גולומב,16,שכונת ג,31.254553,34.802100
באר שבע,גולומב,20,שכונת ג,31.254815,34.802540
באר שבע,גולומב,67,שכונת ג,31.257756,34.805290
באר שבע,גולומב,10,שכונת ג,31.253960,34.801856
באר שבע,גולומב,29,שכונת ג,31.254816,34.801982
באר שבע,גולומב,35,שכונת ג,31.255059,34.802155
באר שבע,גולומב,11,שכונת ג,31.253428,34.801491
באר שבע,גולומב,9,שכונת ג,31.253442,34.801775
באר שבע,גולומב,6,שכונת ג,31.253448,34.802273
באר שבע,גולומב,26,שכונת ג,31.255011,34.803240
באר שבע,גולומב,21,שכונת ג,31.254301,34.801416
באר שבע,גולומב,47,שכונת ג,31.256347,34.804014
באר שבע,גולומב,48,שכונת ג,31.257538,34.804753
באר שבע,גולומב,63,שכונת ג,31.257719,34.804754
באר שבע,גולומב,12,שכונת ג,31.254219,34.801845
באר שבע,גולומב,27,שכונת ג,31.254544,34.801451
באר שבע,גולומב,5,שכונת ג,31.253165,34.802044
באר שבע,גולני,4,שכונת ג,31.257255,34.807061
באר שבע,גולני,6,שכונת ג,31.257240,34.807326
באר שבע,גולני,1,שכונת ג,31.257532,34.806798
באר שבע,גומא,5,שכונת נווה נוי,31.231409,34.785588
באר שבע,גומא,10,שכונת נווה נוי,31.231389,34.785926
באר שבע,גומא,2,שכונת נווה נוי,31.231043,34.785878
באר שבע,גומא,17,שכונת נווה נוי,31.231971,34.785703
באר שבע,גומא,32,שכונת נווה נוי,31.232342,34.786165
באר שבע,גומא,22,שכונת נווה נוי,31.231926,34.786039
באר שבע,יהודה גור,3,שכונת נווה זאב,31.240970,34.775282
באר שבע,יהודה גור,2,שכונת נווה זאב,31.240913,34.775793
באר שבע,"א""ד גורדון",3,שכונת א,31.247944,34.795128
באר שבע,"א""ד גורדון",10,שכונת א,31.247735,34.795972
באר שבע,"א""ד גורדון",6,שכונת א,31.247675,34.795680
באר שבע,"א""ד גורדון",4,שכונת א,31.247834,34.795422
באר שבע,"א""ד גורדון",5,שכונת א,31.248048,34.794880
באר שבע,"א""ד גורדון",15,שכונת א,31.248292,34.795444
באר שבע,"א""ד גורדון",13,שכונת א,31.248401,34.795171
באר שבע,"א""ד גורדון",8,שכונת א,31.247552,34.795919
באר שבע,גוש עציון,31,שכונת ג,31.255325,34.807289
באר שבע,גוש עציון,37,שכונת ג,31.255855,34.806857
באר שבע,גוש עציון,65,שכונת ג,31.258776,34.808069
באר שבע,גוש עציון,63,שכונת ג,31.258814,34.807873
באר שבע,גוש עציון,23,שכונת ג,31.254480,34.807514
באר שבע,גוש עציון,45,שכונת ג,31.256931,34.806444
באר שבע,גוש עציון,6,שכונת ג,31.254377,34.809320
באר שבע,גוש עציון,40,שכונת ג,31.258581,34.807772
באר שבע,גוש עציון,60,שכונת ג,31.258396,34.809577
באר שבע,גוש עציון,73,שכונת ג,31.258713,34.808870
באר שבע,גוש עציון,1,שכונת ג,31.254013,34.809611
באר שבע,גוש עציון,10,שכונת ג,31.254242,34.808818
באר שבע,גוש עציון,97,שכונת ג,31.258548,34.810513
באר שבע,גוש עציון,9,שכונת ג,31.253800,34.808839
באר שבע,גוש עציון,56,שכונת ג,31.258382,34.809283
באר שבע,גוש עציון,48,שכונת ג,31.258368,34.808801
באר שבע,גוש עציון,77,שכונת ג,31.258726,34.809260
באר שבע,גוש עציון,69,שכונת ג,31.258710,34.808639
באר שבע,גוש עציון,54,שכונת ג,31.258342,34.809135
באר שבע,גוש עציון,52,שכונת ג,31.258377,34.809015
באר שבע,גוש עציון,29,שכונת ג,31.255177,34.807338
באר שבע,גוש עציון,50,שכונת ג,31.258324,34.808907
באר שבע,גוש עציון,16,שכונת ג,31.254491,34.807923
באר שבע,גוש עציון,71,שכונת ג,31.258733,34.808770
באר שבע,גוש עציון,12,שכונת ג,31.254592,34.808309
באר שבע,גוש עציון,46,שכונת ג,31.258323,34.808681
באר שבע,גוש עציון,7,שכונת ג,31.253915,34.809011
באר שבע,גוש עציון,75,שכונת ג,31.258736,34.808973
באר שבע,גוש עציון,25,שכונת ג,31.254730,34.807442
באר שבע,גוש עציון,58,שכונת ג,31.258342,34.809427
באר שבע,גוש עציון,51,שכונת ג,31.258046,34.806657
באר שבע,גוש עציון,38,שכונת ג,31.258575,34.807467
באר שבע,גוש עציון,15,שכונת ג,31.253954,34.808291
באר שבע,גוש עציון,21,שכונת ג,31.254289,34.807666
באר שבע,גוש עציון,19,שכונת ג,31.254141,34.807781
באר שבע,גוש עציון,27,שכונת ג,31.254955,34.807403
באר שבע,גוש עציון,5,שכונת ג,31.253891,34.809224
באר שבע,גוש עציון,57,שכונת ג,31.258647,34.807111
באר שבע,גוש עציון,53,שכונת ג,31.258294,34.806806
באר שבע,גיבור דניס,12,שכונת ו,31.267307,34.770316
באר שבע,גיבור דניס,3,שכונת ו,31.266751,34.770410
באר שבע,גיבור דניס,1,שכונת ו,31.266726,34.770472
באר שבע,גיבור דניס,5,שכונת ו,31.266822,34.770356
באר שבע,גיבור דניס,7,שכונת ו,31.266894,34.770284
באר שבע,חנוך גיבתון,7,שכונת נחל בקע,31.223214,34.777793
באר שבע,חנוך גיבתון,11,שכונת נחל בקע,31.223321,34.777640
באר שבע,חנוך גיבתון,9,שכונת נחל בקע,31.223298,34.777732
באר שבע,חנוך גיבתון,16,שכונת נחל בקע,31.223646,34.777693
באר שבע,חנוך גיבתון,52,שכונת נחל בקע,31.225041,34.775809
באר שבע,חנוך גיבתון,50,שכונת נחל בקע,31.224985,34.775939
באר שבע,חנוך גיבתון,56,שכונת נחל בקע,31.225162,34.775625
באר שבע,חנוך גיבתון,26,שכונת נחל בקע,31.224001,34.777282
באר שבע,חנוך גיבתון,20,שכונת נחל בקע,31.223782,34.777541
באר שבע,חנוך גיבתון,14,שכונת נחל בקע,31.223571,34.777702
באר שבע,חנוך גיבתון,22,שכונת נחל בקע,31.223833,34.777393
באר שבע,חנוך גיבתון,30,שכונת נחל בקע,31.224074,34.777077
באר שבע,דוד גינצבורג,9,שכונת רמות,31.274188,34.806610
באר שבע,דוד גינצבורג,13,שכונת רמות,31.274308,34.806493
באר שבע,דוד גינצבורג,20,שכונת רמות,31.274636,34.806672
באר שבע,דוד גינצבורג,11,שכונת רמות,31.274256,34.806564
באר שבע,דוד גינצבורג,4,שכונת רמות,31.274113,34.807114
באר שבע,גירית,57,שכונת ה,31.250556,34.778045
באר שבע,גירית,44,שכונת ה,31.250555,34.778356
באר שבע,גירית,38,שכונת ה,31.250404,34.778572
באר שבע,יוסף גלזמן,3,שכונת נחל בקע,31.224275,34.779063
באר שבע,יוסף גלזמן,7,שכונת נחל בקע,31.224442,34.779028
באר שבע,ישראל גלילי,5,שכונת רמות הרכס,31.282767,34.803342
באר שבע,ישראל גלילי,3,שכונת רמות הרכס,31.282500,34.803441
באר שבע,ישראל גלילי,9,שכונת רמות הרכס,31.283159,34.803576
באר שבע,ישראל גלילי,22,שכונת רמות הרכס,31.284958,34.804169
באר שבע,ישראל גלילי,20,שכונת רמות הרכס,31.284719,34.804204
באר שבע,ישראל גלילי,24,שכונת רמות הרכס,31.284890,34.804454
באר שבע,ישראל גלילי,27,שכונת רמות הרכס,31.284703,34.803874
באר שבע,ישראל גלילי,33,שכונת רמות הרכס,31.285408,34.803677
באר שבע,ישראל גלילי,31,שכונת רמות הרכס,31.285121,34.803851
באר שבע,ישראל גלילי,28,שכונת רמות הרכס,31.285520,34.804371
באר שבע,ישראל גלילי,1,שכונת רמות הרכס,31.282492,34.803223
באר שבע,ישראל גלילי,26,שכונת רמות הרכס,31.285491,34.804518
באר שבע,ישראל גלילי,35,שכונת רמות הרכס,31.285525,34.804004
באר שבע,ישראל גלילי,30,שכונת רמות הרכס,31.285464,34.804243
באר שבע,ישראל גלילי,32,שכונת רמות הרכס,31.285338,34.804226
באר שבע,ישראל גלילי,19,,31.283906,34.803684
באר שבע,ישראל גלילי,11,,31.283204,34.803370
באר שבע,ישראל גלילי,17,,31.283754,34.803614
באר שבע,ישראל גלילי,14,שכונת רמות הרכס,31.283691,34.804055
באר שבע,ישראל גלילי,12,שכונת רמות הרכס,31.283485,34.804036
באר שבע,מיכאל הנגבי,3,,31.283732,34.804359
באר שבע,גלנטי,2,שכונת ו,31.266580,34.778900
באר שבע,גלעד,10,שכונת ד,31.268250,34.794272
באר שבע,גלעד,37,שכונת ד,31.268879,34.794297
באר שבע,גלעד,46,שכונת ד,31.269796,34.795096
באר שבע,גלעד,48,שכונת ד,31.269950,34.795157
באר שבע,גלעד,43,שכונת ד,31.269606,34.794688
באר שבע,גלעד,1,שכונת ד,31.267694,34.793576
באר שבע,גלעד,42,שכונת ד,31.269460,34.794883
באר שבע,גלעד,44,שכונת ד,31.269608,34.794970
באר שבע,גלעד,4,שכונת ד,31.267887,34.793975
באר שבע,גלעד,34,שכונת ד,31.269098,34.794684
באר שבע,גלעד,14,שכונת ד,31.268590,34.794315
באר שבע,גלעד,39,שכונת ד,31.269018,34.794371
באר שבע,גלעד,8,שכונת ד,31.268152,34.794227
באר שבע,גלעד,6,שכונת ד,31.268027,34.794155
באר שבע,גלעד,12,שכונת ד,31.268368,34.794320
באר שבע,גלעד,33,שכונת ד,31.268545,34.794120
באר שבע,גלעד,17,שכונת ד,31.268058,34.793725
באר שבע,גלעד,40,שכונת ד,31.269210,34.794685
באר שבע,גמל,15,שכונת ה,31.248867,34.779305
באר שבע,גמל,25,שכונת ה,31.248012,34.778355
באר שבע,מאיר גרוסמן,5,שכונת נווה זאב,31.234618,34.767047
באר שבע,מאיר גרוסמן,27,שכונת נווה זאב,31.237283,34.767422
באר שבע,מאיר גרוסמן,4,שכונת נווה זאב,31.234790,34.767420
באר שבע,מאיר גרוסמן,23,שכונת נווה זאב,31.236585,34.766967
באר שבע,מאיר גרוסמן,12,שכונת נווה זאב,31.235894,34.767350
באר שבע,מאיר גרוסמן,14,שכונת נווה זאב,31.236284,34.767492
באר שבע,מאיר גרוסמן,15,שכונת נווה זאב,31.236037,34.766756
באר שבע,מאיר גרוסמן,26,שכונת נווה זאב,31.237337,34.768322
באר שבע,מאיר גרוסמן,6,שכונת נווה זאב,31.235364,34.767258
באר שבע,מאיר גרוסמן,17,שכונת נווה זאב,31.236317,34.766550
באר שבע,מאיר גרוסמן,33,שכונת נווה זאב,31.237859,34.767504
באר שבע,מאיר גרוסמן,21,שכונת נווה זאב,31.236616,34.766678
באר שבע,מאיר גרוסמן,19,שכונת נווה זאב,31.236186,34.767075
באר שבע,מאיר גרוסמן,16,שכונת נווה זאב,31.236039,34.768016
באר שבע,מאיר גרוסמן,10,שכונת נווה זאב,31.235681,34.767903
באר שבע,מאיר גרוסמן,7,שכונת נווה זאב,31.235408,34.766758
באר שבע,יצחק גרינבוים,1,שכונת יא,31.261243,34.765555
באר שבע,יצחק גרינבוים,7,שכונת יא,31.261497,34.765151
באר שבע,יצחק גרינבוים,10,שכונת יא,31.261615,34.765211
באר שבע,יצחק גרינבוים,12,שכונת יא,31.261685,34.765117
באר שבע,חיים,12,שכונת רמות הרכס,31.281291,34.800065
באר שבע,חיים,14,שכונת רמות הרכס,31.281420,34.800061
באר שבע,חיים,15,שכונת רמות הרכס,31.282736,34.800413
באר שבע,חיים,10,שכונת רמות הרכס,31.281260,34.800223
באר שבע,חיים,13,שכונת רמות הרכס,31.282593,34.800271
באר שבע,חיים,6,שכונת רמות הרכס,31.280855,34.800680
באר שבע,חיים,2,שכונת רמות הרכס,31.280401,34.800963
באר שבע,חיים,17,שכונת רמות הרכס,31.282616,34.800622
באר שבע,גרינפלד,4,שכונת רמות הרכס,31.280524,34.800880
באר שבע,חיים,19,שכונת רמות הרכס,31.282470,34.800464
באר שבע,הערים התאומות,26,שכונת רמות הרכס,31.282114,34.799324
באר שבע,חיים,4,שכונת רמות הרכס,31.280524,34.800880
באר שבע,גרינשפן הרשל,24,שכונת נווה מנחם,31.268381,34.757595
באר שבע,גרינשפן הרשל,22,שכונת נווה מנחם,31.268622,34.757907
באר שבע,גרץ,5,שכונת ב,31.257016,34.794235
באר שבע,גרץ,7,שכונת ב,31.256815,34.794133
באר שבע,גרץ,3,שכונת ד,31.257245,34.794207
באר שבע,גרשום שלום,37,שכונת רמות,31.271069,34.805821
באר שבע,גרשום שלום,5,שכונת רמות,31.270404,34.804345
באר שבע,גרשום שלום,19,שכונת רמות,31.270635,34.804903
באר שבע,גרשום שלום,12,שכונת רמות,31.270304,34.804870
באר שבע,גרשום שלום,35,שכונת רמות,31.271038,34.805683
באר שבע,גרשום שלום,15,שכונת רמות,31.270567,34.804731
באר שבע,גת,4,שכונת נאות לון,31.246292,34.767936
באר שבע,גת,2,שכונת נאות לון,31.245874,34.767804
באר שבע,גת,11,שכונת נאות לון,31.246488,34.767216
באר שבע,"ד""ר טיכו",29,שכונת נווה מנחם,31.261686,34.757234
באר שבע,"ד""ר טיכו",10,שכונת נווה מנחם,31.260764,34.758229
באר שבע,"ד""ר טיכו",3,שכונת נווה מנחם,31.260496,34.757869
באר שבע,"ד""ר טיכו",30,שכונת נווה מנחם,31.261599,34.757847
באר שבע,"ד""ר טיכו",54,שכונת נווה מנחם,31.261968,34.756600
באר שבע,"ד""ר טיכו",58,שכונת נווה מנחם,31.261926,34.756380
באר שבע,"ד""ר טיכו",34,שכונת נווה מנחם,31.261745,34.757664
באר שבע,"ד""ר טיכו",25,שכונת נווה מנחם,31.261591,34.757445
באר שבע,"ד""ר טיכו",70,שכונת נווה מנחם,31.261590,34.755754
באר שבע,"ד""ר טיכו",42,שכונת נווה מנחם,31.261916,34.757278
באר שבע,"ד""ר טיכו",22,שכונת נווה מנחם,31.261306,34.758090
באר שבע,"ד""ר טיכו",18,שכונת נווה מנחם,31.261116,34.758177
באר שבע,"ד""ר טיכו",21,שכונת נווה מנחם,31.261378,34.757730
באר שבע,"ד""ר טיכו",38,שכונת נווה מנחם,31.261852,34.757477
באר שבע,"ד""ר טיכו",35,שכונת נווה מנחם,31.261687,34.756946
באר שבע,"ד""ר טיכו",1,שכונת נווה מנחם,31.260418,34.757902
באר שבע,"ד""ר טיכו",31,שכונת נווה מנחם,31.261661,34.757154
באר שבע,"ד""ר טיכו",33,שכונת נווה מנחם,31.261740,34.757011
באר שבע,"ד""ר טיכו",46,שכונת נווה מנחם,31.261964,34.757077
באר שבע,"ד""ר טיכו",27,שכונת נווה מנחם,31.261574,34.757370
באר שבע,"ד""ר טיכו",15,שכונת נווה מנחם,31.261067,34.757868
באר שבע,דב יוסף,23,שכונת יא,31.255258,34.763718
באר שבע,דב יוסף,2,שכונת יא,31.256153,34.765098
באר שבע,דב יוסף,33,שכונת יא,31.255873,34.762831
באר שבע,דב יוסף,10,שכונת יא,31.255716,34.764183
באר שבע,דב יוסף,20,שכונת יא,31.256067,34.763487
באר שבע,דב יוסף,22,שכונת יא,31.256211,34.763388
באר שבע,דב יוסף,41,שכונת יא,31.256276,34.762923
באר שבע,דב יוסף,9,שכונת יא,31.255433,34.765321
באר שבע,דב יוסף,4,שכונת יא,31.255935,34.765104
באר שבע,דב יוסף,6,שכונת יא,31.255753,34.764701
באר שבע,דב יוסף,19,שכונת יא,31.255219,34.764204
באר שבע,דב יוסף,39,שכונת יא,31.256223,34.762737
באר שבע,דב יוסף,14,שכונת יא,31.255691,34.763877
באר שבע,דב יוסף,5,שכונת יא,31.255672,34.765455
באר שבע,דב יוסף,11,שכונת יא,31.255392,34.765057
באר שבע,דב יוסף,35,שכונת יא,31.255935,34.763024
באר שבע,דב יוסף,13,שכונת יא,31.255325,34.764846
באר שבע,דב יוסף,21,שכונת יא,31.255258,34.763931
באר שבע,דב יוסף,29,שכונת יא,31.255516,34.763082
באר שבע,דב יוסף,16,שכונת יא,31.255670,34.763625
באר שבע,דב יוסף,15,שכונת יא,31.255278,34.764674
באר שבע,דב יוסף,25,שכונת יא,31.255313,34.763437
באר שבע,דב יוסף,3,שכונת יא,31.256016,34.765563
באר שבע,דב יוסף,7,שכונת יא,31.255551,34.765441
באר שבע,דב יוסף,8,שכונת יא,31.255721,34.764438
באר שבע,דב יוסף,37,שכונת יא,31.256066,34.762636
באר שבע,דב יוסף,1,שכונת יא,31.256181,34.765500
באר שבע,דב יוסף,27,שכונת יא,31.255400,34.763275
באר שבע,דב יוסף,17,שכונת יא,31.255240,34.764396
באר שבע,דבורה,12,שכונת עיר עתיקה,31.243480,34.780424
באר שבע,דבורה,14,שכונת עיר עתיקה,31.243589,34.780528
באר שבע,דבורה,8,שכונת עיר עתיקה,31.243334,34.780298
באר שבע,דבורה,16,שכונת עיר עתיקה,31.243688,34.780649
באר שבע,דביר,18,שכונת נווה מנחם,31.263965,34.762261
באר שבע,דביר,2,שכונת נווה מנחם,31.264438,34.762854
באר שבע,דביר,8,שכונת נווה מנחם,31.264329,34.762616
באר שבע,דה-בוטון,8,שכונת נאות לון,31.252728,34.760625
באר שבע,עמוס דה-שליט,40,שכונת רמות,31.273214,34.806972
באר שבע,עמוס דה-שליט,2,שכונת רמות,31.271394,34.808129
באר שבע,עמוס דה-שליט,21,שכונת רמות,31.272314,34.807362
באר שבע,עמוס דה-שליט,49,שכונת רמות,31.273361,34.806510
באר שבע,עמוס דה-שליט,18,שכונת רמות,31.272142,34.807827
באר שבע,עמוס דה-שליט,31,שכונת רמות,31.272621,34.807074
באר שבע,עמוס דה-שליט,39,שכונת רמות,31.273008,34.806818
באר שבע,עמוס דה-שליט,26,שכונת רמות,31.272501,34.807610
באר שבע,עמוס דה-שליט,13,שכונת רמות,31.272027,34.807554
באר שבע,עמוס דה-שליט,11,שכונת רמות,31.271726,34.807750
באר שבע,עמוס דה-שליט,16,שכונת רמות,31.271892,34.807944
באר שבע,עמוס דה-שליט,34,שכונת רמות,31.272746,34.807338
באר שבע,עמוס דה-שליט,30,שכונת רמות,31.272629,34.807463
באר שבע,דובדבן,32,שכונת רמות הרכס,31.287195,34.798886
באר שבע,דובדבן,37,שכונת רמות הרכס,31.287001,34.799924
באר שבע,דובדבן,45,שכונת רמות הרכס,31.286950,34.799457
באר שבע,דובדבן,57,שכונת רמות הרכס,31.286877,34.798746
באר שבע,דובדבן,41,שכונת רמות הרכס,31.286973,34.799710
באר שבע,דובדבן,59,שכונת רמות הרכס,31.286880,34.798654
באר שבע,דובדבן,43,שכונת רמות הרכס,31.286965,34.799599
באר שבע,דובנוב,8,שכונת ב,31.256735,34.793463
באר שבע,דובנוב,4,שכונת ב,31.257230,34.793430
באר שבע,דובנוב,3,שכונת ב,31.257209,34.793611
באר שבע,דוד אלעזר,19,שכונת ו,31.266912,34.775110
באר שבע,דוד אלעזר,25,שכונת ו,31.267139,34.774462
באר שבע,דוד אלעזר,31,שכונת ו,31.267442,34.773899
באר שבע,דוד אלעזר,18,שכונת ו,31.267240,34.776051
באר שבע,דוד אלעזר,16,שכונת ו,31.267231,34.776314
באר שבע,דוד אלעזר,20,שכונת ו,31.267361,34.775726
באר שבע,דוד אלעזר,33,שכונת ו,31.267367,34.773707
באר שבע,דוד אלעזר,6,שכונת ו,31.266530,34.778154
באר שבע,דוד אלעזר,29,שכונת ו,31.267395,34.774147
באר שבע,דוד אלעזר,4,שכונת ו,31.266591,34.778388
באר שבע,דוד אלעזר,22,שכונת ו,31.267232,34.775531
באר שבע,דוד אלעזר,15,שכונת ו,31.266850,34.775639
באר שבע,דוד אלעזר,10,שכונת ו,31.266807,34.777966
באר שבע,דוד אלעזר,14,שכונת ו,31.267013,34.777392
באר שבע,דוד אלעזר,8,שכונת ו,31.266622,34.777969
באר שבע,דוד אלעזר,12,שכונת ו,31.267067,34.777632
באר שבע,דוד המלך,31,שכונת ד,31.263979,34.790271
באר שבע,דוד המלך,39,שכונת ד,31.263976,34.789760
באר שבע,דוד המלך,2,שכונת ד,31.264311,34.792945
באר שבע,דוד המלך,37,שכונת ד,31.263950,34.789882
באר שבע,דוד המלך,21,שכונת ד,31.263908,34.791481
באר שבע,דוד המלך,27,שכונת ד,31.263931,34.790676
באר שבע,דוד המלך,29,שכונת ד,31.263935,34.790520
באר שבע,דוד המלך,33,שכונת ד,31.263951,34.790168
באר שבע,דוד המלך,35,שכונת ד,31.263977,34.790020
באר שבע,דוד המלך,23,שכונת ד,31.263928,34.791018
באר שבע,דוד המלך,25,שכונת ד,31.263934,34.790850
באר שבע,דוד הראובני,13,שכונת נווה מנחם,31.264349,34.765048
באר שבע,דוד הראובני,20,שכונת נווה מנחם,31.264198,34.764453
באר שבע,דוד הראובני,24,שכונת נווה מנחם,31.264073,34.764299
באר שבע,דוד הראובני,9,שכונת נווה מנחם,31.264793,34.765062
באר שבע,דוד הראובני,23,שכונת נווה מנחם,31.263182,34.764097
באר שבע,דוד הראובני,30,שכונת נווה מנחם,31.263815,34.764096
באר שבע,דוד הראובני,5,שכונת נווה מנחם,31.264974,34.764613
באר שבע,דוד הראובני,14,שכונת נווה מנחם,31.264590,34.764556
באר שבע,דוד הראובני,19,שכונת נווה מנחם,31.263661,34.764428
באר שבע,דוד הראובני,52,שכונת נווה מנחם,31.263899,34.762212
באר שבע,דוד הראובני,2,שכונת נווה מנחם,31.264993,34.764032
באר שבע,דוד הראובני,21,שכונת נווה מנחם,31.263390,34.764280
באר שבע,דוד הראובני,44,שכונת נווה מנחם,31.263338,34.763715
באר שבע,דוד הראובני,36,שכונת נווה מנחם,31.263612,34.763972
באר שבע,דוד הראובני,15,שכונת נווה מנחם,31.264122,34.764887
באר שבע,דוד הראובני,17,שכונת נווה מנחם,31.263894,34.764616
באר שבע,דודאים,5,שכונת נווה נוי,31.232429,34.780608
באר שבע,דודאים,4,שכונת נווה נוי,31.232585,34.780251
באר שבע,דודאים,25,שכונת נווה נוי,31.230891,34.780615
באר שבע,דודאים,11,שכונת נווה נוי,31.231969,34.780580
באר שבע,דודאים,12,שכונת נווה נוי,31.231809,34.780200
באר שבע,דודאים,9,שכונת נווה נוי,31.232123,34.780554
באר שבע,דודאים,14,שכונת נווה נוי,31.231617,34.780217
באר שבע,דודאים,28,שכונת נווה נוי,31.230538,34.780298
באר שבע,לב דוידוביץ,2,שכונת רמות,31.272225,34.801148
באר שבע,לב דוידוביץ,17,שכונת רמות,31.272850,34.801769
באר שבע,לב דוידוביץ,19,שכונת רמות,31.272907,34.801819
באר שבע,לב דוידוביץ,27,שכונת רמות,31.273061,34.802149
באר שבע,לב דוידוביץ,32,שכונת רמות,31.272840,34.802570
באר שבע,לב דוידוביץ,18,שכונת רמות,31.272585,34.801957
באר שבע,לב דוידוביץ,22,שכונת רמות,31.272674,34.802141
באר שבע,לב דוידוביץ,9,שכונת רמות,31.272668,34.801267
באר שבע,לב דוידוביץ,4,שכונת רמות,31.272221,34.801219
באר שבע,דוכיפת,2,שכונת רמות,31.276557,34.823207
באר שבע,אריה דולצ'ין,11,שכונת יא,31.263133,34.766546
באר שבע,דולצ'ין אריה,10,שכונת יא,31.263689,34.766776
באר שבע,אריה דולצ'ין,13,שכונת יא,31.262864,34.766323
באר שבע,אריה דולצ'ין,12,שכונת יא,31.263612,34.766507
באר שבע,דולצ'ין אריה,4,שכונת יא,31.263588,34.767420
באר שבע,דולצ'ין אריה,26,שכונת יא,31.262508,34.765452
באר שבע,דולצ'ין אריה,8,שכונת יא,31.263677,34.766964
באר שבע,דולצ'ין אריה,2,שכונת יא,31.263458,34.767592
באר שבע,אריה דולצ'ין,9,שכונת יא,31.263237,34.766818
באר שבע,דולצ'ין אריה,22,שכונת יא,31.262764,34.765682
באר שבע,דולצ'ין אריה,18,שכונת יא,31.263080,34.766010
באר שבע,אריה דולצ'ין,14,שכונת יא,31.263446,34.766323
באר שבע,דולצ'ין אריה,3,שכונת יא,31.262970,34.767314
באר שבע,אריה דולצ'ין,15,שכונת יא,31.262572,34.766059
באר שבע,דולצ'ין אריה,6,שכונת יא,31.263701,34.767160
באר שבע,דולצ'ין אריה,20,שכונת יא,31.262952,34.765855
באר שבע,אריה דולצ'ין,5,שכונת יא,31.263169,34.767175
באר שבע,דולצ'ין אריה,24,שכונת יא,31.262612,34.765578
באר שבע,מנחם דונקלבלום,5,שכונת ו,31.268728,34.773832
באר שבע,מנחם דונקלבלום,9,שכונת ו,31.269123,34.773683
באר שבע,מנחם דונקלבלום,1,שכונת ו,31.268273,34.774154
באר שבע,מנחם דונקלבלום,11,שכונת ו,31.269250,34.773861
באר שבע,מנחם דונקלבלום,3,שכונת ו,31.268700,34.774022
באר שבע,מנחם דונקלבלום,7,שכונת ו,31.268911,34.773711
באר שבע,דורי יעקב,23,שכונת ו,31.266248,34.781205
באר שבע,דורי יעקב,19,שכונת ו,31.266341,34.781670
באר שבע,דורי יעקב,21,שכונת ו,31.266297,34.781403
באר שבע,דורי יעקב,25,שכונת ו,31.266221,34.781025
באר שבע,דורי יעקב,15,שכונת ו,31.266485,34.782296
באר שבע,דורי יעקב,17,שכונת ו,31.266444,34.782074
באר שבע,דורי יעקב,11,שכונת ו,31.266566,34.782708
באר שבע,דורי יעקב,13,שכונת ו,31.266534,34.782496
באר שבע,יעקב דורי,33,שכונת ו,31.265780,34.778872
באר שבע,דותן,13,שכונת נווה מנחם,31.264555,34.762478
באר שבע,דותן,8,שכונת נווה מנחם,31.264932,34.762530
באר שבע,דותן,17,שכונת נווה מנחם,31.264418,34.762340
באר שבע,דותן,14,שכונת נווה מנחם,31.264685,34.762291
באר שבע,דותן,16,שכונת נווה מנחם,31.264584,34.762168
באר שבע,דותן,6,שכונת נווה מנחם,31.265025,34.762639
באר שבע,דותן,3,שכונת נווה מנחם,31.265019,34.762982
באר שבע,מנחם דידנר,10,שכונת רמות הרכס,31.280826,34.804071
באר שבע,מנחם דידנר,12,שכונת רמות הרכס,31.280671,34.803863
באר שבע,דייה,33,שכונת פלח שבע,31.230433,34.761654
באר שבע,דייה,18,שכונת פלח שבע,31.230997,34.762295
באר שבע,דייה,15,שכונת פלח שבע,31.231219,34.763121
באר שבע,דייה,23,שכונת פלח שבע,31.230803,34.762498
באר שבע,דייה,10,שכונת פלח שבע,31.231553,34.763025
באר שבע,דייה,8,שכונת פלח שבע,31.231680,34.763116
באר שבע,דייה,36,שכונת פלח שבע,31.231456,34.762401
באר שבע,דייה,53,שכונת פלח שבע,31.231611,34.762091
באר שבע,דייה,51,שכונת פלח שבע,31.231542,34.761977
באר שבע,דייה,57,שכונת פלח שבע,31.231847,34.762387
באר שבע,דייה,43,שכונת פלח שבע,31.231175,34.761358
באר שבע,דייה,49,שכונת פלח שבע,31.231433,34.761801
באר שבע,דייה,24,שכונת פלח שבע,31.230730,34.761766
באר שבע,דייה,42,שכונת פלח שבע,31.231969,34.762798
באר שבע,דייה,12,שכונת פלח שבע,31.231411,34.762904
באר שבע,דייה,27,שכונת פלח שבע,31.230635,34.762204
באר שבע,דייה,4,שכונת פלח שבע,31.231990,34.763234
באר שבע,דייה,1,שכונת פלח שבע,31.232179,34.763604
באר שבע,דייה,38,שכונת פלח שבע,31.231658,34.762630
באר שבע,דייה,32,שכונת פלח שבע,31.231275,34.762072
באר שבע,דייה,7,שכונת פלח שבע,31.231755,34.763485
באר שבע,משה דיין,8,שכונת ו,31.264686,34.772482
באר שבע,משה דיין,10,שכונת ו,31.265017,34.772867
באר שבע,משה דיין,6,שכונת ו,31.264521,34.772511
באר שבע,דינה,5,שכונת נווה זאב,31.233882,34.784451
באר שבע,דינה,143,שכונת עיר עתיקה,31.235782,34.783639
באר שבע,דליה רביקוביץ,13,,31.917678,34.870752
באר שבע,דליה רביקוביץ,3,שכונת פסגות אפק,32.083744,34.984706
באר שבע,דליה רביקוביץ,5,שכונת פסגות אפק,32.083344,34.984418
באר שבע,דליה רביקוביץ,4,שכונת פסגות אפק,32.083678,34.984150
באר שבע,דן,5,שכונת עיר עתיקה,31.237985,34.781268
באר שבע,דן,11,שכונת עיר עתיקה,31.239190,34.780689
באר שבע,דן,7,שכונת עיר עתיקה,31.238312,34.781063
באר שבע,יצחק דנציגר,1,שכונת נאות לון,31.244789,34.762171
באר שבע,יצחק דנציגר,8,שכונת נאות לון,31.245132,34.762340
באר שבע,יצחק דנציגר,22,שכונת נאות לון,31.245377,34.761638
באר שבע,יצחק דנציגר,9,שכונת נאות לון,31.245062,34.761630
באר שבע,יצחק דנציגר,13,שכונת נאות לון,31.244782,34.761798
באר שבע,יצחק דנציגר,2,שכונת נאות לון,31.244942,34.762512
באר שבע,יצחק דנציגר,34,שכונת נאות לון,31.245097,34.760986
באר שבע,יצחק דנציגר,30,שכונת נאות לון,31.245170,34.761172
באר שבע,דרבן,17,שכונת ה,31.250449,34.777413
באר שבע,דרבן,11,שכונת ה,31.250368,34.777225
באר שבע,אברהם דרויאנוב,2,שכונת נווה מנחם,31.266458,34.757088
באר שבע,אברהם דרויאנוב,16,שכונת נווה מנחם,31.266918,34.756304
באר שבע,אברהם דרויאנוב,1,שכונת נווה מנחם,31.266250,34.756916
באר שבע,אברהם דרויאנוב,7,שכונת נווה מנחם,31.266738,34.756132
באר שבע,אברהם דרויאנוב,8,שכונת נווה מנחם,31.266616,34.756743
באר שבע,אברהם דרויאנוב,4,שכונת נווה מנחם,31.266517,34.756917
באר שבע,אברהם דרויאנוב,14,שכונת נווה מנחם,31.266830,34.756537
באר שבע,דרור,34,שכונת פלח שבע,31.228113,34.769034
באר שבע,דרור,81,שכונת פלח שבע,31.228075,34.768732
באר שבע,דרור,26,שכונת פלח שבע,31.228306,34.769400
באר שבע,דרור,29,שכונת פלח שבע,31.227494,34.769519
באר שבע,דרור,77,שכונת פלח שבע,31.227776,34.768799
באר שבע,דרור,11,שכונת פלח שבע,31.229345,34.769558
באר שבע,דרור,61,שכונת פלח שבע,31.226859,34.768460
באר שבע,דרור,43,שכונת פלח שבע,31.226719,34.768741
באר שבע,דרור,19,שכונת פלח שבע,31.228256,34.769785
באר שבע,דרור,87,שכונת פלח שבע,31.228578,34.768592
באר שבע,דרור,7,שכונת פלח שבע,31.229666,34.769497
באר שבע,דרור,28,שכונת פלח שבע,31.228156,34.769408
באר שבע,דרור,12,שכונת פלח שבע,31.229464,34.769197
באר שבע,דרור,18,שכונת פלח שבע,31.228918,34.769260
באר שבע,דרור,13,שכונת פלח שבע,31.228734,34.769624
באר שבע,דרור,32,שכונת פלח שבע,31.227938,34.769082
באר שבע,דרור,54,שכונת פלח שבע,31.229773,34.768754
באר שבע,דרור,25,שכונת פלח שבע,31.227713,34.769787
באר שבע,דרור,15,שכונת פלח שבע,31.228557,34.769660
באר שבע,דרור,41,שכונת פלח שבע,31.226740,34.768716
באר שבע,דרור,89,שכונת פלח שבע,31.228735,34.768592
באר שבע,דרור,47,שכונת פלח שבע,31.226457,34.768484
באר שבע,דרור,103,שכונת פלח שבע,31.230085,34.768408
באר שבע,דרור,49,שכונת פלח שבע,31.226436,34.768510
באר שבע,דרור,4,שכונת פלח שבע,31.230083,34.769159
באר שבע,דרור,51,שכונת פלח שבע,31.226409,34.768258
באר שבע,דרור,17,שכונת פלח שבע,31.228374,34.769719
באר שבע,דרור,10,שכונת פלח שבע,31.229633,34.769192
באר שבע,האבות,45,שכונת עיר עתיקה,31.239182,34.786883
באר שבע,האבות,82,שכונת עיר עתיקה,31.240804,34.785303
באר שבע,האבות,57,שכונת עיר עתיקה,31.239848,34.786374
באר שבע,האבות,72,שכונת עיר עתיקה,31.240397,34.785908
באר שבע,האבות,64,שכונת עיר עתיקה,31.240002,34.786525
באר שבע,האבות,62,שכונת עיר עתיקה,31.239857,34.786648
באר שבע,גדעון האוזנר,15,שכונת רמות הרכס,31.286905,34.804864
באר שבע,גדעון האוזנר,17,שכונת רמות הרכס,31.287001,34.804919
באר שבע,גדעון האוזנר,3,שכונת רמות הרכס,31.286454,34.804789
באר שבע,גדעון האוזנר,5,שכונת רמות הרכס,31.286575,34.804720
באר שבע,גדעון האוזנר,31,שכונת רמות הרכס,31.287879,34.805529
באר שבע,גדעון האוזנר,33,שכונת רמות הרכס,31.288092,34.805572
באר שבע,גדעון האוזנר,23,שכונת רמות הרכס,31.287388,34.805230
באר שבע,גדעון האוזנר,22,שכונת רמות הרכס,31.287100,34.805842
באר שבע,גדעון האוזנר,20,שכונת רמות הרכס,31.287231,34.805537
באר שבע,גדעון האוזנר,47,שכונת רמות הרכס,31.288494,34.805737
באר שבע,גדעון האוזנר,10,שכונת רמות הרכס,31.286675,34.805212
באר שבע,גדעון האוזנר,51,שכונת רמות הרכס,31.288741,34.805870
באר שבע,גדעון האוזנר,59,שכונת רמות הרכס,31.287851,34.807405
באר שבע,גדעון האוזנר,2,שכונת רמות הרכס,31.286084,34.805545
באר שבע,גדעון האוזנר,36,שכונת רמות הרכס,31.287733,34.806812
באר שבע,גדעון האוזנר,25,שכונת רמות הרכס,31.287541,34.805347
באר שבע,גדעון האוזנר,29,שכונת רמות הרכס,31.287659,34.805081
באר שבע,גדעון האוזנר,49,,31.288596,34.805561
באר שבע,גדעון האוזנר,27,שכונת רמות הרכס,31.287467,34.804946
באר שבע,גדעון האוזנר,55,שכונת רמות הרכס,31.288335,34.806987
באר שבע,האורגים,2,שכונת אזור תעשיה,31.253690,34.815961
באר שבע,גיאורג האז,14,שכונת רמות,31.274110,34.806209
באר שבע,גיאורג האז,2,שכונת רמות,31.273723,34.806635
באר שבע,גיאורג האז,6,שכונת רמות,31.273853,34.806524
באר שבע,גיאורג האז,12,שכונת רמות,31.274057,34.806323
באר שבע,גיאורג האז,16,שכונת רמות,31.274168,34.806153
באר שבע,גיאורג האז,3,שכונת רמות,31.273611,34.806290
באר שבע,האיילה,2,שכונת ה,31.250214,34.776779
באר שבע,האיילה,9,שכונת ה,31.250896,34.776942
באר שבע,האיילה,5,שכונת ה,31.250610,34.776634
באר שבע,האיילה,17,שכונת ה,31.251310,34.777497
באר שבע,האיילה,7,שכונת ה,31.250661,34.776822
באר שבע,האיילה,1,שכונת ה,31.250395,34.776503
באר שבע,האיילה,3,שכונת ה,31.250550,34.776467
באר שבע,האיסיים,3,שכונת ד,31.267902,34.792324
באר שבע,האיסיים,10,שכונת ד,31.268105,34.791591
באר שבע,האיסיים,4,שכונת ד,31.268132,34.792396
באר שבע,האיסיים,5,שכונת ד,31.267021,34.792213
באר שבע,האיסיים,12,שכונת ד,31.267876,34.791424
באר שבע,האיסיים,1,שכונת ד,31.267847,34.792617
באר שבע,האיסיים,16,שכונת ד,31.267838,34.791945
באר שבע,האיסיים,7,שכונת ד,31.266855,34.792406
באר שבע,האיסיים,18,שכונת ד,31.267575,34.791883
באר שבע,האיסיים,22,שכונת ד,31.267291,34.791690
באר שבע,האיסיים,14,שכונת ד,31.267620,34.791304
באר שבע,האיסיים,6,שכונת ד,31.268109,34.792006
באר שבע,האמוראים,9,שכונת ד,31.270917,34.787475
באר שבע,האמוראים,7,שכונת ד,31.270972,34.787526
באר שבע,האנדרטה,5,שכונת רמות,31.275545,34.821351
באר שבע,האנדרטה,7,שכונת רמות,31.275852,34.821371
באר שבע,הבדיל,1,שכונת עמק שרה,31.228100,34.809832
באר שבע,הבדיל,21,שכונת עמק שרה,31.225234,34.809712
באר שבע,הבדיל,9,שכונת עמק שרה,31.227278,34.809913
באר שבע,הבדיל,35,שכונת עמק שרה,31.223145,34.809606
באר שבע,הבדיל,3,שכונת עמק שרה,31.227907,34.809852
באר שבע,הברזל,4,שכונת עמק שרה,31.214561,34.809565
באר שבע,הגאולים,14,שכונת ג,31.248742,34.803863
באר שבע,הגאולים,34,שכונת ג,31.247659,34.805751
באר שבע,הגאולים,38,שכונת ג,31.247752,34.806224
באר שבע,הגאולים,31,שכונת ג,31.248119,34.806144
באר שבע,הגאולים,16,שכונת ג,31.248662,34.804149
באר שבע,הגאולים,26,שכונת ג,31.248111,34.805109
באר שבע,הגאולים,22,שכונת ג,31.248382,34.804762
באר שבע,הגאולים,32,שכונת ג,31.247697,34.805605
באר שבע,הגאולים,19,שכונת ג,31.248601,34.804963
באר שבע,הגאולים,27,שכונת ג,31.248409,34.805631
באר שבע,הגאולים,29,שכונת ג,31.248411,34.806090
באר שבע,הגאולים,8,שכונת ג,31.248836,34.803141
באר שבע,הגאולים,10,שכונת ג,31.248817,34.803422
באר שבע,הגאולים,25,שכונת ג,31.248104,34.805540
באר שבע,הגאולים,20,שכונת ג,31.248465,34.804611
באר שבע,הגאולים,42,שכונת ג,31.247939,34.806665
באר שבע,הגאולים,7,שכונת ג,31.249100,34.803467
באר שבע,הגאולים,5,שכונת ג,31.249122,34.803255
באר שבע,הגאולים,13,שכונת ג,31.248920,34.804241
באר שבע,הגאולים,40,שכונת ג,31.247826,34.806437
באר שבע,הגאולים,36,שכונת ג,31.247660,34.806043
באר שבע,הגאולים,11,שכונת ג,31.248992,34.804010
באר שבע,הגאולים,15,שכונת ג,31.248837,34.804462
באר שבע,הגאולים,9,שכונת ג,31.249041,34.803817
באר שבע,הגאולים,30,שכונת ג,31.247840,34.805435
באר שבע,הגאונים,3,שכונת נאות לון,31.250475,34.761461
באר שבע,הגאונים,22,שכונת נאות לון,31.252443,34.761330
באר שבע,הגאונים,2,שכונת נאות לון,31.249842,34.761569
באר שבע,הגאונים,16,שכונת נאות לון,31.251934,34.761475
באר שבע,הגדודים,15,שכונת עיר עתיקה,31.235761,34.781646
באר שבע,הגדודים,19,שכונת עיר עתיקה,31.235526,34.781992
באר שבע,הגדודים,44,,31.234831,34.783281
באר שבע,הגדודים,23,שכונת עיר עתיקה,31.235284,34.782474
באר שבע,הגדודים,40,שכונת עיר עתיקה,31.234875,34.783074
באר שבע,הגדודים,27,שכונת עיר עתיקה,31.235214,34.782947
באר שבע,הגדודים,38,שכונת עיר עתיקה,31.234619,34.782660
באר שבע,הגדודים,17,שכונת עיר עתיקה,31.235695,34.781803
באר שבע,הגלבוע,7,שכונת ה,31.252003,34.772424
באר שבע,הגלבוע,23,שכונת ה,31.252660,34.771235
באר שבע,הגלבוע,31,שכונת ה,31.253427,34.771830
באר שבע,הגלבוע,10,שכונת ה,31.252496,34.772492
באר שבע,הגלבוע,21,שכונת ה,31.252361,34.771144
באר שבע,הגלבוע,8,שכונת ה,31.252566,34.772633
באר שבע,הגלבוע,17,שכונת ה,31.252292,34.771689
באר שבע,הגלבוע,25,שכונת ה,31.252910,34.771449
באר שבע,הגלבוע,4,שכונת ה,31.252310,34.772750
באר שבע,הגלבוע,2,שכונת ה,31.252400,34.772897
באר שבע,הגנים,11,שכונת נווה נוי,31.230169,34.789076
באר שבע,הגנים,16,שכונת נווה נוי,31.230622,34.789408
באר שבע,הגנים,14,שכונת נווה נוי,31.230445,34.789244
באר שבע,הגנים,9,שכונת נווה נוי,31.229931,34.789027
באר שבע,הגנים,12,שכונת נווה נוי,31.230236,34.789156
באר שבע,הגנים,23,שכונת נווה נוי,31.230797,34.790638
באר שבע,הגנים,13,שכונת נווה נוי,31.230392,34.789142
באר שבע,הגנן,15,שכונת עמק שרה,31.217728,34.810565
באר שבע,הגר,8,שכונת עיר עתיקה,31.240554,34.784784
באר שבע,הגר,10,שכונת עיר עתיקה,31.240682,34.784996
באר שבע,הגר,14,שכונת עיר עתיקה,31.240944,34.785153
באר שבע,הגר,5,שכונת עיר עתיקה,31.240729,34.784676
באר שבע,הדגן,7,שכונת עמק שרה,31.228046,34.805988
באר שבע,הדגן,8,שכונת עמק שרה,31.228438,34.805547
באר שבע,הדגן,12,שכונת עמק שרה,31.228029,34.805471
באר שבע,הדגן,18,שכונת עמק שרה,31.227272,34.805677
באר שבע,הדעת,14,שכונת רמות,31.267924,34.807835
באר שבע,הדעת,6,שכונת רמות,31.267809,34.808241
באר שבע,הדר,3,שכונת נווה נוי,31.232011,34.795615
באר שבע,הדר,1,שכונת נווה נוי,31.232032,34.795781
באר שבע,ההגנה,40,שכונת עיר עתיקה,31.239875,34.787287
באר שבע,ההגנה,22,שכונת עיר עתיקה,31.238823,34.786282
באר שבע,ההגנה,31,שכונת עיר עתיקה,31.239839,34.786900
באר שבע,ההגנה,24,שכונת עיר עתיקה,31.238874,34.786340
באר שבע,הוברמן,6,שכונת ב,31.253478,34.790702
באר שבע,הוברמן,8,שכונת ב,31.253743,34.790655
באר שבע,הוברמן,4,שכונת ב,31.253259,34.790568
באר שבע,הוברמן,5,שכונת ב,31.253518,34.790258
באר שבע,הוברמן,3,שכונת ב,31.253257,34.790198
באר שבע,שמואל הוגו,17,שכונת רמות,31.271978,34.804365
באר שבע,שמואל הוגו,11,שכונת רמות,31.271315,34.804779
באר שבע,שמואל הוגו,9,שכונת רמות,31.270888,34.804936
באר שבע,שמואל הוגו,8,שכונת רמות,31.270925,34.805251
באר שבע,שמואל הוגו,15,שכונת רמות,31.271836,34.804452
באר שבע,נתנאל הוכברג,6,שכונת נווה מנחם,31.270459,34.771995
באר שבע,הזוהר,34,שכונת ד,31.271572,34.788151
באר שבע,הזוהר,54,שכונת ד,31.272153,34.787787
באר שבע,הזוהר,14,שכונת ד,31.271464,34.788720
באר שבע,הזוהר,25,שכונת ד,31.271865,34.787232
באר שבע,הזוהר,9,שכונת ד,31.271157,34.788229
באר שבע,הזוהר,20,שכונת ד,31.271382,34.788311
באר שבע,הזוהר,15,שכונת ד,31.271508,34.787775
באר שבע,הזוהר,26,שכונת ד,31.271604,34.788540
באר שבע,הזוהר,1,שכונת ד,31.270822,34.788687
באר שבע,הזוהר,56,שכונת ד,31.272111,34.787740
באר שבע,הזוהר,4,שכונת ד,31.271094,34.788708
באר שבע,הזוהר,3,שכונת ד,31.270838,34.788633
באר שבע,הזוהר,23,שכונת ד,31.271859,34.787302
באר שבע,הזוהר,36,שכונת ד,31.271663,34.787932
באר שבע,הזוהר,50,שכונת ד,31.272032,34.787967
באר שבע,הזוהר,38,שכונת ד,31.271703,34.787983
באר שבע,הזוהר,11,שכונת ד,31.271292,34.788060
באר שבע,הזוהר,6,שכונת ד,31.271159,34.788712
באר שבע,הזורע,9,שכונת עמק שרה,31.214902,34.811602
באר שבע,הזורע,10,שכונת עמק שרה,31.215527,34.811613
באר שבע,הזורע,14,שכונת עמק שרה,31.215509,34.810441
באר שבע,הזורע,12,שכונת עמק שרה,31.215522,34.811030
באר שבע,הזורע,15,שכונת עמק שרה,31.215124,34.809629
באר שבע,חיים הזז,6,שכונת ב,31.253916,34.796504
באר שבע,חיים הזז,5,שכונת ב,31.254088,34.795983
באר שבע,חיים הזז,2,שכונת ב,31.252929,34.796442
באר שבע,חיים הזז,4,שכונת ב,31.253421,34.796521
באר שבע,חיים הזז,8,שכונת ב,31.254408,34.796510
באר שבע,החורש,18,שכונת עמק שרה,31.217383,34.811620
באר שבע,החורש,20,שכונת עמק שרה,31.217405,34.811240
באר שבע,"החיד""א",113,שכונת יא,31.254775,34.767461
באר שבע,"החיד""א",49,שכונת יא,31.253063,34.768579
באר שבע,"החיד""א",29,שכונת יא,31.252852,34.769511
באר שבע,"החיד""א",4,שכונת יא,31.254335,34.769182
באר שבע,"החיד""א",103,שכונת יא,31.254479,34.766825
באר שבע,"החיד""א",101,שכונת יא,31.254382,34.766886
באר שבע,"החיד""א",91,שכונת יא,31.254026,34.766667
באר שבע,"החיד""א",17,שכונת יא,31.253455,34.769492
באר שבע,"החיד""א",105,שכונת יא,31.254724,34.766896
באר שבע,"החיד""א",8,שכונת יא,31.253883,34.768648
באר שבע,"החיד""א",6,שכונת יא,31.253881,34.768958
באר שבע,"החיד""א",95,שכונת יא,31.254220,34.767385
באר שבע,"החיד""א",19,שכונת יא,31.253406,34.769685
באר שבע,"החיד""א",23,שכונת יא,31.253163,34.769885
באר שבע,"החיד""א",25,שכונת יא,31.253054,34.769854
באר שבע,"החיד""א",97,שכונת יא,31.254268,34.767177
באר שבע,"החיד""א",37,שכונת יא,31.253356,34.769245
באר שבע,"החיד""א",99,שכונת יא,31.254313,34.767004
באר שבע,"החיד""א",2,שכונת יא,31.254167,34.769627
באר שבע,"החיד""א",111,שכונת יא,31.254789,34.767320
באר שבע,"החיד""א",5,שכונת יא,31.253908,34.770448
באר שבע,"החיד""א",21,שכונת יא,31.253325,34.769828
באר שבע,"החיד""א",3,שכונת יא,31.254064,34.770412
באר שבע,"החיד""א",109,שכונת יא,31.254853,34.767127
באר שבע,"החיד""א",53,שכונת יא,31.253132,34.768232
באר שבע,"החיד""א",107,שכונת יא,31.254790,34.766995
באר שבע,"החיד""א",31,שכונת יא,31.252868,34.769380
באר שבע,"החיד""א",33,שכונת יא,31.252994,34.769202
באר שבע,"החיד""א",43,שכונת יא,31.253459,34.768829
באר שבע,"החיד""א",9,שכונת יא,31.253597,34.770271
באר שבע,"החיד""א",59,שכונת יא,31.253334,34.768178
באר שבע,"החיד""א",41,שכונת יא,31.253582,34.768739
באר שבע,"החיד""א",35,שכונת יא,31.253242,34.769180
באר שבע,"החיד""א",11,שכונת יא,31.253582,34.770042
באר שבע,"החיד""א",13,שכונת יא,31.253623,34.769881
באר שבע,"החיד""א",27,שכונת יא,31.252890,34.769734
באר שבע,"החיד""א",51,שכונת יא,31.253055,34.768387
באר שבע,"החיד""א",1,שכונת יא,31.254169,34.770283
באר שבע,"החיד""א",15,שכונת יא,31.253648,34.769759
באר שבע,"החיד""א",47,שכונת יא,31.253141,34.768734
באר שבע,"החיד""א",45,שכונת יא,31.253269,34.768858
באר שבע,"החיד""א",7,שכונת יא,31.253769,34.770392
באר שבע,החלוץ,2,שכונת עיר עתיקה,31.235329,34.785475
באר שבע,החרט,10,שכונת עמק שרה,31.222828,34.809970
באר שבע,החרט,1,שכונת עמק שרה,31.222192,34.811017
באר שבע,החרט,9,שכונת עמק שרה,31.222499,34.809977
באר שבע,החשמלאי,2,שכונת עמק שרה,31.228713,34.806966
באר שבע,החשמלאי,9,שכונת עמק שרה,31.227642,34.807232
באר שבע,החשמלאי,7,שכונת עמק שרה,31.227816,34.807216
באר שבע,החשמלאי,8,שכונת עמק שרה,31.228083,34.806849
באר שבע,החשמלאי,6,שכונת עמק שרה,31.228192,34.806685
באר שבע,ליפמן היילפרין,9,שכונת נווה מנחם,31.262168,34.756315
באר שבע,ליפמן היילפרין,2,שכונת נווה מנחם,31.262512,34.756737
באר שבע,ליפמן היילפרין,26,שכונת נווה מנחם,31.262100,34.755504
באר שבע,ליפמן היילפרין,22,שכונת נווה מנחם,31.262219,34.755682
באר שבע,ליפמן היילפרין,5,שכונת נווה מנחם,31.262207,34.756533
באר שבע,ליפמן היילפרין,10,שכונת נווה מנחם,31.262459,34.756318
באר שבע,"הכ""ג",4,שכונת ג,31.250390,34.803253
באר שבע,"הכ""ג",9,שכונת ג,31.250414,34.804217
באר שבע,"הכ""ג",5,שכונת ג,31.250695,34.803830
באר שבע,"הכ""ג",2,שכונת ג,31.250504,34.803132
באר שבע,"הכ""ג",7,שכונת ג,31.250473,34.803799
באר שבע,"הכ""ג",13,שכונת ג,31.249980,34.805362
באר שבע,"הכ""ג",17,שכונת ג,31.249792,34.805628
באר שבע,"הכ""ג",15,שכונת ג,31.249988,34.805636
באר שבע,"הכ""ג",16,שכונת ג,31.250033,34.804659
באר שבע,"הכ""ג",12,שכונת ג,31.250175,34.804095
באר שבע,"הכ""ג",20,שכונת ג,31.249786,34.805234
באר שבע,"הכ""ג",11,שכונת ג,31.250428,34.804420
באר שבע,"הכ""ג",18,שכונת ג,31.249929,34.804999
באר שבע,"הכ""ג",10,שכונת ג,31.250203,34.803783
באר שבע,הכוזרי,5,שכונת ב,31.256953,34.792814
באר שבע,הכוזרי,8,שכונת ב,31.256749,34.792651
באר שבע,הכוזרי,7,שכונת ב,31.256723,34.792820
באר שבע,הכוזרי,2,שכונת ב,31.257454,34.792594
באר שבע,הכוזרי,6,שכונת ב,31.256917,34.792493
באר שבע,הכוזרי,4,שכונת ב,31.257165,34.792600
באר שבע,הכוזרי,3,שכונת ב,31.257214,34.792808
באר שבע,הכותל המערבי,3,שכונת א,31.248338,34.788791
באר שבע,הכותל המערבי,69,שכונת א,31.250719,34.785927
באר שבע,הכותל המערבי,61,שכונת א,31.250344,34.785037
באר שבע,ראובן הכט,54,שכונת רמות,31.275112,34.815848
באר שבע,ראובן הכט,20,שכונת רמות,31.275088,34.819345
באר שבע,ראובן הכט,56,שכונת רמות,31.275107,34.815663
באר שבע,ראובן הכט,60,שכונת רמות,31.275160,34.815269
באר שבע,ראובן הכט,32,שכונת רמות,31.275119,34.818225
באר שבע,ראובן הכט,30,שכונת רמות,31.275124,34.818432
באר שבע,ראובן הכט,46,שכונת רמות,31.275104,34.816871
באר שבע,הכנסת,25,שכונת ד,31.270546,34.793884
באר שבע,הכנסת,28,שכונת ד,31.271008,34.794246
באר שבע,הכנסת,38,שכונת ד,31.270648,34.793459
באר שבע,הכנסת,9,שכונת ד,31.270945,34.795506
באר שבע,הכנסת,18,שכונת ד,31.271264,34.795222
באר שבע,הכשרת היישוב,37,,31.219431,34.812759
באר שבע,הכשרת היישוב,47,שכונת עמק שרה,31.216011,34.812969
באר שבע,הכשרת היישוב,49,שכונת עמק שרה,31.214672,34.813290
באר שבע,הלפרין,3,שכונת ג,31.251305,34.804428
באר שבע,הלפרין,4,שכונת ג,31.251423,34.804097
באר שבע,הלפרין,6,שכונת ג,31.251280,34.803963
באר שבע,מיכאל,2,שכונת ג,31.251564,34.804268
באר שבע,הלפרין,5,שכונת ג,31.251089,34.804329
באר שבע,הלפרין,7,שכונת ג,31.250907,34.804130
באר שבע,הלפרין,8,שכונת ג,31.251069,34.803856
באר שבע,המדע,43,שכונת רמות,31.274164,34.804654
באר שבע,המדע,10,שכונת רמות,31.268925,34.806856
באר שבע,המדע,35,שכונת רמות,31.272815,34.806430
באר שבע,"המהר""ל",13,שכונת ו,31.266805,34.781042
באר שבע,"המהר""ל",5,שכונת ו,31.266984,34.781941
באר שבע,"המהר""ל",17,שכונת ו,31.266698,34.780520
באר שבע,"המהר""ל",21,שכונת ו,31.266625,34.780019
באר שבע,"המהר""ל",12,שכונת ו,31.267205,34.781657
באר שבע,"המהר""ל",14,שכונת ו,31.267192,34.781526
באר שבע,"המהר""ל",18,שכונת ו,31.267138,34.781271
באר שבע,"המהר""ל",4,שכונת ו,31.267493,34.782326
באר שבע,"המהר""ל",9,שכונת ו,31.266885,34.781415
באר שבע,"המהר""ל",16,שכונת ו,31.267175,34.781427
באר שבע,"המהר""ל",2,שכונת ו,31.267577,34.782351
באר שבע,"המהר""ל",6,שכונת ו,31.267382,34.782211
באר שבע,"המהר""ל",11,שכונת ו,31.266841,34.781243
באר שבע,המוכתר,1,שכונת עיר עתיקה,31.243595,34.785372
באר שבע,"רמב""ם",57,,31.244192,34.787104
באר שבע,המוכתר,4,שכונת עיר עתיקה,31.243782,34.786281
באר שבע,"רמב""ם",59,שכונת עיר עתיקה,31.244132,34.786542
באר שבע,המוכתר,6,שכונת עיר עתיקה,31.243537,34.786621
באר שבע,המוסכים,8,שכונת אזור תעשיה,31.237065,34.797716
באר שבע,המוסכים,16,שכונת אזור תעשיה,31.237247,34.797760
באר שבע,המוסכים,14,שכונת אזור תעשיה,31.237493,34.797776
באר שבע,המוסכים,10,שכונת אזור תעשיה,31.237433,34.797971
באר שבע,המכבים,11,שכונת עיר עתיקה,31.242851,34.781266
באר שבע,המכבים,23,שכונת עיר עתיקה,31.243509,34.781845
באר שבע,המכבים,17,שכונת עיר עתיקה,31.243206,34.781514
באר שבע,המכבים,15,שכונת עיר עתיקה,31.243088,34.781438
באר שבע,המכתשים,29,שכונת ד,31.269105,34.795128
באר שבע,המכתשים,38,שכונת ד,31.269469,34.795518
באר שבע,המכתשים,7,שכונת ד,31.268529,34.794775
באר שבע,המכתשים,8,שכונת ד,31.268456,34.795021
באר שבע,המכתשים,13,שכונת ד,31.268761,34.794867
באר שבע,המכתשים,21,שכונת ד,31.268900,34.795025
באר שבע,המכתשים,14,שכונת ד,31.268673,34.795053
באר שבע,המכתשים,41,שכונת ד,31.269478,34.795317
באר שבע,המכתשים,10,שכונת ד,31.268529,34.794988
באר שבע,המלאכה,5,שכונת אזור תעשיה,31.235901,34.797862
באר שבע,המלאכה,7,שכונת אזור תעשיה,31.235911,34.797665
באר שבע,המלכים,35,שכונת נווה מנחם,31.264822,34.756503
באר שבע,המלכים,39,שכונת נווה מנחם,31.264999,34.755946
באר שבע,המלכים,64,שכונת נווה מנחם,31.265413,34.756019
באר שבע,המלכים,41,שכונת נווה מנחם,31.265061,34.755756
באר שבע,המלכים,58,שכונת נווה מנחם,31.265101,34.756693
באר שבע,המלכים,42,שכונת נווה מנחם,31.265083,34.757143
באר שבע,המלכים,8,שכונת נווה מנחם,31.264053,34.760049
באר שבע,המלכים,6,שכונת נווה מנחם,31.263921,34.760204
באר שבע,המלכים,23,שכונת נווה מנחם,31.264424,34.757673
באר שבע,המלכים,78,שכונת נווה מנחם,31.265628,34.755113
באר שבע,המלכים,33,שכונת נווה מנחם,31.264764,34.756677
באר שבע,המלכים,2,שכונת נווה מנחם,31.263687,34.760508
באר שבע,המלכים,28,שכונת נווה מנחם,31.264705,34.757827
באר שבע,המלכים,12,שכונת נווה מנחם,31.264607,34.758101
באר שבע,המלכים,24,שכונת נווה מנחם,31.264955,34.757479
באר שבע,המלכים,10,שכונת נווה מנחם,31.264061,34.759770
באר שבע,המלכים,32,שכונת נווה מנחם,31.264769,34.757638
באר שבע,המלכים,15,שכונת נווה מנחם,31.264150,34.758535
באר שבע,המלכים,14,שכונת נווה מנחם,31.264814,34.757972
באר שבע,המלכים,44,שכונת נווה מנחם,31.265085,34.757051
באר שבע,המלכים,21,שכונת נווה מנחם,31.264373,34.757855
באר שבע,המנוף,1,שכונת עמק שרה,31.227423,34.812621
באר שבע,המסגר,1,שכונת עמק שרה,31.223366,34.811182
באר שבע,המסילה,3,שכונת אזור תעשיה,31.252351,34.817541
באר שבע,המעפילים,10,שכונת ג,31.249377,34.807428
באר שבע,המעפילים,16,שכונת ג,31.250243,34.807400
באר שבע,המעפילים,4,שכונת ג,31.248536,34.807307
באר שבע,המעפילים,15,שכונת ג,31.250435,34.806967
באר שבע,המעפילים,12,שכונת ג,31.249674,34.807412
באר שבע,המעפילים,7,שכונת ג,31.249227,34.806926
באר שבע,המעפילים,20,שכונת ג,31.250773,34.807357
באר שבע,המעפילים,24,שכונת ג,31.250423,34.807943
באר שבע,המעפילים,8,שכונת ג,31.249091,34.807351
באר שבע,המעפילים,5,שכונת ג,31.248930,34.806896
באר שבע,המעפילים,1,שכונת ג,31.248419,34.806837
באר שבע,המעפילים,14,שכונת ג,31.249923,34.807411
באר שבע,המעפילים,6,שכונת ג,31.248810,34.807396
באר שבע,המעפילים,18,שכונת ג,31.250469,34.807312
באר שבע,המעפילים,9,שכונת ג,31.249478,34.806923
באר שבע,המעפילים,13,שכונת ג,31.250197,34.806908
באר שבע,המעפילים,17,שכונת ג,31.250729,34.806932
באר שבע,המעפילים,3,שכונת ג,31.248677,34.806868
באר שבע,המרי העברי,2,שכונת ה,31.255746,34.778506
באר שבע,המרי העברי,4,שכונת ה,31.255826,34.778389
באר שבע,המרי העברי,14,שכונת ה,31.255458,34.778250
באר שבע,המשחררים,58,שכונת ב,31.252158,34.788163
באר שבע,המשחררים,131,שכונת א,31.247251,34.783574
באר שבע,המשחררים,27,שכונת ב,31.251354,34.794491
באר שבע,המשחררים,26,שכונת ב,31.251930,34.793396
באר שבע,המשחררים,72,שכונת ה,31.251538,34.785563
באר שבע,המשחררים,14,שכונת ב,31.251725,34.795204
באר שבע,המשחררים,135,שכונת א,31.246871,34.783368
באר שבע,המשחררים,119,שכונת א,31.248548,34.783973
באר שבע,המשחררים,94,שכונת ה,31.249792,34.783902
באר שבע,המשחררים,46,שכונת ב,31.252086,34.789575
באר שבע,המשחררים,77,שכונת א,31.251273,34.786730
באר שבע,המשחררים,44,שכונת ב,31.252063,34.789856
באר שבע,המשחררים,111,שכונת א,31.249261,34.784269
באר שבע,המשחררים,73,שכונת א,31.251616,34.787298
באר שבע,המשחררים,96,שכונת ה,31.249589,34.783801
באר שבע,המשחררים,9,שכונת ב,31.251217,34.795326
באר שבע,המשחררים,19,שכונת ב,31.250970,34.795265
באר שבע,המשחררים,68,שכונת ה,31.251759,34.786145
באר שבע,המשחררים,5,שכונת ב,31.250934,34.796984
באר שבע,המשחררים,92,שכונת ה,31.250022,34.783980
באר שבע,המשחררים,18,שכונת ב,31.251818,34.794590
באר שבע,המשחררים,88,שכונת ה,31.250587,34.784296
באר שבע,המשחררים,32,שכונת ב,31.252007,34.791048
באר שבע,המשחררים,90,שכונת ה,31.250245,34.784075
באר שבע,המשחררים,22,שכונת ב,31.252046,34.794011
באר שבע,המשחררים,50,שכונת ב,31.252108,34.789020
באר שבע,המשחררים,7,שכונת ב,31.251071,34.795893
באר שבע,המשחררים,16,שכונת ב,31.252012,34.795000
באר שבע,המשחררים,98,שכונת ה,31.249366,34.783749
באר שבע,המשחררים,48,שכונת ב,31.252110,34.789279
באר שבע,המשחררים,56,שכונת ב,31.252151,34.788395
באר שבע,המשחררים,79,שכונת א,31.251216,34.786509
באר שבע,המשחררים,133,שכונת א,31.247063,34.783398
באר שבע,המשחררים,67,שכונת א,31.251609,34.787903
באר שבע,המשחררים,52,שכונת ב,31.252126,34.788838
באר שבע,המשחררים,86,שכונת ה,31.250826,34.784480
באר שבע,המשחררים,69,שכונת א,31.251731,34.787683
באר שבע,המשחררים,84,שכונת ה,31.251014,34.784635
באר שבע,המשחררים,71,שכונת א,31.251675,34.787459
באר שבע,המשחררים,54,שכונת ב,31.252135,34.788595
באר שבע,המשחררים,65,שכונת א,31.251674,34.788061
באר שבע,המשחררים,63,שכונת א,31.251734,34.788285
באר שבע,המשחררים,62,שכונת ב,31.252384,34.787773
באר שבע,המשחררים,75,שכונת א,31.251343,34.786907
באר שבע,המשחררים,60,שכונת ב,31.252170,34.787966
באר שבע,הנבטים,8,שכונת ד,31.266410,34.796579
באר שבע,הנבטים,5,שכונת ד,31.266098,34.796230
באר שבע,הנבטים,4,שכונת ד,31.265724,34.796226
באר שבע,הנבטים,10,שכונת ד,31.266723,34.796748
באר שבע,הנבטים,6,שכונת ד,31.266090,34.796465
באר שבע,הנבטים,2,שכונת ד,31.265540,34.796109
באר שבע,הנבטים,7,שכונת ד,31.266454,34.796409
באר שבע,הנבטים,11,שכונת ד,31.266905,34.796637
באר שבע,הנבטים,1,שכונת ד,31.265505,34.795970
באר שבע,הנבטים,12,שכונת ד,31.266917,34.796845
באר שבע,הנבטים,3,שכונת ד,31.265804,34.796094
באר שבע,הנבטים,9,שכונת ד,31.266713,34.796586
באר שבע,מיכאל,9,שכונת רמות הרכס,31.283964,34.804292
באר שבע,מיכאל,11,שכונת רמות הרכס,31.284123,34.804357
באר שבע,מיכאל,13,שכונת רמות הרכס,31.284269,34.804352
באר שבע,מיכאל,12,שכונת רמות הרכס,31.284744,34.804807
באר שבע,מיכאל,14,שכונת רמות הרכס,31.284916,34.804913
באר שבע,הנגרים,4,שכונת אזור תעשיה,31.242631,34.803986
באר שבע,הנגרים,2,שכונת אזור תעשיה,31.242628,34.803792
באר שבע,הנדיב,28,שכונת ג,31.253228,34.811798
באר שבע,הנדיב,8,שכונת ג,31.253605,34.810855
באר שבע,הנדיב,6,שכונת ג,31.253615,34.810529
באר שבע,הנדיב,2,שכונת ג,31.253643,34.810005
באר שבע,הנדיב,4,שכונת ג,31.253616,34.810250
באר שבע,הנדיב,10,שכונת ג,31.253604,34.811148
באר שבע,הנדיב,3,שכונת ג,31.253857,34.810350
באר שבע,הנדיב,22,שכונת ג,31.252989,34.811682
באר שבע,הנדיב,5,שכונת ג,31.253849,34.810517
באר שבע,הנוטר,29,שכונת ג,31.253092,34.805881
באר שבע,הנוטר,11,שכונת ג,31.253581,34.803728
באר שבע,הנוטר,31,שכונת ג,31.252981,34.806252
באר שבע,הנוטר,35,שכונת ג,31.252875,34.806548
באר שבע,הנוטר,27,שכונת ג,31.253195,34.805678
באר שבע,הנוטר,9,שכונת ג,31.253535,34.803501
באר שבע,הנוטר,28,שכונת ג,31.252723,34.806156
באר שבע,הנוטר,3,שכונת ג,31.253261,34.802794
באר שבע,הנוטר,18,שכונת ג,31.253219,34.805029
באר שבע,הנוטר,15,שכונת ג,31.253622,34.804210
באר שבע,הנוטר,36,שכונת ג,31.252588,34.806444
באר שבע,הנוטר,32,שכונת ג,31.252714,34.806320
באר שבע,הנוטר,26,שכונת ג,31.252828,34.805980
באר שבע,הנוטר,25,שכונת ג,31.253308,34.805481
באר שבע,הנוטר,23,שכונת ג,31.253396,34.805219
באר שבע,הנוטר,20,שכונת ג,31.253132,34.805259
באר שבע,הנוטר,19,שכונת ג,31.253535,34.804752
באר שבע,הנוטר,33,שכונת ג,31.252916,34.806362
באר שבע,הנוקם,6,שכונת עיר עתיקה,31.242048,34.783365
באר שבע,הנוקם,12,שכונת עיר עתיקה,31.241665,34.783040
באר שבע,הנוקם,1,שכונת עיר עתיקה,31.242319,34.783991
באר שבע,משה הס,5,שכונת א,31.250646,34.793237
באר שבע,משה הס,7,שכונת א,31.250796,34.793331
באר שבע,משה הס,1,שכונת א,31.250220,34.792988
באר שבע,הס משה,9,שכונת א,31.250975,34.793489
באר שבע,העלייה,62,שכונת ה,31.255901,34.778926
באר שבע,העליה,54,שכונת ה,31.255396,34.779720
באר שבע,העלייה,64,שכונת ה,31.256026,34.778772
באר שבע,העלייה,66,שכונת ה,31.256154,34.778559
באר שבע,העלייה,68,שכונת ה,31.256293,34.778358
באר שבע,העלייה,21,שכונת ה,31.252771,34.782299
באר שבע,העלייה,1,שכונת ה,31.249840,34.780850
באר שבע,העלייה,56,שכונת ה,31.255494,34.779597
באר שבע,העלייה,50,שכונת ה,31.255131,34.780115
באר שבע,העלייה,2,שכונת ה,31.249391,34.781019
באר שבע,העלייה,3,שכונת ה,31.250140,34.781273
באר שבע,העלייה,48,שכונת ה,31.254909,34.780517
באר שבע,העלייה,13,שכונת ה,31.251681,34.782437
באר שבע,העלייה,54,שכונת ה,31.255396,34.779720
באר שבע,העלייה,70,שכונת ה,31.256513,34.777895
באר שבע,העלייה,10,שכונת ה,31.250581,34.782255
באר שבע,העלייה,72,שכונת ה,31.256800,34.777757
באר שבע,העליה,75,שכונת ה,31.256866,34.776057
באר שבע,העלייה,31,שכונת ה,31.253934,34.781280
באר שבע,העלייה,65,שכונת ה,31.256573,34.777098
באר שבע,העלייה,40,שכונת ה,31.254643,34.781306
באר שבע,העלייה,80,שכונת ה,31.257304,34.776274
באר שבע,העליה,88,שכונת ה,31.256768,34.775594
באר שבע,העלייה,26,שכונת ה,31.253922,34.781796
באר שבע,העלייה,17,שכונת ה,31.252086,34.782446
באר שבע,העלייה,42,שכונת ה,31.254588,34.780879
באר שבע,העלייה,43,שכונת ה,31.254883,34.779945
באר שבע,העלייה,14,שכונת ה,31.250996,34.782658
באר שבע,העלייה,11,שכונת ה,31.251217,34.781975
באר שבע,העלייה,47,שכונת ה,31.255300,34.779399
באר שבע,הערבה,39,שכונת ה,31.248674,34.779898
באר שבע,הערבה,15,שכונת ה,31.247798,34.781451
באר שבע,הערבה,3,שכונת ה,31.247488,34.781767
באר שבע,הערים התאומות,2,שכונת רמות הרכס,31.277378,34.799285
באר שבע,הערים התאומות,23,שכונת רמות הרכס,31.280369,34.799029
באר שבע,הערים התואמות,27,שכונת רמות הרכס,31.281255,34.799034
באר שבע,הערים התואמות,22,שכונת רמות הרכס,31.281294,34.799429
באר שבע,הערים התאומות,36,שכונת רמות הרכס,31.284526,34.799021
באר שבע,הערים התאומות,31,שכונת רמות הרכס,31.282169,34.798953
באר שבע,הערים התאומות,12,שכונת רמות הרכס,31.279044,34.799598
באר שבע,הערים התאומות,6,שכונת רמות הרכס,31.278482,34.799290
באר שבע,אוסקר שינדלר,36,שכונת רמות הרכס,31.283011,34.798035
באר שבע,הערים התאומות,37,שכונת רמות הרכס,31.283796,34.798698
באר שבע,הערים התאומות,32,שכונת רמות הרכס,31.283540,34.799153
באר שבע,הערים התאומות,41,שכונת רמות הרכס,31.284456,34.798566
באר שבע,אוסקר שינדלר,34,שכונת רמות הרכס,31.283049,34.798381
באר שבע,הערים התאומות,16,שכונת רמות הרכס,31.279630,34.799625
באר שבע,הפועלים,25,שכונת עמק שרה,31.226576,34.806129
באר שבע,הפועלים,11,שכונת עמק שרה,31.225621,34.810316
באר שבע,הפועלים,9,שכונת עמק שרה,31.225563,34.810564
באר שבע,הפועלים,14,שכונת עמק שרה,31.225980,34.810462
באר שבע,הפחח,11,שכונת עמק שרה,31.224668,34.809911
באר שבע,הפחח,3,שכונת עמק שרה,31.224541,34.811084
באר שבע,הפחח,9,שכונת עמק שרה,31.224466,34.810211
באר שבע,הפחח,12,שכונת עמק שרה,31.225199,34.809881
באר שבע,הפלדה,27,שכונת עמק שרה,31.221704,34.811798
באר שבע,הפלדה,21,שכונת עמק שרה,31.222941,34.811774
באר שבע,הפלדה,10,שכונת עמק שרה,31.226808,34.811486
באר שבע,"הפלמ""ח",105,שכונת עיר עתיקה,31.240628,34.786469
באר שבע,"הפלמ""ח",133,שכונת עיר עתיקה,31.242116,34.784185
באר שבע,"הפלמ""ח",131,שכונת עיר עתיקה,31.242097,34.784296
באר שבע,"הפלמ""ח",127,שכונת עיר עתיקה,31.241980,34.784542
באר שבע,הפלס,22,שכונת עמק שרה,31.226757,34.810240
באר שבע,הפלס,5,שכונת עמק שרה,31.227466,34.810966
באר שבע,הפלס,14,שכונת עמק שרה,31.227187,34.810395
באר שבע,הפלס,8,שכונת עמק שרה,31.227501,34.810563
באר שבע,הפלס,20,שכונת עמק שרה,31.226845,34.810351
באר שבע,הפלס,16,שכונת עמק שרה,31.227105,34.810517
באר שבע,הצבי,145,שכונת ה,31.252943,34.772671
באר שבע,הצבי,23,שכונת ה,31.248927,34.777483
באר שבע,הצבי,5,שכונת ה,31.248426,34.778178
באר שבע,הצבי,17,שכונת ה,31.248932,34.777944
באר שבע,הצבי,56,שכונת ה,31.252689,34.773535
באר שבע,הצבי,29,שכונת ה,31.249005,34.776996
באר שבע,הצבי,41,שכונת ה,31.249465,34.776793
באר שבע,הצבי,22,שכונת ה,31.249545,34.777983
באר שבע,הצבי,35,שכונת ה,31.249452,34.777244
באר שבע,הצבי,39,שכונת ה,31.249557,34.776890
באר שבע,הצבי,52,שכונת ה,31.252603,34.773643
באר שבע,הצבי,73,שכונת ה,31.250741,34.775244
באר שבע,הצבי,53,שכונת ה,31.249983,34.776580
באר שבע,הצבי,46,שכונת ה,31.252347,34.773998
באר שבע,הצבי,141,שכונת ה,31.252748,34.772870
באר שבע,הצבי,50,שכונת ה,31.252520,34.773771
באר שבע,הצבי,7,שכונת ה,31.248316,34.777889
באר שבע,הצבי,11,שכונת ה,31.248476,34.777652
באר שבע,הצבי,71,שכונת ה,31.250623,34.775123
באר שבע,הצבי,125,שכונת ה,31.252113,34.773687
באר שבע,הצבי,129,שכונת ה,31.252251,34.773516
באר שבע,הצבי,149,שכונת ה,31.253086,34.772485
באר שבע,הצבי,45,שכונת ה,31.249459,34.776390
באר שבע,הצבי,147,שכונת ה,31.252994,34.772543
באר שבע,הצבי,65,שכונת ה,31.250237,34.775356
באר שבע,הצבי,3,שכונת ה,31.248511,34.778286
באר שבע,הצבי,109,שכונת ה,31.251785,34.773850
באר שבע,הצבי,137,שכונת ה,31.252620,34.773047
באר שבע,הצבי,117,שכונת ה,31.251650,34.773141
באר שבע,הצבי,55,שכונת ה,31.249871,34.775908
באר שבע,הצבי,151,שכונת ה,31.253114,34.772372
באר שבע,הצבי,43,שכונת ה,31.249362,34.776514
באר שבע,הצבי,75,שכונת ה,31.250849,34.775354
באר שבע,הצבי,101,שכונת ה,31.251301,34.773950
באר שבע,הצבי,105,שכונת ה,31.251474,34.773708
באר שבע,הצבי,9,שכונת ה,31.248400,34.777766
באר שבע,הצבי,121,שכונת ה,31.251823,34.772920
באר שבע,הצבי,85,שכונת ה,31.250825,34.774518
באר שבע,הצבי,59,שכונת ה,31.250525,34.775814
באר שבע,הצבי,67,שכונת ה,31.250316,34.775247
באר שבע,הצבי,153,שכונת ה,31.253200,34.772339
באר שבע,הצבי,111,שכונת ה,31.251909,34.773965
באר שבע,הצבי,79,שכונת ה,31.250924,34.774997
באר שבע,הצבי,77,שכונת ה,31.251037,34.775128
באר שבע,הצבי,83,שכונת ה,31.250761,34.774643
באר שבע,הצבי,63,שכונת ה,31.250282,34.775574
באר שבע,הצבי,103,שכונת ה,31.251393,34.773825
באר שבע,הצבי,113,שכונת ה,31.251486,34.773357
באר שבע,הצבי,135,שכונת ה,31.252568,34.773156
באר שבע,הצבי,31,שכונת ה,31.249238,34.777030
באר שבע,הצבי,61,שכונת ה,31.250407,34.775705
באר שבע,הצבי,87,שכונת ה,31.250936,34.774434
באר שבע,הצבי,91,שכונת ה,31.251255,34.774539
באר שבע,הצבי,143,שכונת ה,31.252827,34.772824
באר שבע,הצבי,139,שכונת ה,31.252697,34.772992
באר שבע,הצבי,93,שכונת ה,31.251389,34.774671
באר שבע,הצבי,115,שכונת ה,31.251542,34.773227
באר שבע,הצבי,99,שכונת ה,31.251324,34.774179
באר שבע,הצבי,95,שכונת ה,31.251581,34.774427
באר שבע,הצבי,127,שכונת ה,31.252206,34.773630
באר שבע,הצבי,81,שכונת ה,31.250811,34.774849
באר שבע,הצבי,107,שכונת ה,31.251664,34.773747
באר שבע,הצבי,131,שכונת ה,31.252333,34.773467
באר שבע,הצבי,89,שכונת ה,31.251140,34.774426
באר שבע,הצבי,119,שכונת ה,31.251706,34.773012
באר שבע,הצבי,133,שכונת ה,31.252375,34.773369
באר שבע,הצבי,97,שכונת ה,31.251459,34.774291
באר שבע,הצבי,47,שכונת ה,31.249530,34.776292
באר שבע,הצבי,4,שכונת ה,31.248860,34.778510
באר שבע,הצבי,69,שכונת ה,31.250404,34.775124
באר שבע,הצנחנים,12,שכונת נחל בקע,31.225061,34.778802
באר שבע,הצנחנים,8,שכונת נחל בקע,31.225016,34.778590
באר שבע,הקיני,5,שכונת ד,31.263145,34.794817
באר שבע,הקנאים,25,שכונת ד,31.268714,34.792911
באר שבע,הקנאים,22,שכונת ד,31.269707,34.792977
באר שבע,הקנאים,15,שכונת ד,31.269038,34.793206
באר שבע,הקנאים,8,שכונת ד,31.270120,34.793277
באר שבע,הקנאים,18,שכונת ד,31.269470,34.793130
באר שבע,הקנאים,7,שכונת ד,31.269507,34.793565
באר שבע,הקנאים,26,שכונת ד,31.269461,34.792831
באר שבע,הקנאים,5,שכונת ד,31.269616,34.793582
באר שבע,הקנאים,17,שכונת ד,31.268909,34.793010
באר שבע,הקנאים,4,שכונת ד,31.269876,34.793367
באר שבע,הקנאים,16,שכונת ד,31.269558,34.793207
באר שבע,הקנאים,20,שכונת ד,31.269809,34.793072
באר שבע,הקנאים,19,שכונת ד,31.268910,34.792892
באר שבע,הקניזי,3,שכונת ד,31.261314,34.795959
באר שבע,הקניזי,7,שכונת ד,31.260563,34.795611
באר שבע,הקניזי,4,שכונת ד,31.261155,34.795935
באר שבע,הקניזי,6,שכונת ד,31.260533,34.796011
באר שבע,הר בוקר,93,שכונת רמות,31.276064,34.808211
באר שבע,הר בוקר,85,שכונת רמות,31.275612,34.807889
באר שבע,הר בוקר,77,שכונת רמות,31.275482,34.808210
באר שבע,הר בוקר,87,שכונת רמות,31.275823,34.807662
באר שבע,הר בוקר,55,שכונת רמות,31.274699,34.809121
באר שבע,הר בוקר,57,שכונת רמות,31.274909,34.808934
באר שבע,הר בוקר,28,שכונת רמות,31.275919,34.808647
באר שבע,הר בוקר,53,שכונת רמות,31.274617,34.808950
באר שבע,הר בוקר,67,שכונת רמות,31.275158,34.808743
באר שבע,הר בוקר,47,שכונת רמות,31.274344,34.809179
באר שבע,הר בוקר,69,שכונת רמות,31.275347,34.808583
באר שבע,הר בוקר,75,שכונת רמות,31.275388,34.808076
באר שבע,הר בקע,1,שכונת רמות,31.275690,34.808621
באר שבע,הר בקע,9,שכונת רמות,31.275769,34.809414
באר שבע,הר בקע,7,שכונת רמות,31.275824,34.809237
באר שבע,הר בקע,8,שכונת רמות,31.275549,34.809433
באר שבע,הר בקע,3,שכונת רמות,31.275829,34.808868
באר שבע,הר חרמון,7,שכונת רמות,31.274207,34.810507
באר שבע,הר חרמון,11,שכונת רמות,31.274523,34.810629
באר שבע,הר חרמון,1,שכונת רמות,31.273948,34.810062
באר שבע,הר חרמון,5,שכונת רמות,31.274113,34.810335
באר שבע,הר כנען,21,שכונת רמות,31.274540,34.812246
באר שבע,הר כנען,23,שכונת רמות,31.274532,34.812043
באר שבע,הר כנען,29,שכונת רמות,31.274740,34.811503
באר שבע,הר מירון,3,שכונת רמות,31.276734,34.810504
באר שבע,הר מירון,19,שכונת רמות,31.276827,34.809094
באר שבע,הר מירון,28,שכונת רמות,31.277335,34.808078
באר שבע,הר מירון,26,שכונת רמות,31.277170,34.808257
באר שבע,הר מירון,5,שכונת רמות,31.276708,34.810317
באר שבע,הר מירון,27,שכונת רמות,31.276901,34.808287
באר שבע,הר מירון,8,שכונת רמות,31.276991,34.809977
באר שבע,הר מירון,11,שכונת רמות,31.276770,34.809778
באר שבע,הר עצמון,15,שכונת רמות,31.275139,34.812629
באר שבע,הר עצמון,7,שכונת רמות,31.274913,34.813395
באר שבע,הר עצמון,24,שכונת רמות,31.274986,34.811876
באר שבע,הר עצמון,25,שכונת רמות,31.275347,34.811730
באר שבע,הר רמון,19,שכונת רמות,31.275504,34.812587
באר שבע,הר רמון,73,שכונת רמות,31.276586,34.806768
באר שבע,הר רמון,34,שכונת רמות,31.276082,34.811413
באר שבע,הר רמון,54,שכונת רמות,31.276486,34.809349
באר שבע,הר רמון,29,,31.275691,34.811722
באר שבע,הר רמון,59,שכונת רמות,31.276033,34.807465
באר שבע,הר רמון,72,שכונת רמות,31.276741,34.807588
באר שבע,הר רמון,45,שכונת רמות,31.276156,34.809127
באר שבע,הר רמון,62,שכונת רמות,31.276602,34.808576
באר שבע,הר רמון,77,שכונת רמות,31.276821,34.807022
באר שבע,הר רמון,53,שכונת רמות,31.276256,34.808007
באר שבע,הר רמון,39,שכונת רמות,31.276124,34.809688
באר שבע,הר רמון,27,שכונת רמות,31.275616,34.811900
באר שבע,הר תבור,15,שכונת רמות,31.277306,34.810256
באר שבע,הר תבור,25,שכונת רמות,31.277429,34.809351
באר שבע,הר תבור,17,שכונת רמות,31.277349,34.810041
באר שבע,הר תבור,31,שכונת רמות,31.277488,34.808778
באר שבע,הר תבור,21,שכונת רמות,31.277364,34.809705
באר שבע,הר תבור,13,שכונת רמות,31.277258,34.810437
באר שבע,הר תבור,3,שכונת רמות,31.276409,34.810773
באר שבע,"הרא""ש",9,שכונת יא,31.258690,34.773734
באר שבע,"הרא""ש",15,שכונת יא,31.258463,34.774566
באר שבע,"הרא""ש",4,שכונת יא,31.257936,34.773612
באר שבע,"הרא""ש",1,שכונת יא,31.258192,34.773278
באר שבע,"הרא""ש",16,שכונת יא,31.257968,34.774318
באר שבע,"הרא""ש",6,שכונת יא,31.257988,34.773702
באר שבע,הראל,29,שכונת ו,31.263809,34.775190
באר שבע,הראל,9,שכונת ו,31.264146,34.774986
באר שבע,הראל,2,שכונת ו,31.264054,34.774442
באר שבע,הראל,19,שכונת ו,31.263983,34.775197
באר שבע,הראל,17,שכונת ו,31.263959,34.775129
באר שבע,הראל,22,שכונת ו,31.263553,34.775604
באר שבע,הראל,14,שכונת ו,31.263343,34.774969
באר שבע,הראל,7,שכונת ו,31.264242,34.774917
באר שבע,הראל,3,שכונת ו,31.264094,34.774841
באר שבע,הראל,10,שכונת ו,31.263441,34.774717
באר שבע,הראל,12,שכונת ו,31.263296,34.774779
באר שבע,הראל,13,שכונת ו,31.263900,34.774937
באר שבע,הראל,35,שכונת ו,31.263892,34.775462
באר שבע,הראל,21,שכונת ו,31.264014,34.775325
באר שבע,הראל,31,שכונת ו,31.263826,34.775263
באר שבע,הרב אונטרמן,1,שכונת ו,31.268045,34.780469
באר שבע,הרב אונטרמן,14,שכונת ו,31.267712,34.779818
באר שבע,הרב אונטרמן,3,שכונת ו,31.267980,34.780423
באר שבע,הרב אונטרמן,7,שכונת ו,31.267806,34.780293
באר שבע,הרב אונטרמן,10,שכונת ו,31.267842,34.779990
באר שבע,הרב אונטרמן,5,שכונת ו,31.267876,34.780345
באר שבע,הרב אונטרמן,8,שכונת ו,31.267885,34.780026
באר שבע,הרב אונטרמן,2,שכונת ו,31.268161,34.780257
באר שבע,הרב אונטרמן,6,שכונת ו,31.267989,34.780103
באר שבע,הרב אונטרמן,9,שכונת ו,31.267691,34.780224
באר שבע,הרב אונטרמן,17,שכונת ו,31.267344,34.779940
באר שבע,הרב אונטרמן,19,שכונת ו,31.267270,34.779881
באר שבע,הרב אונטרמן,13,שכונת ו,31.267515,34.780089
באר שבע,הרב אונטרמן,11,שכונת ו,31.267626,34.780168
באר שבע,הרב אונטרמן,15,שכונת ו,31.267456,34.780044
באר שבע,הרב אונטרמן,26,שכונת ו,31.267271,34.779424
באר שבע,הרב אונטרמן,21,שכונת ו,31.267163,34.779802
באר שבע,הרב אונטרמן,24,שכונת ו,31.267325,34.779475
באר שבע,הרב אונטרמן,4,שכונת ו,31.268035,34.780148
באר שבע,הרב אונטרמן,16,שכונת ו,31.267606,34.779749
באר שבע,הרב אונטרמן,20,שכונת ו,31.267466,34.779606
באר שבע,הרב אונטרמן,18,שכונת ו,31.267561,34.779699
באר שבע,הרב אונטרמן,22,שכונת ו,31.267423,34.779559
באר שבע,הרב אונטרמן,23,שכונת ו,31.267112,34.779750
באר שבע,הרב אונטרמן,12,שכונת ו,31.267762,34.779876
באר שבע,הרב אונטרמן,25,שכונת ו,31.266980,34.779648
באר שבע,הרב אסף שמחה,1,שכונת ד,31.265273,34.801886
באר שבע,הרב אסף שמחה,39,שכונת ד,31.265525,34.802816
באר שבע,הרב אסף שמחה,47,שכונת ד,31.265284,34.802820
באר שבע,הרב אסף שמחה,43,שכונת ד,31.265278,34.802458
באר שבע,הרב אסף שמחה,29,שכונת ד,31.266093,34.802608
באר שבע,הרב אסף שמחה,25,שכונת ד,31.265822,34.802614
באר שבע,הרב אסף שמחה,15,שכונת ד,31.265738,34.802221
באר שבע,הרב מנחם גבאי,25,שכונת ד,31.271280,34.793757
באר שבע,הרב מנחם גבאי,12,שכונת ד,31.271887,34.794904
באר שבע,הרב מנחם גבאי,27,שכונת ד,31.271283,34.793716
באר שבע,הרב מנחם גבאי,28,שכונת ד,31.271431,34.793560
באר שבע,הרב מנחם גבאי,10,שכונת ד,31.271879,34.794998
באר שבע,הרב מנחם גבאי,3,שכונת ד,31.271760,34.795429
באר שבע,הרב מנחם גבאי,31,שכונת ד,31.271165,34.793514
באר שבע,הרב מנחם גבאי,23,שכונת ד,31.271390,34.794014
באר שבע,הרב מנחם גבאי,5,שכונת ד,31.271758,34.795302
באר שבע,הרב שלמה גורן,18,שכונת נאות לון,31.244659,34.765101
באר שבע,הרב שלמה גורן,13,שכונת נאות לון,31.243539,34.764510
באר שבע,הרב שלמה גורן,5,שכונת ט,31.243496,34.765044
באר שבע,הרב שלמה גורן,22,שכונת נאות לון,31.244941,34.765130
באר שבע,הרב שלמה גורן,47,שכונת נאות לון,31.245092,34.764564
באר שבע,הרב שלמה גורן,12,שכונת ט,31.244261,34.765108
באר שבע,הרב שלמה גורן,19,שכונת ט,31.244059,34.764662
באר שבע,הרב שלמה גורן,49,שכונת נאות לון,31.245028,34.764500
באר שבע,הרב שלמה גורן,20,שכונת נאות לון,31.244836,34.765163
באר שבע,הרב הרצוג,10,שכונת יא,31.261478,34.768316
באר שבע,הרב הרצוג,2,שכונת יא,31.261668,34.768971
באר שבע,הרב הרצוג,6,שכונת יא,31.261574,34.768573
באר שבע,הרב הרצוג,49,שכונת יא,31.259998,34.768753
באר שבע,הרב הרצוג,5,שכונת יא,31.261409,34.769364
באר שבע,הרב הרצוג,42,שכונת יא,31.260038,34.767239
באר שבע,הרב הרצוג,23,שכונת יא,31.260743,34.768080
באר שבע,הרב הרצוג,26,שכונת יא,31.260894,34.767747
באר שבע,הרב הרצוג,41,שכונת יא,31.260075,34.768297
באר שבע,הרב הרצוג,13,שכונת יא,31.261156,34.768792
באר שבע,הרב הרצוג,24,שכונת יא,31.260998,34.767832
באר שבע,הרב הרצוג,25,שכונת יא,31.260573,34.768427
באר שבע,הרב הרצוג,9,שכונת יא,31.261117,34.769595
באר שבע,הרב הרצוג,45,שכונת יא,31.259643,34.768232
באר שבע,הרב הרצוג,46,שכונת יא,31.259840,34.767257
באר שבע,הרב הרצוג,27,שכונת יא,31.260549,34.767914
באר שבע,הרב הרצוג,16,שכונת יא,31.261261,34.768083
באר שבע,הרב הרצוג,34,שכונת יא,31.260565,34.767437
באר שבע,הרב הרצוג,35,שכונת יא,31.260077,34.767555
באר שבע,הרב הרצוג,43,שכונת יא,31.259795,34.768180
באר שבע,הרב הרצוג,55,שכונת יא,31.259719,34.768997
באר שבע,הרב הרצוג,51,שכונת יא,31.259391,34.768712
באר שבע,הרב הרצוג,40,שכונת יא,31.260114,34.767202
באר שבע,הרב הרצוג,4,שכונת יא,31.261592,34.768715
באר שבע,הרב הרצוג,52,שכונת יא,31.259513,34.767486
באר שבע,הרב הרצוג,14,שכונת יא,31.261379,34.768190
באר שבע,הרב הרצוג,53,שכונת יא,31.259501,34.768806
באר שבע,הרב הרצוג,8,שכונת יא,31.261499,34.768535
באר שבע,הרב חיים חביב,7,שכונת נאות לון,31.251687,34.760555
באר שבע,הרב חיים חביב,6,שכונת נאות לון,31.251919,34.760343
באר שבע,הרב חיים חביב,8,שכונת נאות לון,31.251833,34.760190
באר שבע,הרב חיים חביב,18,שכונת נאות לון,31.251461,34.759389
באר שבע,הרב חיים חביב,10,שכונת נאות לון,31.251767,34.760009
באר שבע,הרב שלמה טנא,2,שכונת נווה זאב,31.234591,34.781790
באר שבע,הרב שלמה טנא,8,שכונת נווה זאב,31.234106,34.782895
באר שבע,הרב שלמה טנא,12,שכונת נווה זאב,31.233796,34.783747
באר שבע,הרב שלמה טנא,10,שכונת נווה זאב,31.233909,34.783294
באר שבע,הרב שלמה טנא,20,שכונת נווה זאב,31.233973,34.785071
באר שבע,הרב שלמה טנא,24,שכונת נווה זאב,31.234481,34.785345
באר שבע,הרב שלמה טנא,22,שכונת נווה זאב,31.234142,34.785518
באר שבע,הרב שלמה טנא,16,שכונת נווה זאב,31.234218,34.784228
באר שבע,הרב שלמה טנא,14,שכונת נווה זאב,31.234169,34.783948
באר שבע,הרב שלמה טנא,26,שכונת נווה זאב,31.234477,34.785876
באר שבע,הרב יוסף סוסו הכהן,11,,31.265993,34.796747
באר שבע,הרב יוסף סוסו הכהן,2,שכונת ד,31.266296,34.797735
באר שבע,הרב סילברט,6,שכונת ד,31.270930,34.788024
באר שבע,הרב עדני,5,שכונת נאות לון,31.252588,34.765085
באר שבע,הרב עדני,18,שכונת נאות לון,31.253024,34.764578
באר שבע,הרב עדני,6,שכונת נאות לון,31.252872,34.765223
באר שבע,הרב עדני,54,שכונת נאות לון,31.253488,34.762654
באר שבע,הרב עדני,58,שכונת נאות לון,31.253551,34.762444
באר שבע,הרב עדני,39,שכונת נאות לון,31.253376,34.761861
באר שבע,הרב עדני,31,שכונת נאות לון,31.253222,34.762582
באר שבע,הרב עדני,4,שכונת נאות לון,31.252877,34.765415
באר שבע,הרב עדני,38,שכונת נאות לון,31.253275,34.763496
באר שבע,הרב עדני,29,שכונת נאות לון,31.253150,34.762754
באר שבע,הרב עדני,78,שכונת נאות לון,31.253841,34.761164
באר שבע,הרב עדני,64,שכונת נאות לון,31.253639,34.762170
באר שבע,הרב עדני,37,שכונת נאות לון,31.253326,34.762017
באר שבע,הרב עדני,22,שכונת נאות לון,31.253083,34.764338
באר שבע,הרב עוזיאל,1,שכונת יא,31.254591,34.770740
באר שבע,הרב עוזיאל,11,שכונת יא,31.254979,34.771546
באר שבע,הרב עוזיאל,13,שכונת יא,31.255120,34.772126
באר שבע,הרב עוזיאל,15,שכונת יא,31.255508,34.771824
באר שבע,הרב עוזיאל,4,שכונת יא,31.254904,34.769356
באר שבע,הרב עוזיאל,16,שכונת יא,31.255299,34.769758
באר שבע,הרב פרנק,18,שכונת ו,31.267305,34.780883
באר שבע,הרב פרנק,20,שכונת ו,31.267233,34.780811
באר שבע,הרב פרנק,14,שכונת ו,31.267481,34.781021
באר שבע,הרב פרנק,12,שכונת ו,31.267585,34.781104
באר שבע,הרב פרנק,16,שכונת ו,31.267407,34.780963
באר שבע,הרב פרנק,22,שכונת ו,31.267150,34.780738
באר שבע,הרב פרנק,13,שכונת ו,31.267156,34.781156
באר שבע,הרב קוק,17,שכונת יא,31.257536,34.771370
באר שבע,הרב קוק,24,שכונת יא,31.257400,34.770883
באר שבע,הרב קוק,25,שכונת יא,31.257549,34.771800
באר שבע,הרב קוק,14,שכונת יא,31.258180,34.770652
באר שבע,הרב קוק,4,שכונת יא,31.258784,34.771255
באר שבע,הרב קוק,16,שכונת יא,31.258051,34.770521
באר שבע,הרב קוק,8,שכונת יא,31.258545,34.770995
באר שבע,הרב קוק,3,שכונת יא,31.258486,34.771437
באר שבע,הרב קוק,10,שכונת יא,31.258466,34.770887
באר שבע,הרב קוק,7,שכונת יא,31.258274,34.771189
באר שבע,הרב קוק,5,שכונת יא,31.258384,34.771313
באר שבע,הרב קוק,6,שכונת יא,31.258689,34.771182
באר שבע,הרב קפאח,17,שכונת נאות לון,31.252207,34.763986
באר שבע,הרב קפאח,9,שכונת נאות לון,31.252021,34.764713
באר שבע,הרב קפאח,30,שכונת נאות לון,31.252879,34.762606
באר שבע,הרב קפאח,47,שכונת נאות לון,31.252966,34.760897
באר שבע,הרב קפאח,45,שכונת נאות לון,31.252918,34.760935
באר שבע,הרב קפאח,44,שכונת נאות לון,31.253223,34.761117
באר שבע,הרב ריינס,1,שכונת נווה מנחם,31.263237,34.759295
באר שבע,הרב שושנה,9,שכונת רמות הרכס,31.284770,34.797289
באר שבע,הרב שושנה,17,שכונת רמות הרכס,31.284973,34.797324
באר שבע,הרב שושנה,13,שכונת רמות הרכס,31.284832,34.797546
באר שבע,הרב שושנה,19,שכונת רמות הרכס,31.285061,34.797187
באר שבע,הרב שושנה,14,שכונת רמות הרכס,31.283300,34.797732
באר שבע,הרב שושנה,2,,31.283072,34.797224
באר שבע,הרב שושנה,12,שכונת רמות הרכס,31.283396,34.797606
באר שבע,הרב שושנה,10,שכונת רמות הרכס,31.283473,34.797474
באר שבע,הרב שושנה,11,שכונת רמות הרכס,31.284846,34.797186
באר שבע,הרב שושנה,15,שכונת רמות הרכס,31.284908,34.797438
באר שבע,הרב שושנה,3,שכונת רמות הרכס,31.284477,34.797167
באר שבע,הרבבה,1,שכונת עיר עתיקה,31.241211,34.783533
באר שבע,הרבבה,4,שכונת עיר עתיקה,31.241801,34.784000
באר שבע,הרצל,21,שכונת עיר עתיקה,31.238837,34.786996
באר שבע,הרצל,23,שכונת עיר עתיקה,31.238920,34.786976
באר שבע,הרצל,9,שכונת עיר עתיקה,31.238222,34.786492
באר שבע,הרצל,41,שכונת עיר עתיקה,31.239543,34.787625
באר שבע,הרצל,17,שכונת עיר עתיקה,31.238570,34.786822
באר שבע,הרצל,37,שכונת עיר עתיקה,31.239369,34.787562
באר שבע,הרצל,11,שכונת עיר עתיקה,31.238369,34.786553
באר שבע,הרצל,29,שכונת עיר עתיקה,31.239098,34.787306
באר שבע,השבטים,27,שכונת עיר עתיקה,31.239813,34.780886
באר שבע,השבטים,15,שכונת עיר עתיקה,31.238628,34.781160
באר שבע,השבטים,12,שכונת עיר עתיקה,31.237726,34.781951
באר שבע,השבטים,13,שכונת עיר עתיקה,31.238389,34.781284
באר שבע,השבטים,23,שכונת עיר עתיקה,31.239475,34.780861
באר שבע,השבטים,19,שכונת עיר עתיקה,31.238974,34.780966
באר שבע,השבטים,4,שכונת עיר עתיקה,31.237048,34.782186
באר שבע,השבטים,21,שכונת עיר עתיקה,31.239213,34.780944
באר שבע,השומר,2,שכונת א,31.247448,34.794291
באר שבע,השומר,4,שכונת א,31.247222,34.794091
באר שבע,השומר,6,שכונת א,31.247123,34.794023
באר שבע,"השל""ה",15,שכונת יא,31.256810,34.770296
באר שבע,"השל""ה",5,שכונת יא,31.256432,34.769453
באר שבע,"השל""ה",19,שכונת יא,31.257215,34.770268
באר שבע,"השל""ה",13,שכונת יא,31.256539,34.770164
באר שבע,"השל""ה",6,שכונת יא,31.257859,34.769661
באר שבע,השלום,56,שכונת ג,31.252571,34.809480
באר שבע,השלום,111,שכונת ג,31.255593,34.810144
באר שבע,השלום,98,שכונת ג,31.257115,34.811538
באר שבע,השלום,95,שכונת ג,31.254654,34.809620
באר שבע,השלום,52,שכונת ג,31.251341,34.808299
באר שבע,השלום,105,שכונת ג,31.255274,34.810116
באר שבע,השלום,33,שכונת ג,31.253055,34.804904
באר שבע,השלום,93,שכונת ג,31.254636,34.809842
באר שבע,השלום,86,שכונת ג,31.255537,34.810666
באר שבע,השלום,38,שכונת ג,31.252228,34.805317
באר שבע,השלום,109,שכונת ג,31.255319,34.809688
באר שבע,השלום,99,שכונת ג,31.254928,34.809849
באר שבע,השלום,127,שכונת ג,31.256815,34.810770
באר שבע,השלום,48,שכונת ג,31.251772,34.807043
באר שבע,השלום,133,שכונת ג,31.257777,34.811179
באר שבע,השלום,103,שכונת ג,31.254944,34.809332
באר שבע,השלום,66,שכונת ג,31.253388,34.810081
באר שבע,השלום,94,שכונת ג,31.256481,34.811085
באר שבע,השלום,115,שכונת ג,31.255614,34.809711
באר שבע,השלום,61,שכונת ג,31.252166,34.806996
באר שבע,השלום,42,שכונת ג,31.251582,34.806265
באר שבע,השלום,113,שכונת ג,31.255625,34.809938
באר שבע,השלום,40,שכונת ג,31.251793,34.805753
באר שבע,השלום,20,שכונת ג,31.252047,34.802450
באר שבע,השלום,22,שכונת ג,31.252557,34.803149
באר שבע,השלום,60,שכונת ג,31.252814,34.809962
באר שבע,השלום,131,שכונת ג,31.257430,34.811299
באר שבע,השלום,67,שכונת ג,31.252065,34.807760
באר שבע,השלום,44,שכונת ג,31.252005,34.806198
באר שבע,השלום,29,שכונת ג,31.253182,34.804128
באר שבע,השלום,32,שכונת ג,31.251995,34.805182
באר שבע,השלום,19,שכונת ג,31.252972,34.802986
באר שבע,השלום,119,שכונת ג,31.255917,34.809901
באר שבע,השלום,121,שכונת ג,31.255945,34.809681
באר שבע,השלום,41,שכונת ג,31.252623,34.805723
באר שבע,השלום,31,שכונת ג,31.253172,34.804622
באר שבע,השלום,46,שכונת ג,31.251849,34.806667
באר שבע,השלום,97,שכונת ג,31.254661,34.809433
באר שבע,השלום,73,שכונת ג,31.252296,34.808360
באר שבע,השלום,76,שכונת ג,31.254446,34.810211
באר שבע,השלום,101,שכונת ג,31.254930,34.809643
באר שבע,השלום,85,שכונת ג,31.253393,34.809214
באר שבע,השלום,26,שכונת ג,31.252701,34.804642
באר שבע,השלום,4,שכונת ג,31.257137,34.810976
באר שבע,השלום,30,שכונת ג,31.252234,34.804651
באר שבע,השלום,88,שכונת ג,31.255745,34.810674
באר שבע,השלום,96,שכונת ג,31.256809,34.811328
באר שבע,השלום,107,שכונת ג,31.255354,34.809822
באר שבע,השלום,63,שכונת ג,31.252112,34.807220
באר שבע,השלום,36,שכונת ג,31.252480,34.805303
באר שבע,השלום,64,שכונת ג,31.253404,34.809901
באר שבע,השלום,117,שכונת ג,31.255919,34.810141
באר שבע,השלום,58,שכונת ג,31.252830,34.809685
באר שבע,השלום,74,שכונת ג,31.254200,34.810189
באר שבע,השלום,78,שכונת ג,31.254641,34.810311
באר שבע,השלום,34,שכונת ג,31.252595,34.804941
באר שבע,השלום,82,שכונת ג,31.255081,34.810443
באר שבע,השלום,84,שכונת ג,31.255336,34.810544
באר שבע,השלום,92,שכונת ג,31.256146,34.810874
באר שבע,השלום,79,שכונת ג,31.252824,34.809124
באר שבע,השלום,75,שכונת ג,31.252553,34.808976
באר שבע,השלום,71,שכונת ג,31.252283,34.808526
באר שבע,השלום,53,שכונת ג,31.252238,34.806789
באר שבע,התיבונים,3,שכונת נאות לון,31.251403,34.762032
באר שבע,התיבונים,19,שכונת נאות לון,31.252274,34.763490
באר שבע,התיבונים,12,שכונת נאות לון,31.252081,34.763665
באר שבע,התלמוד,119,שכונת ד,31.269552,34.783262
באר שבע,התלמוד,26,שכונת ד,31.270650,34.788453
באר שבע,התלמוד,109,שכונת ד,31.269021,34.784178
באר שבע,התלמוד,74,שכונת ד,31.269268,34.784515
באר שבע,התלמוד,107,שכונת ד,31.268958,34.784389
באר שבע,התלמוד,64,שכונת ד,31.269307,34.785175
באר שבע,התלמוד,95,שכונת ד,31.269470,34.786208
באר שבע,התלמוד,99,שכונת ד,31.269047,34.785655
באר שבע,התלמוד,58,שכונת ד,31.269677,34.786055
באר שבע,התלמוד,71,שכונת ד,31.269686,34.787091
באר שבע,התלמוד,67,שכונת ד,31.269603,34.787500
באר שבע,התלמוד,34,שכונת ד,31.270430,34.787986
באר שבע,התלמוד,81,שכונת ד,31.269431,34.786863
באר שבע,התלמוד,90,שכונת ד,31.269997,34.783855
באר שבע,התלמוד,103,שכונת ד,31.268894,34.784904
באר שבע,התלמוד,28,שכונת ד,31.270629,34.788503
באר שבע,התלמוד,55,שכונת ד,31.269918,34.787692
באר שבע,התלמוד,83,שכונת ד,31.269341,34.786911
באר שבע,התלמוד,113,שכונת ד,31.269289,34.783683
באר שבע,התלמוד,73,שכונת ד,31.269568,34.787143
באר שבע,התלמוד,117,שכונת ד,31.269466,34.783455
באר שבע,התלמוד,82,שכונת ד,31.269699,34.783898
באר שבע,התלמוד,24,,31.271192,34.789170
באר שבע,התלמוד,111,שכונת ד,31.269198,34.783906
באר שבע,התלמוד,62,שכונת ד,31.269466,34.785287
באר שבע,התלמוד,68,שכונת ד,31.269263,34.784828
באר שבע,התלמוד,115,שכונת ד,31.269601,34.783628
באר שבע,התלמוד,42,שכונת ד,31.270056,34.787104
באר שבע,התלמוד,86,שכונת ד,31.269796,34.783968
באר שבע,התלמוד,97,שכונת ד,31.269259,34.785700
באר שבע,התלמוד,75,שכונת ד,31.269434,34.787204
באר שבע,התלמוד,60,שכונת ד,31.269443,34.785517
באר שבע,התלמוד,69,שכונת ד,31.269790,34.787034
באר שבע,התלמוד,1,,31.272364,34.789542
באר שבע,התקווה,12,שכונת מרכז אזרחי,31.247996,34.799796
באר שבע,התקווה,1,שכונת מרכז אזרחי,31.244415,34.798971
באר שבע,התקווה,4,שכונת מרכז אזרחי,31.244905,34.799398
באר שבע,התקווה,2,שכונת מרכז אזרחי,31.244371,34.799365
באר שבע,התקווה,10,שכונת מרכז אזרחי,31.247911,34.799274
באר שבע,התקווה,16,שכונת מרכז אזרחי,31.248576,34.799614
באר שבע,התקווה,14,שכונת מרכז אזרחי,31.248232,34.799496
באר שבע,דוד וולפסון,26,שכונת מרכז אזרחי,31.245411,34.801193
באר שבע,דוד וולפסון,34,שכונת מרכז אזרחי,31.244547,34.801399
באר שבע,דוד וולפסון,36,שכונת מרכז אזרחי,31.244526,34.800915
באר שבע,דוד וולפסון,32,שכונת מרכז אזרחי,31.244834,34.801589
באר שבע,יצחק ויטנברג,3,שכונת נחל בקע,31.224527,34.780292
באר שבע,יצחק ויטנברג,9,שכונת נחל בקע,31.224762,34.780203
באר שבע,יצחק ויטנברג,2,שכונת נחל בקע,31.224431,34.780567
באר שבע,יצחק ויטנברג,4,שכונת נחל בקע,31.224611,34.780578
באר שבע,יצחק ויטנברג,15,שכונת נחל בקע,31.225066,34.780120
באר שבע,יצחק ויטנברג,19,שכונת נחל בקע,31.225302,34.780078
באר שבע,וילנאי זאב,19,שכונת רמות,31.276845,34.803709
באר שבע,וילנאי זאב,4,שכונת רמות,31.275391,34.804407
באר שבע,וילנאי זאב,3,שכונת רמות,31.275181,34.804064
באר שבע,וילנאי זאב,6,שכונת רמות,31.275600,34.804162
באר שבע,וילנאי זאב,12,שכונת רמות,31.276261,34.803904
באר שבע,וילנאי זאב,13,שכונת רמות,31.276273,34.803477
באר שבע,וילנאי זאב,5,שכונת רמות,31.275325,34.803899
באר שבע,וילנאי זאב,10,שכונת רמות,31.276087,34.803913
באר שבע,וילנאי זאב,11,שכונת רמות,31.276110,34.803491
באר שבע,וילנאי זאב,7,שכונת רמות,31.275531,34.803732
באר שבע,וילנאי זאב,17,שכונת רמות,31.276767,34.803532
באר שבע,וילנאי זאב,8,שכונת רמות,31.275778,34.804053
באר שבע,וילנאי זאב,9,שכונת רמות,31.275781,34.803575
באר שבע,זאב וילנאי,14,שכונת רמות,31.276553,34.803904
באר שבע,וילנאי זאב,1,שכונת רמות,31.274978,34.804430
באר שבע,וילנאי זאב,15,שכונת רמות,31.276479,34.803472
באר שבע,משה וילנסקי,49,שכונת נאות לון,31.246215,34.759755
באר שבע,משה וילנסקי,47,שכונת נאות לון,31.246064,34.759662
באר שבע,משה וילנסקי,41,שכונת נאות לון,31.245646,34.759498
באר שבע,משה וילנסקי,43,שכונת נאות לון,31.245782,34.759545
באר שבע,משה וילנסקי,21,שכונת נאות לון,31.244250,34.760604
באר שבע,משה וילנסקי,35,שכונת נאות לון,31.245047,34.759640
באר שבע,משה וילנסקי,33,שכונת נאות לון,31.244929,34.759752
באר שבע,משה וילנסקי,15,שכונת נאות לון,31.244142,34.761109
באר שבע,משה וילנסקי,8,שכונת נאות לון,31.244465,34.761429
באר שבע,אריה וילנר,1,שכונת נחל בקע,31.223196,34.779403
באר שבע,אריה וילנר,6,שכונת נחל בקע,31.223439,34.779575
באר שבע,אריה וילנר,8,שכונת נחל בקע,31.223511,34.779567
באר שבע,אריה וילנר,7,שכונת נחל בקע,31.223409,34.779234
באר שבע,אריה וילנר,2,שכונת נחל בקע,31.223265,34.779610
באר שבע,וינגייט,57,שכונת ב,31.255504,34.801676
באר שבע,וינגייט,41,שכונת ג,31.255157,34.804945
באר שבע,וינגייט,31,שכונת ג,31.256904,34.808451
באר שבע,וינגייט,80,שכונת ד,31.255979,34.801845
באר שבע,וינגייט,51,שכונת ג,31.255603,34.802580
באר שבע,וינגייט,18,שכונת ג,31.256670,34.808645
באר שבע,וינגייט,1,שכונת ג,31.256265,34.810391
באר שבע,וינגייט,3,שכונת ג,31.256276,34.810088
באר שבע,וינגייט,62,שכונת ד,31.256047,34.802698
באר שבע,וינגייט,72,שכונת ד,31.257064,34.803060
באר שבע,וינגייט,68,שכונת ד,31.256993,34.803576
באר שבע,וינגייט,61,שכונת ב,31.255498,34.801062
באר שבע,וינגייט,82,שכונת ד,31.255882,34.801602
באר שבע,וינגייט,74,שכונת ד,31.256975,34.802809
באר שבע,וינגייט,78,שכונת ד,31.256381,34.802256
באר שבע,וינגייט,70,שכונת ד,31.257079,34.803388
באר שבע,וינגייט,21,שכונת ג,31.256045,34.807662
באר שבע,וינגייט,53,שכונת ב,31.255582,34.802293
באר שבע,וינגייט,58,שכונת ד,31.256000,34.803187
באר שבע,וינגייט,25,שכונת ג,31.256022,34.807382
באר שבע,וינגייט,76,שכונת ד,31.256502,34.802447
באר שבע,וינגייט,16,שכונת ג,31.256665,34.808834
באר שבע,וינגייט,7,שכונת ג,31.256275,34.809735
באר שבע,וינגייט,64,שכונת ד,31.255908,34.802471
באר שבע,וינגייט,2,שכונת ג,31.256659,34.810367
באר שבע,וינגייט,11,שכונת ג,31.256270,34.809392
באר שבע,וינגייט,9,שכונת ג,31.256271,34.809575
באר שבע,וינגייט,10,שכונת ג,31.256668,34.809370
באר שבע,וינגייט,14,שכונת ג,31.256672,34.809014
באר שבע,וינגייט,8,שכונת ג,31.256652,34.809572
באר שבע,וינגייט,22,שכונת ג,31.256663,34.808252
באר שבע,וינגייט,12,שכונת ג,31.256666,34.809192
באר שבע,וינגייט,60,שכונת ד,31.256076,34.802991
באר שבע,וינגייט,4,שכונת ג,31.256622,34.810289
באר שבע,וינגייט,17,שכונת ג,31.256060,34.808011
באר שבע,וינגייט,5,שכונת ג,31.256270,34.809934
באר שבע,וינגייט,59,שכונת ב,31.255520,34.801364
באר שבע,וינגייט,37,שכונת ג,31.255726,34.805419
באר שבע,וינגייט,13,שכונת ג,31.256231,34.809246
באר שבע,וינגייט,38,שכונת ג,31.256077,34.805849
באר שבע,וינגייט,36,שכונת ג,31.256170,34.806400
באר שבע,וינגייט,23,שכונת ג,31.256041,34.807494
באר שבע,וינגייט,19,שכונת ג,31.256036,34.807831
באר שבע,זאב ויניק,8,שכונת נווה מנחם,31.258601,34.759405
באר שבע,זאב ויניק,6,שכונת נווה מנחם,31.258526,34.759365
באר שבע,זאב ויניק,10,שכונת נווה מנחם,31.258619,34.759544
באר שבע,ויצמן,7,שכונת א,31.247249,34.794795
באר שבע,ויצמן,8,שכונת א,31.247545,34.794859
באר שבע,ויצמן,22,שכונת א,31.249159,34.792647
באר שבע,ויצמן,4,שכונת א,31.247324,34.795436
באר שבע,ויצמן,9,שכונת א,31.247401,34.794576
באר שבע,ויצמן,19,שכונת א,31.248350,34.792979
באר שבע,ויצמן,6,שכונת א,31.247417,34.795202
באר שבע,ויצמן,12,שכונת א,31.247874,34.794312
באר שבע,ויצמן,20,שכונת א,31.248820,34.792863
באר שבע,ויצמן,10,שכונת א,31.247755,34.794611
באר שבע,ויצמן,18,שכונת א,31.248451,34.793452
באר שבע,ויצמן,3,שכונת א,31.246942,34.795532
באר שבע,ויצמן,5,שכונת א,31.247069,34.795291
באר שבע,ויצמן,2,שכונת א,31.247232,34.795674
באר שבע,אלפרד ויתקון,9,שכונת ו,31.270645,34.777983
באר שבע,אלפרד ויתקון,10,שכונת ו,31.271013,34.778249
באר שבע,אלפרד ויתקון,11,שכונת ו,31.270618,34.777907
באר שבע,אלפרד ויתקון,21,שכונת ו,31.270386,34.777371
באר שבע,אלפרד ויתקון,15,שכונת ו,31.270534,34.777670
באר שבע,אלפרד ויתקון,27,שכונת ו,31.270272,34.777113
באר שבע,אלפרד ויתקון,54,שכונת ו,31.269971,34.776587
באר שבע,אלפרד ויתקון,38,שכונת ו,31.270476,34.776855
באר שבע,אלפרד ויתקון,26,שכונת ו,31.270711,34.777427
באר שבע,זלמן וקסמן,14,שכונת רמות,31.270262,34.808342
באר שבע,ורד,5,שכונת נווה נוי,31.232424,34.779086
באר שבע,ורד,24,שכונת נווה נוי,31.231001,34.778716
באר שבע,ורד,10,שכונת נווה נוי,31.232091,34.778727
באר שבע,ורד,17,שכונת נווה נוי,31.231182,34.779097
באר שבע,ורד,9,שכונת נווה נוי,31.232125,34.779069
באר שבע,ורד,2,שכונת נווה נוי,31.232741,34.778761
באר שבע,ורד,12,שכונת נווה נוי,31.231948,34.778770
באר שבע,ורד,6,שכונת נווה נוי,31.232411,34.778734
באר שבע,חיים ורטהיימר,5,שכונת רמות,31.271311,34.808409
באר שבע,זאב ז'בוטינסקי,17,שכונת ג,31.249636,34.808230
באר שבע,זאב ז'בוטינסקי,11,שכונת ג,31.249095,34.808871
באר שבע,זאב ז'בוטינסקי,38,שכונת ג,31.250479,34.809243
באר שבע,זאב ז'בוטינסקי,44,שכונת ג,31.251140,34.809424
באר שבע,זאב ז'בוטינסקי,12,שכונת ג,31.247974,34.808342
באר שבע,זאב ז'בוטינסקי,40,שכונת ג,31.250673,34.809273
באר שבע,זאב ז'בוטינסקי,25,שכונת ג,31.250831,34.808458
באר שבע,זאב ז'בוטינסקי,46,שכונת ג,31.251411,34.809407
באר שבע,זאב ז'בוטינסקי,32,שכונת ג,31.249711,34.809372
באר שבע,זאב ז'בוטינסקי,7,שכונת ג,31.248568,34.808424
באר שבע,זאב ז'בוטינסקי,21,שכונת ג,31.250363,34.808704
באר שבע,זאב ז'בוטינסקי,13,שכונת ג,31.249373,34.809074
באר שבע,זאב ז'בוטינסקי,15,שכונת ג,31.249655,34.809039
באר שבע,זאב ז'בוטינסקי,27,שכונת ג,31.250898,34.808721
באר שבע,זאב ז'בוטינסקי,24,שכונת ג,31.248924,34.809228
באר שבע,זאב ז'בוטינסקי,10,שכונת ג,31.247844,34.808198
באר שבע,זאב ז'בוטינסקי,36,שכונת ג,31.250292,34.809326
באר שבע,זאב ז'בוטינסקי,18,שכונת ג,31.248484,34.808778
באר שבע,זאב ז'בוטינסקי,26,שכונת ג,31.249097,34.809307
באר שבע,ז'בוטינסקי זאב,56,שכונת ג,31.251970,34.809405
באר שבע,זאב ז'בוטינסקי,9,שכונת ג,31.248828,34.808632
באר שבע,זאב ז'בוטינסקי,20,שכונת ג,31.248674,34.808888
באר שבע,ז'בוטינסקי זאב,46,שכונת ג,31.251411,34.809407
באר שבע,ז'בוטינסקי זאב,48,שכונת ג,31.251499,34.809391
באר שבע,זאב ז'בוטינסקי,5,שכונת ג,31.248313,34.808186
באר שבע,ז'בוטינסקי זאב,58,שכונת ג,31.252116,34.809423
באר שבע,ז'בוטינסקי זאב,52,שכונת ג,31.251699,34.809430
באר שבע,זאב ז'בוטינסקי,22,שכונת ג,31.248854,34.809041
באר שבע,זאב ז'בוטינסקי,14,שכונת ג,31.248184,34.808488
באר שבע,ז'בוטינסקי זאב,54,שכונת ג,31.251824,34.809464
באר שבע,זאב ז'בוטינסקי,16,שכונת ג,31.248306,34.808620
באר שבע,זאב ז'בוטינסקי,42,שכונת ג,31.250920,34.809356
באר שבע,זאב ז'בוטינסקי,23,שכונת ג,31.250430,34.808448
באר שבע,זאב ז'בוטינסקי,1,שכונת ג,31.248213,34.807339
באר שבע,זאב ז'בוטינסקי,28,שכונת ג,31.249317,34.809422
באר שבע,זאב ז'בוטינסקי,8,שכונת ג,31.247713,34.807986
באר שבע,ז'בוטינסקי זאב,50,שכונת ג,31.251600,34.809424
באר שבע,זאב ז'בוטינסקי,3,שכונת ג,31.248071,34.807844
באר שבע,זאב ז'בוטינסקי,6,שכונת ג,31.247748,34.807753
באר שבע,זבולון,11,שכונת עיר עתיקה,31.237890,34.782191
באר שבע,זבולון,6,שכונת עיר עתיקה,31.237334,34.782592
באר שבע,מיכאל זהרי,22,שכונת רמות,31.274252,34.802962
באר שבע,מיכאל זהרי,17,שכונת רמות,31.274227,34.802469
באר שבע,מיכאל זהרי,11,שכונת רמות,31.273978,34.802242
באר שבע,מיכאל זהרי,39,שכונת רמות,31.275074,34.803225
באר שבע,מיכאל זהרי,23,שכונת רמות,31.274502,34.802793
באר שבע,מיכאל זהרי,34,שכונת רמות,31.274632,34.803316
באר שבע,מיכאל זהרי,6,שכונת רמות,31.273590,34.802420
באר שבע,מיכאל זהרי,31,שכונת רמות,31.274763,34.803021
באר שבע,משה זילברג,1,שכונת ו,31.268843,34.775822
באר שבע,משה זילברג,23,שכונת ו,31.269826,34.775242
באר שבע,משה זילברג,15,שכונת ו,31.269513,34.775454
באר שבע,משה זילברג,25,שכונת ו,31.269896,34.775368
באר שבע,חמדה וצבי זינדר,26,שכונת נחל בקע,31.223641,34.776761
באר שבע,חמדה וצבי זינדר,44,שכונת נחל בקע,31.225068,34.774944
באר שבע,חמדה וצבי זינדר,17,שכונת נחל בקע,31.223425,34.776738
באר שבע,חמדה וצבי זינדר,14,שכונת נחל בקע,31.223233,34.777332
באר שבע,חמדה וצבי זינדר,23,שכונת נחל בקע,31.224525,34.775273
באר שבע,חמדה וצבי זינדר,7,שכונת נחל בקע,31.222849,34.777437
באר שבע,חמדה וצבי זינדר,29,שכונת נחל בקע,31.224876,34.774748
באר שבע,חמדה וצבי זינדר,19,שכונת נחל בקע,31.224113,34.775830
באר שבע,חמדה וצבי זינדר,18,שכונת נחל בקע,31.223331,34.777180
באר שבע,חמדה וצבי זינדר,20,שכונת נחל בקע,31.223396,34.777120
באר שבע,זיסו,7,שכונת ג,31.255496,34.808993
באר שבע,זיסו,13,שכונת ג,31.255744,34.809286
באר שבע,זיסו,12,שכונת ג,31.255255,34.808649
באר שבע,זיסו,6,שכונת ג,31.255184,34.808410
באר שבע,זיסו,8,שכונת ג,31.255434,34.808167
באר שבע,זיסו,3,שכונת ג,31.255971,34.809069
באר שבע,זיסו,2,שכונת ג,31.255738,34.808679
באר שבע,זיסו,14,שכונת ג,31.254996,34.808970
באר שבע,זיסו,15,שכונת ג,31.255571,34.809273
באר שבע,זיסו,10,שכונת ג,31.255203,34.808183
באר שבע,זיסו,5,שכונת ג,31.255754,34.808980
באר שבע,זיסו,17,שכונת ג,31.255320,34.809320
באר שבע,זיסו,11,שכונת ג,31.255976,34.809315
באר שבע,זלפה,6,שכונת נווה מנחם,31.269895,34.763639
באר שבע,זלפה,4,שכונת נווה מנחם,31.269709,34.763874
באר שבע,זלפה,9,שכונת נווה מנחם,31.269634,34.763529
באר שבע,זלפה,15,שכונת נווה מנחם,31.269845,34.763270
באר שבע,זלפה,8,שכונת נווה מנחם,31.269926,34.763556
באר שבע,זלפה,10,שכונת נווה מנחם,31.270032,34.763504
באר שבע,זלפה,23,שכונת נווה מנחם,31.270060,34.762960
באר שבע,זלפה,2,שכונת נווה מנחם,31.269551,34.764078
באר שבע,משה זמורה,12,שכונת ו,31.269325,34.775257
באר שבע,משה זמורה,2,שכונת ו,31.269868,34.776591
באר שבע,משה זמורה,3,שכונת ו,31.269646,34.776514
באר שבע,זמנהוף,30,שכונת נווה מנחם,31.264126,34.760467
באר שבע,זמנהוף,19,שכונת נווה מנחם,31.264812,34.761529
באר שבע,זמנהוף,24,שכונת נווה מנחם,31.264691,34.761035
באר שבע,זמנהוף,3,שכונת נווה מנחם,31.265474,34.762218
באר שבע,זמנהוף,1,שכונת נווה מנחם,31.265564,34.762294
באר שבע,זמנהוף,17,שכונת נווה מנחם,31.264919,34.761611
באר שבע,זמנהוף,35,שכונת נווה מנחם,31.264005,34.760693
באר שבע,זמנהוף,21,שכונת נווה מנחם,31.264767,34.761458
באר שבע,זמנהוף,7,שכונת נווה מנחם,31.265312,34.762020
באר שבע,זמנהוף,8,שכונת נווה מנחם,31.265252,34.761587
באר שבע,זמנהוף,26,שכונת נווה מנחם,31.264566,34.760888
באר שבע,זמנהוף,31,שכונת נווה מנחם,31.264170,34.760869
באר שבע,זמנהוף,12,שכונת נווה מנחם,31.265087,34.761469
באר שבע,זמנהוף,25,שכונת נווה מנחם,31.264607,34.761286
באר שבע,ישראל זנגוויל,3,שכונת נווה מנחם,31.265454,34.761315
באר שבע,ישראל זנגוויל,17,שכונת נווה מנחם,31.264966,34.760822
באר שבע,ישראל זנגוויל,15,שכונת נווה מנחם,31.265022,34.760948
באר שבע,ישראל זנגוויל,13,שכונת נווה מנחם,31.265077,34.760966
באר שבע,ישראל זנגוויל,2,שכונת נווה מנחם,31.265642,34.761158
באר שבע,ישראל זנגוויל,8,שכונת נווה מנחם,31.265444,34.760952
באר שבע,"נלי זק""ש",15,שכונת רמות,31.271559,34.806928
באר שבע,"נלי זק""ש",6,שכונת רמות,31.271240,34.806957
באר שבע,"נלי זק""ש",17,שכונת רמות,31.271609,34.807030
באר שבע,"נלי זק""ש",11,שכונת רמות,31.271456,34.806780
באר שבע,"נלי זק""ש",12,שכונת רמות,31.271376,34.807173
באר שבע,"נלי זק""ש",10,שכונת רמות,31.271305,34.807149
באר שבע,זרובבל,14,שכונת נווה מנחם,31.265327,34.763275
באר שבע,זרובבל,4,שכונת נווה מנחם,31.265267,34.763765
באר שבע,זרובבל,17,שכונת נווה מנחם,31.264856,34.763398
באר שבע,זרובבל,21,שכונת נווה מנחם,31.264945,34.763227
באר שבע,זרזיר,2,שכונת ה,31.249352,34.782355
באר שבע,זרזיר,14,שכונת ה,31.249679,34.781924
באר שבע,אלכסנדר זרחין,22,שכונת רמות,31.274986,34.805002
באר שבע,אלכסנדר זרחין,17,שכונת רמות,31.274594,34.804961
באר שבע,אלכסנדר זרחין,19,שכונת רמות,31.274622,34.804876
באר שבע,אלכסנדר זרחין,21,שכונת רמות,31.274716,34.804825
באר שבע,אלכסנדר זרחין,8,שכונת רמות,31.274665,34.805583
באר שבע,אלכסנדר זרחין,20,שכונת רמות,31.274930,34.805110
באר שבע,"ח""ן",8,שכונת ו,31.266575,34.777351
באר שבע,"ח""ן",12,שכונת ו,31.266023,34.777795
באר שבע,"ח""ן",2,שכונת ו,31.266643,34.776707
באר שבע,"ח""ן",26,שכונת ו,31.265135,34.775539
באר שבע,"ח""ן",6,שכונת ו,31.266665,34.777156
באר שבע,"ח""ן",18,שכונת ו,31.265428,34.776704
באר שבע,"ח""ן",24,שכונת ו,31.265298,34.775531
באר שבע,"ח""ן",22,שכונת ו,31.265097,34.775942
באר שבע,"ח""ן",10,שכונת ו,31.266417,34.777610
באר שבע,"ח""ן",21,שכונת ו,31.265678,34.775912
באר שבע,"ח""ן",14,שכונת ו,31.265745,34.777477
באר שבע,"ח""ן",16,שכונת ו,31.265669,34.777180
באר שבע,"ח""ן",4,שכונת ו,31.266733,34.776926
באר שבע,"ח""ן",28,שכונת ו,31.264956,34.775580
באר שבע,"ח""ן",19,שכונת ו,31.265728,34.776069
באר שבע,"ח""ן",23,שכונת ו,31.265612,34.775773
באר שבע,ברכה חבס,5,שכונת נווה מנחם,31.270105,34.768751
באר שבע,ברכה חבס,2,שכונת נווה מנחם,31.270434,34.768905
באר שבע,ברכה חבס,11,שכונת נווה מנחם,31.270023,34.768467
באר שבע,ברכה חבס,9,שכונת נווה מנחם,31.269999,34.768539
באר שבע,ברכה חבס,3,שכונת נווה מנחם,31.270223,34.768843
באר שבע,חבצלת הנגב,31,שכונת נווה נוי,31.234142,34.790645
באר שבע,חבצלת הנגב,29,שכונת נווה נוי,31.234132,34.791062
באר שבע,חבצלת הנגב,69,שכונת נווה נוי,31.232577,34.787654
באר שבע,חבצלת הנגב,88,שכונת נווה נוי,31.231199,34.786889
באר שבע,חבצלת הנגב,95,שכונת נווה נוי,31.230342,34.787156
באר שבע,חבצלת הנגב,93,שכונת נווה נוי,31.230466,34.787152
באר שבע,חבצלת הנגב,74,שכונת נווה נוי,31.232536,34.787211
באר שבע,חבצלת הנגב,76,שכונת נווה נוי,31.232197,34.787155
באר שבע,חבצלת הנגב,77,שכונת נווה נוי,31.231960,34.787555
באר שבע,חבצלת הנגב,53,שכונת נווה נוי,31.233791,34.788635
באר שבע,חבצלת הנגב,21,שכונת נווה נוי,31.234071,34.792240
באר שבע,חבצלת הנגב,41,שכונת נווה נוי,31.234067,34.789723
באר שבע,חבצלת הנגב,47,שכונת נווה נוי,31.233946,34.789206
באר שבע,חבצלת הנגב,51,שכונת נווה נוי,31.233794,34.788844
באר שבע,חבצלת הנגב,61,שכונת נווה נוי,31.233339,34.788064
באר שבע,חברון,105,שכונת אזור תעשיה,31.241480,34.803070
באר שבע,חברון,14,שכונת אזור תעשיה,31.238081,34.795161
באר שבע,משה חובב,28,שכונת נחל בקע,31.221077,34.775017
באר שבע,משה חובב,9,שכונת נחל בקע,31.220450,34.773891
באר שבע,משה חובב,15,שכונת נחל בקע,31.220748,34.774159
באר שבע,משה חובב,31,שכונת נחל בקע,31.221668,34.775132
באר שבע,משה חובב,47,שכונת נחל בקע,31.222456,34.776011
באר שבע,משה חובב,56,שכונת נחל בקע,31.222672,34.776704
באר שבע,משה חובב,59,שכונת נחל בקע,31.223224,34.776591
באר שבע,משה חובב,39,שכונת נחל בקע,31.222080,34.775544
באר שבע,משה חובב,4,שכונת נחל בקע,31.219819,34.773733
באר שבע,חוה,15,שכונת נווה מנחם,31.269213,34.763649
באר שבע,חווה,33,שכונת נווה מנחם,31.269883,34.764676
באר שבע,חווה,8,שכונת נווה מנחם,31.267992,34.762483
באר שבע,חווה,32,שכונת נווה מנחם,31.269485,34.764651
באר שבע,חווה,16,שכונת נווה מנחם,31.268869,34.763529
באר שבע,חווה,12,שכונת נווה מנחם,31.268517,34.763033
באר שבע,חווה,5,שכונת נווה מנחם,31.268083,34.761995
באר שבע,חוחית,67,שכונת פלח שבע,31.228269,34.763088
באר שבע,חוחית,7,שכונת פלח שבע,31.227944,34.764359
באר שבע,חוחית,20,שכונת פלח שבע,31.227702,34.763450
באר שבע,חוחית,11,שכונת פלח שבע,31.227759,34.764005
באר שבע,חוחית,73,שכונת פלח שבע,31.228557,34.763557
באר שבע,חוחית,18,שכונת פלח שבע,31.227797,34.763565
באר שבע,חוחית,57,שכונת פלח שבע,31.227488,34.762780
באר שבע,חוחית,43,שכונת פלח שבע,31.226693,34.762109
באר שבע,חוחית,26,שכונת פלח שבע,31.228199,34.763471
באר שבע,חוחית,28,שכונת פלח שבע,31.228274,34.763617
באר שבע,חוחית,15,שכונת פלח שבע,31.227531,34.763725
באר שבע,חוחית,41,שכונת פלח שבע,31.226578,34.762149
באר שבע,חוחית,36,שכונת פלח שבע,31.228546,34.764336
באר שבע,חוחית,17,שכונת פלח שבע,31.227441,34.763584
באר שבע,חוחית,83,שכונת פלח שבע,31.228867,34.764429
באר שבע,חוחית,51,שכונת פלח שבע,31.227018,34.762496
באר שבע,חוחית,53,שכונת פלח שבע,31.227061,34.762529
באר שבע,חוחית,79,שכונת פלח שבע,31.228762,34.764071
באר שבע,חומה ומגדל,16,שכונת ג,31.253969,34.804135
באר שבע,חומה ומגדל,10,שכונת ג,31.253932,34.803383
באר שבע,חומה ומגדל,27,שכונת ג,31.253956,34.805537
באר שבע,חומה ומגדל,36,שכונת ג,31.253144,34.806498
באר שבע,חומה ומגדל,14,שכונת ג,31.253979,34.803879
באר שבע,חומה ומגדל,25,שכונת ג,31.254011,34.805316
באר שבע,חומה ומגדל,32,שכונת ג,31.253464,34.806080
באר שבע,חומה ומגדל,21,שכונת ג,31.254129,34.804765
באר שבע,חומה ומגדל,15,שכונת ג,31.254189,34.804000
באר שבע,חומה ומגדל,28,שכונת ג,31.253699,34.805638
באר שבע,חומה ומגדל,30,שכונת ג,31.253606,34.805808
באר שבע,חומה ומגדל,18,שכונת ג,31.253967,34.804333
באר שבע,חומה ומגדל,12,שכונת ג,31.253968,34.803610
באר שבע,חומה ומגדל,29,שכונת ג,31.253836,34.805801
באר שבע,חומה ומגדל,34,שכונת ג,31.253374,34.806268
באר שבע,חומה ומגדל,22,שכונת ג,31.253927,34.804918
באר שבע,חומה ומגדל,20,שכונת ג,31.253973,34.804680
באר שבע,חומה ומגדל,3,שכונת ג,31.253785,34.802373
באר שבע,חומה ומגדל,23,שכונת ג,31.254090,34.805072
באר שבע,חומה ומגדל,5,שכונת ג,31.253890,34.802675
באר שבע,"חז""ל",88,שכונת ב,31.257683,34.790454
באר שבע,"חז""ל",60,שכונת ב,31.257755,34.791787
באר שבע,"חז""ל",52,שכונת ד,31.257773,34.792460
באר שבע,"חז""ל",1,שכונת ד,31.257585,34.794781
באר שבע,"חז""ל",14,שכונת ד,31.257835,34.794231
באר שבע,"חז""ל",77,שכונת ב,31.257440,34.791284
באר שבע,"חז""ל",35,שכונת ד,31.257527,34.793319
באר שבע,"חז""ל",99,שכונת ב,31.257437,34.789989
באר שבע,"חז""ל",101,שכונת ב,31.257438,34.789817
באר שבע,"חז""ל",102,שכונת ב,31.258093,34.789722
באר שבע,"חז""ל",62,שכונת ב,31.257785,34.791670
באר שבע,"חז""ל",42,שכונת ד,31.257830,34.792915
באר שבע,"חז""ל",49,שכונת ב,31.257434,34.792473
באר שבע,"חז""ל",70,שכונת ב,31.257728,34.791362
באר שבע,"חז""ל",11,שכונת ד,31.257550,34.794409
באר שבע,"חז""ל",84,שכונת ב,31.257757,34.790723
באר שבע,"חז""ל",104,שכונת ב,31.257715,34.789803
באר שבע,"חז""ל",97,שכונת ב,31.257422,34.790083
באר שבע,"חז""ל",25,שכונת ד,31.257540,34.793807
באר שבע,"חז""ל",47,שכונת ב,31.257502,34.792806
באר שבע,"חז""ל",107,שכונת ב,31.257400,34.789573
באר שבע,"חז""ל",71,שכונת ב,31.257399,34.791503
באר שבע,יעקב חזן,46,שכונת רמות,31.275684,34.816582
באר שבע,יעקב חזן,24,שכונת רמות,31.275688,34.819036
באר שבע,יעקב חזן,39,שכונת רמות,31.275450,34.817298
באר שבע,יעקב חזן,15,שכונת רמות,31.275390,34.819568
באר שבע,יעקב חזן,32,שכונת רמות,31.275710,34.818268
באר שבע,יעקב חזן,3,שכונת רמות,31.275237,34.820738
באר שבע,יעקב חזן,8,שכונת רמות,31.275676,34.820473
באר שבע,יעקב חזן,20,שכונת רמות,31.275681,34.819422
באר שבע,יעקב חזן,19,שכונת רמות,31.275409,34.819181
באר שבע,יעקב חזן,28,שכונת רמות,31.275708,34.818636
באר שבע,יעקב חזן,43,שכונת רמות,31.275409,34.816906
באר שבע,יעקב חזן,44,שכונת רמות,31.275705,34.816791
באר שבע,יעקב חזן,7,שכונת רמות,31.275350,34.820470
באר שבע,יעקב חזן,13,שכונת רמות,31.275402,34.819920
באר שבע,חזני מיכאל,20,שכונת יא,31.261514,34.771739
באר שבע,מיכאל חזני,40,שכונת יא,31.262711,34.770610
באר שבע,מיכאל חזני,5,שכונת יא,31.261006,34.770801
באר שבע,מיכאל חזני,2,שכונת יא,31.260330,34.770882
באר שבע,מיכאל חזני,26,שכונת יא,31.261824,34.771334
באר שבע,מיכאל חזני,4,שכונת יא,31.260076,34.770940
באר שבע,חזני מיכאל,24,שכונת יא,31.261583,34.771429
באר שבע,מיכאל חזני,1,שכונת יא,31.260809,34.770327
באר שבע,מיכאל חזני,14,שכונת יא,31.261113,34.772190
באר שבע,מיכאל חזני,34,שכונת יא,31.262430,34.770858
באר שבע,מיכאל חזני,3,שכונת יא,31.261137,34.770203
באר שבע,מיכאל חזני,16,שכונת יא,31.261247,34.772054
באר שבע,מיכאל חזני,36,שכונת יא,31.262463,34.770669
באר שבע,מיכאל חזני,38,שכונת יא,31.262314,34.770580
באר שבע,מיכאל חזני,10,שכונת יא,31.260753,34.771554
באר שבע,חזני מיכאל,18,שכונת יא,31.261416,34.771824
באר שבע,מיכאל חזני,32,שכונת יא,31.262294,34.770998
באר שבע,חזני מיכאל,22,שכונת יא,31.261599,34.771586
באר שבע,מיכאל חזני,8,שכונת יא,31.260555,34.771416
באר שבע,מיכאל חזני,6,שכונת יא,31.260330,34.771244
באר שבע,מיכאל חזני,12,שכונת יא,31.260904,34.772296
באר שבע,חזקיהו,6,שכונת ו,31.263386,34.785673
באר שבע,חזקיהו,4,שכונת ו,31.263653,34.785537
באר שבע,חטיבה שמונה,23,שכונת נווה זאב,31.240716,34.777595
באר שבע,חטיבה שמונה,11,שכונת נווה זאב,31.238020,34.777633
באר שבע,חטיבת הנגב,5,שכונת עיר עתיקה,31.238051,34.781939
באר שבע,חטיבת הנגב,45,שכונת עיר עתיקה,31.240337,34.785347
באר שבע,חטיבת הנגב,11,שכונת עיר עתיקה,31.238223,34.782394
באר שבע,חטיבת הנגב,36,שכונת עיר עתיקה,31.239713,34.785024
באר שבע,חטיבת הנגב,34,שכונת עיר עתיקה,31.239539,34.784899
באר שבע,חטיבת הנגב,31,שכונת עיר עתיקה,31.239596,34.784534
באר שבע,חטיבת הנגב,1,שכונת עיר עתיקה,31.237818,34.781310
באר שבע,חטיבת הנגב,55,שכונת עיר עתיקה,31.240956,34.785910
באר שבע,חטיבת הנגב,2,שכונת עיר עתיקה,31.237590,34.781404
באר שבע,"חי""ל",9,שכונת ו,31.261321,34.776847
באר שבע,"חי""ל",7,שכונת ו,31.261431,34.776809
באר שבע,"חי""ל",1,שכונת ו,31.261982,34.776657
באר שבע,"חי""ל",15,שכונת ו,31.260910,34.776877
באר שבע,"חי""ל",4,שכונת ו,31.260980,34.776452
באר שבע,חיבת ציון,10,שכונת ג,31.252625,34.810313
באר שבע,חיבת ציון,44,שכונת ג,31.253477,34.811400
באר שבע,חיבת ציון,46,שכונת ג,31.253545,34.811475
באר שבע,ארנסט חן,3,שכונת רמות,31.270804,34.807764
באר שבע,ארנסט חן,14,שכונת רמות,31.271178,34.808132
באר שבע,ארנסט חן,5,שכונת רמות,31.270919,34.807808
באר שבע,חנה,8,שכונת נווה מנחם,31.267758,34.764396
באר שבע,חנה,20,שכונת נווה מנחם,31.267378,34.763954
באר שבע,חנה,25,שכונת נווה מנחם,31.267249,34.764215
באר שבע,חנה,10,שכונת נווה מנחם,31.267651,34.764299
באר שבע,חנה,6,שכונת נווה מנחם,31.267785,34.764474
באר שבע,חנקין,3,שכונת מרכז אזרחי,31.242620,34.797542
באר שבע,חסידה,59,שכונת פלח שבע,31.229061,34.766739
באר שבע,חסידה,58,שכונת פלח שבע,31.229901,34.767252
באר שבע,חסידה,37,שכונת פלח שבע,31.227458,34.767039
באר שבע,חסידה,5,שכונת פלח שבע,31.229755,34.767985
באר שבע,חסידה,97,שכונת פלח שבע,31.229536,34.768474
באר שבע,חסידה,31,שכונת פלח שבע,31.227494,34.767559
באר שבע,חסידה,16,שכונת פלח שבע,31.229228,34.767574
באר שבע,חסידה,8,שכונת פלח שבע,31.229855,34.767611
באר שבע,חסידה,7,שכונת פלח שבע,31.229587,34.767960
באר שבע,חסידה,10,שכונת פלח שבע,31.229688,34.767613
באר שבע,חסידה,9,שכונת פלח שבע,31.229398,34.767965
באר שבע,חסידה,2,שכונת פלח שבע,31.230277,34.767684
באר שבע,חסידה,11,שכונת פלח שבע,31.229200,34.767954
באר שבע,חסידה,30,שכונת פלח שבע,31.228068,34.767464
באר שבע,חסידה,27,שכונת פלח שבע,31.227804,34.767816
באר שבע,חסידה,55,שכונת פלח שבע,31.228749,34.766711
באר שבע,חסידה,60,שכונת פלח שבע,31.230049,34.767276
באר שבע,חסידה,35,שכונת פלח שבע,31.227406,34.767232
באר שבע,חסידה,24,שכונת פלח שבע,31.228503,34.767549
באר שבע,חסידה,61,שכונת פלח שבע,31.229287,34.766788
באר שבע,מרק חסמן,6,שכונת נווה מנחם,31.264410,34.754650
באר שבע,מרק חסמן,37,שכונת נווה מנחם,31.264872,34.753247
באר שבע,מרק חסמן,14,שכונת נווה מנחם,31.264860,34.753847
באר שבע,מרק חסמן,31,שכונת נווה מנחם,31.264876,34.753631
באר שבע,מרק חסמן,39,שכונת נווה מנחם,31.264861,34.753296
באר שבע,מרק חסמן,5,שכונת נווה מנחם,31.264363,34.755233
באר שבע,מרק חסמן,35,שכונת נווה מנחם,31.264844,34.753463
באר שבע,מרק חסמן,33,שכונת נווה מנחם,31.264821,34.753418
באר שבע,מרק חסמן,29,שכונת נווה מנחם,31.264820,34.753588
באר שבע,חפר,5,שכונת ט,31.245682,34.773227
באר שבע,חפר,18,שכונת ט,31.246184,34.772743
באר שבע,חפר,17,שכונת ט,31.246089,34.772535
באר שבע,חפר,15,שכונת ט,31.246099,34.772673
באר שבע,חפר,4,,31.245650,34.773386
באר שבע,חפר,11,שכונת ט,31.245816,34.773034
באר שבע,חפר,22,שכונת ט,31.246206,34.772529
באר שבע,חצב,11,שכונת נווה נוי,31.229551,34.778545
באר שבע,חצב,8,שכונת נווה נוי,31.229961,34.780464
באר שבע,חצב,38,שכונת נווה נוי,31.228481,34.778242
באר שבע,חצב,18,שכונת נווה נוי,31.229965,34.779274
באר שבע,חצב,2,שכונת נווה נוי,31.229988,34.781202
באר שבע,חצב,17,שכונת נווה נוי,31.229012,34.778543
באר שבע,חצב,7,שכונת נווה נוי,31.229707,34.780227
באר שבע,חצב,19,שכונת נווה נוי,31.228852,34.778550
באר שבע,חצב,16,שכונת נווה נוי,31.229963,34.779505
באר שבע,חצב,4,שכונת נווה נוי,31.229973,34.780908
באר שבע,חצב,6,שכונת נווה נוי,31.229970,34.780679
באר שבע,חצור,3,שכונת ט,31.244053,34.778348
באר שבע,חרדון,11,שכונת ה,31.249275,34.778664
באר שבע,חרדון,16,שכונת ה,31.249390,34.778650
באר שבע,חרדון,22,שכונת ה,31.249571,34.778530
באר שבע,חרצית,6,שכונת נווה נוי,31.232633,34.788313
באר שבע,חרצית,5,שכונת נווה נוי,31.232328,34.787968
באר שבע,חשין,7,שכונת ו,31.268842,34.775122
באר שבע,חשין,20,שכונת ו,31.269589,34.775112
באר שבע,חשין,18,שכונת ו,31.269527,34.775123
באר שבע,חשין,3,שכונת ו,31.268692,34.775200
באר שבע,חשין,5,שכונת ו,31.268784,34.775174
באר שבע,"חת""ם סופר",2,שכונת יא,31.255123,34.768735
באר שבע,"חת""ם סופר",4,שכונת יא,31.255338,34.768900
באר שבע,טביוב,19,שכונת נווה מנחם,31.267082,34.757332
באר שבע,טביוב,16,שכונת נווה מנחם,31.267434,34.757391
באר שבע,טביוב,17,שכונת נווה מנחם,31.267211,34.757481
באר שבע,טביוב,22,שכונת נווה מנחם,31.267183,34.757079
באר שבע,טביוב,8,שכונת נווה מנחם,31.267697,34.757686
באר שבע,טבנקין,28,שכונת ה,31.255648,34.774391
באר שבע,טבנקין,25,שכונת ה,31.254102,34.773236
באר שבע,טבנקין,14,שכונת ה,31.256000,34.773927
באר שבע,טבנקין,37,שכונת ה,31.253505,34.772652
באר שבע,טבנקין,36,שכונת ה,31.255261,34.773876
באר שבע,טבנקין,72,שכונת ה,31.253893,34.772622
באר שבע,טבנקין,60,שכונת ה,31.254157,34.772364
באר שבע,טבנקין,1,שכונת ה,31.255892,34.775046
באר שבע,טבנקין,33,שכונת ה,31.253632,34.772766
באר שבע,טבנקין,52,שכונת ה,31.254534,34.773004
באר שבע,טבנקין,44,שכונת ה,31.255065,34.773288
באר שבע,טבנקין,12,שכונת ה,31.256246,34.774139
באר שבע,טבנקין,10,שכונת ה,31.256441,34.774262
באר שבע,טבנקין,8,שכונת ה,31.256555,34.774465
באר שבע,טבנקין,40,שכונת ה,31.254757,34.773453
באר שבע,טבנקין,42,שכונת ה,31.254928,34.773433
באר שבע,טבנקין,32,שכונת ה,31.255469,34.774200
באר שבע,טבנקין,70,שכונת ה,31.253995,34.772674
באר שבע,טבנקין,46,שכונת ה,31.255236,34.773278
באר שבע,טבנקין,4,שכונת ה,31.256212,34.774695
באר שבע,טבנקין,50,שכונת ה,31.254528,34.773221
באר שבע,טבנקין,66,שכונת ה,31.254191,34.772869
באר שבע,טבנקין,68,שכונת ה,31.254068,34.772803
באר שבע,טבנקין,6,שכונת ה,31.256359,34.774587
באר שבע,טבנקין,38,שכונת ה,31.255069,34.773719
באר שבע,טבנקין,2,שכונת ה,31.256183,34.774834
באר שבע,טבנקין,54,שכונת ה,31.254631,34.772859
באר שבע,טבנקין,74,שכונת ה,31.253835,34.772509
באר שבע,טבריה,7,שכונת ט,31.246395,34.779377
באר שבע,טבריה,19,שכונת ט,31.246868,34.778050
באר שבע,טבריה,5,שכונת ט,31.246182,34.779292
באר שבע,טבריה,17,שכונת ט,31.246583,34.778073
באר שבע,טבריה,1,שכונת ט,31.245953,34.779265
באר שבע,טבריה,9,שכונת ט,31.246500,34.779131
באר שבע,טבריה,11,שכונת ט,31.246697,34.778652
באר שבע,טבריה,13,שכונת ט,31.246657,34.778392
באר שבע,טבריה,3,שכונת ט,31.246073,34.779318
באר שבע,טבריה,15,שכונת ט,31.246656,34.778074
באר שבע,גדי טדסקי,6,שכונת רמות הרכס,31.279178,34.798066
באר שבע,גדי טדסקי,4,שכונת רמות הרכס,31.279022,34.798249
באר שבע,גדי טדסקי,8,שכונת רמות הרכס,31.279083,34.797807
באר שבע,גדי טדסקי,2,שכונת רמות הרכס,31.278808,34.798084
באר שבע,משה טוב,3,שכונת נווה מנחם,31.266463,34.759618
באר שבע,משה טוב,6,שכונת נווה מנחם,31.266576,34.759344
באר שבע,טובה ברץ,12,,31.273879,34.760205
באר שבע,טובה סנהדראי,16,,32.047609,34.805718
באר שבע,טווס,10,שכונת רמות,31.278450,34.822776
באר שבע,טווס,6,שכונת רמות,31.278287,34.823055
באר שבע,טווס,2,שכונת רמות,31.278102,34.823311
באר שבע,זאב טיומקין,11,שכונת נווה זאב,31.239337,34.767316
באר שבע,טיומקין זאב,12,שכונת נווה זאב,31.238787,34.767175
באר שבע,זאב טיומקין,2,שכונת נווה זאב,31.239108,34.766713
באר שבע,זאב טיומקין,13,שכונת נווה זאב,31.239437,34.767819
באר שבע,זאב טיומקין,15,שכונת נווה זאב,31.239247,34.767886
באר שבע,זאב טיומקין,9,שכונת נווה זאב,31.239529,34.767451
באר שבע,טיומקין זאב,3,שכונת נווה זאב,31.239403,34.766791
באר שבע,טיומקין זאב,10,שכונת נווה זאב,31.238894,34.767337
באר שבע,זאב טיומקין,1,שכונת נווה זאב,31.239422,34.766653
באר שבע,טיומקין זאב,4,שכונת נווה זאב,31.239072,34.766847
באר שבע,זאב טיומקין,17,שכונת נווה זאב,31.238976,34.767961
באר שבע,טל חרמון,12,שכונת נווה זאב,31.235370,34.765902
באר שבע,טל חרמון,30,שכונת נווה זאב,31.235896,34.765754
באר שבע,טל חרמון,24,שכונת נווה זאב,31.235846,34.765956
באר שבע,טל חרמון,14,שכונת נווה זאב,31.235415,34.765925
באר שבע,טל חרמון,18,שכונת נווה זאב,31.235572,34.765917
באר שבע,טל חרמון,8,שכונת נווה זאב,31.235273,34.765727
באר שבע,טל חרמון,50,שכונת נווה זאב,31.235962,34.765047
באר שבע,טל חרמון,36,שכונת נווה זאב,31.236088,34.765468
באר שבע,טל חרמון,34,שכונת נווה זאב,31.235956,34.765557
באר שבע,טל חרמון,2,שכונת נווה זאב,31.235519,34.765160
באר שבע,טל חרמון,32,שכונת נווה זאב,31.235999,34.765632
באר שבע,טל חרמון,28,שכונת נווה זאב,31.235949,34.765810
באר שבע,טל חרמון,26,שכונת נווה זאב,31.235844,34.765898
באר שבע,טל חרמון,20,שכונת נווה זאב,31.235696,34.765977
באר שבע,טל חרמון,52,שכונת נווה זאב,31.235807,34.765124
באר שבע,טל חרמון,16,שכונת נווה זאב,31.235517,34.765990
באר שבע,טל חרמון,22,שכונת נווה זאב,31.235726,34.765907
באר שבע,טל חרמון,38,שכונת נווה זאב,31.236045,34.765386
באר שבע,יעקב טלמון,16,שכונת ו,31.266336,34.770420
באר שבע,יעקב טלמון,6,שכונת ו,31.266045,34.770724
באר שבע,יעקב טלמון,8,שכונת ו,31.266104,34.770669
באר שבע,יעקב טלמון,10,שכונת ו,31.266211,34.770595
באר שבע,מרדכי טננבוים,8,שכונת נחל בקע,31.223903,34.781391
באר שבע,מרדכי טננבוים,4,שכונת נחל בקע,31.223728,34.781442
באר שבע,פרופ' גבריאל טרק,1,שכונת רמות הרכס,31.279839,34.799108
באר שבע,פרופ' גבריאל טרק,3,שכונת רמות הרכס,31.279883,34.798833
באר שבע,טשרניחובסקי,3,שכונת ב,31.255974,34.794903
באר שבע,טשרניחובסקי,13,שכונת ד,31.257312,34.794923
באר שבע,טשרניחובסקי,8,שכונת ב,31.256735,34.795302
באר שבע,טשרניחובסקי,14,שכונת ד,31.257760,34.795270
באר שבע,טשרניחובסקי,12,שכונת ד,31.257416,34.795328
באר שבע,טשרניחובסקי,10,שכונת ד,31.257104,34.795340
באר שבע,טשרניחובסקי,11,שכונת ד,31.257051,34.794948
באר שבע,טשרניחובסקי,4,שכונת ב,31.256079,34.795320
באר שבע,טשרניחובסקי,6,שכונת ב,31.256445,34.795351
באר שבע,טשרניחובסקי,9,שכונת ב,31.256793,34.794882
באר שבע,יאשיהו,24,שכונת ו,31.262886,34.780348
באר שבע,יאשיהו,28,שכונת ו,31.262947,34.779992
באר שבע,יאשיהו,8,שכונת ו,31.263113,34.782088
באר שבע,יאשיהו,23,שכונת ו,31.262673,34.780473
באר שבע,יאשיהו,6,שכונת ו,31.263122,34.782256
באר שבע,יאשיהו,10,שכונת ו,31.263135,34.781840
באר שבע,יאשיהו,21,שכונת ו,31.262679,34.780607
באר שבע,יבנה,23,שכונת ט,31.245675,34.772443
באר שבע,יבנה,15,שכונת ט,31.245561,34.772634
באר שבע,יבנה,14,שכונת ט,31.245660,34.772853
באר שבע,יבנה,21,שכונת ט,31.245742,34.772500
באר שבע,יבנה,27,שכונת ט,31.245743,34.772191
באר שבע,יבנה,32,שכונת ט,31.245905,34.772231
באר שבע,יבנה,28,שכונת ט,31.245886,34.772397
באר שבע,יד ושם,4,שכונת ג,31.252245,34.803582
באר שבע,יד ושם,24,שכונת ג,31.249491,34.801973
באר שבע,יד ושם,6,שכונת ג,31.251825,34.803314
באר שבע,יד ושם,2,שכונת ג,31.252464,34.803685
באר שבע,יד ושם,21,שכונת ג,31.250503,34.802652
באר שבע,יד ושם,19,שכונת ג,31.250717,34.802848
באר שבע,יד ושם,15,שכונת ג,31.251115,34.803307
באר שבע,יד ושם,23,שכונת ג,31.250353,34.802508
באר שבע,יד ושם,27,שכונת ג,31.249879,34.802236
באר שבע,יד ושם,13,שכונת ג,31.251321,34.803387
באר שבע,יד ושם,7,שכונת ג,31.251939,34.803739
באר שבע,יד ושם,29,שכונת ג,31.249608,34.802341
באר שבע,יד ושם,3,שכונת ג,31.252454,34.804074
באר שבע,יד ושם,9,שכונת ג,31.251696,34.803716
באר שבע,יהוא,9,שכונת ו,31.262314,34.781807
באר שבע,יהוא,1,שכונת ו,31.262320,34.782613
באר שבע,יהוא,14,שכונת ו,31.262434,34.781421
באר שבע,יהוא,13,שכונת ו,31.262308,34.781442
באר שבע,יהואש,1,שכונת ו,31.262450,34.787453
באר שבע,יהואש,11,שכונת ו,31.262407,34.786293
באר שבע,יהואש,5,שכונת ו,31.262469,34.786987
באר שבע,יהואש,25,שכונת ו,31.262250,34.784767
באר שבע,יהואש,10,שכונת ו,31.262683,34.786523
באר שבע,יהודה הלוי,48,שכונת ד,31.265456,34.789761
באר שבע,יהודה הלוי,2,שכונת ב,31.252454,34.787225
באר שבע,יהודה הלוי,4,שכונת ב,31.252723,34.787317
באר שבע,יהודה הלוי,12,שכונת ב,31.254354,34.787798
באר שבע,יהודה הלוי,34,שכונת ד,31.263207,34.789600
באר שבע,יהודה הלוי,6,שכונת ב,31.252992,34.787419
באר שבע,יהודה הלוי,30,שכונת ד,31.262708,34.789574
באר שבע,יהודה הלוי,8,שכונת ב,31.253338,34.787655
באר שבע,יהודה הלוי,36,שכונת ד,31.263490,34.789657
באר שבע,יהודה הלוי,32,שכונת ד,31.262969,34.789439
באר שבע,יהודה הלוי,40,שכונת ד,31.263713,34.789658
באר שבע,יהודה הלוי,42,שכונת ד,31.263815,34.789631
באר שבע,יהודה הלוי,38,שכונת ד,31.263604,34.789634
באר שבע,יהודה הנחתום,2,שכונת אזור תעשיה,31.257454,34.812636
באר שבע,יהודה הנחתום,4,שכונת אזור תעשיה,31.256773,34.812986
באר שבע,יהודה הנחתום,19,שכונת אזור תעשיה,31.255573,34.816300
באר שבע,יהודה הנחתום,14,שכונת אזור תעשיה,31.255115,34.814579
באר שבע,יהודי סוריה,4,שכונת ה,31.257664,34.775394
באר שבע,יהודי סוריה,12,שכונת ה,31.257313,34.774941
באר שבע,יהודי סוריה,6,שכונת ה,31.257287,34.775446
באר שבע,יהויכין,8,שכונת ו,31.263031,34.785094
באר שבע,יהויכין,7,שכונת ו,31.262782,34.785169
באר שבע,יהויכין,4,שכונת ו,31.262982,34.784583
באר שבע,יהויכין,1,שכונת ו,31.262748,34.784539
באר שבע,יהויכין,5,שכונת ו,31.262770,34.784925
באר שבע,יהויכין,3,שכונת ו,31.262770,34.784750
באר שבע,יהונתן,16,שכונת ד,31.263090,34.790224
באר שבע,יהונתן,4,שכונת ד,31.263770,34.790276
באר שבע,יהורם,4,שכונת ו,31.262431,34.780557
באר שבע,יהורם,5,שכונת ו,31.262191,34.780477
באר שבע,יהורם,3,שכונת ו,31.262194,34.780694
באר שבע,יהושע הצורף,7,שכונת אזור תעשיה,31.257815,34.814124
באר שבע,יהושע הצורף,9,שכונת אזור תעשיה,31.257495,34.814589
באר שבע,יהושפט,2,שכונת ו,31.263378,34.782813
באר שבע,יהושפט,5,שכונת ו,31.263279,34.783144
באר שבע,יואל השופט,3,שכונת ד,31.267333,34.795899
באר שבע,יוהנה ז'בוטינסקי,7,שכונת נווה זאב,31.240012,34.776115
באר שבע,יוהנה ז'בוטינסקי,24,שכונת נווה זאב,31.240043,34.775275
באר שבע,יוהנה ז'בוטינסקי,15,שכונת נווה זאב,31.237743,34.773030
באר שבע,יוהנה ז'בוטינסקי,6,שכונת נווה זאב,31.242102,34.777799
באר שבע,יוהנה ז'בוטינסקי,58,שכונת נווה זאב,31.236539,34.770633
באר שבע,יוהנה ז'בוטינסקי,14,שכונת נווה זאב,31.241478,34.776580
באר שבע,יוהנה ז'בוטינסקי,4,שכונת נווה זאב,31.242651,34.778198
באר שבע,יוהנה ז'בוטינסקי,2,שכונת נווה זאב,31.242590,34.777612
באר שבע,יוהנה ז'בוטינסקי,44,שכונת נווה זאב,31.237758,34.772295
באר שבע,יוהנה ז'בוטינסקי,3,שכונת נווה זאב,31.240804,34.777512
באר שבע,יוהנה ז'בוטינסקי,17,שכונת נווה זאב,31.237445,34.772645
באר שבע,יוהנה ז'בוטינסקי,60,שכונת נווה זאב,31.236553,34.770211
באר שבע,יוהנה ז'בוטינסקי,21,שכונת נווה זאב,31.236786,34.771758
באר שבע,יוהנה ז'בוטינסקי,12,שכונת נווה זאב,31.241093,34.776620
באר שבע,יוהנה ז'בוטינסקי,16,שכונת נווה זאב,31.240842,34.776357
באר שבע,יוהנה ז'בוטינסקי,48,שכונת נווה זאב,31.237361,34.771806
באר שבע,יוהנה ז'בוטינסקי,19,שכונת נווה זאב,31.237035,34.772086
באר שבע,יוהנה ז'בוטינסקי,34,שכונת נווה זאב,31.238773,34.773514
באר שבע,יוהנה ז'בוטינסקי,56,שכונת נווה זאב,31.236916,34.771198
באר שבע,יוהנה ז'בוטינסקי,38,שכונת נווה זאב,31.238461,34.773246
באר שבע,יוהנה ז'בוטינסקי,50,שכונת נווה זאב,31.237252,34.771668
באר שבע,יוהנה ז'בוטינסקי,22,שכונת נווה זאב,31.240283,34.775597
באר שבע,יוחנן הורקנוס,25,שכונת ד,31.265300,34.794718
באר שבע,יוחנן הורקנוס,14,שכונת ד,31.264965,34.795004
באר שבע,יוחנן הורקנוס,10,שכונת ד,31.264968,34.794674
באר שבע,יוחנן הורקנוס,57,שכונת ד,31.266913,34.795852
באר שבע,יוחנן הורקנוס,41,שכונת ד,31.266361,34.795499
באר שבע,יוחנן הורקנוס,8,שכונת ד,31.265034,34.794494
באר שבע,יוחנן הורקנוס,45,שכונת ד,31.266623,34.795697
באר שבע,יוחנן הורקנוס,29,שכונת ד,31.265511,34.795048
באר שבע,יוחנן הורקנוס,12,שכונת ד,31.264966,34.794817
באר שבע,יוחנן הורקנוס,78,שכונת ד,31.267101,34.796265
באר שבע,יוחנן הורקנוס,43,שכונת ד,31.266545,34.795579
באר שבע,יוחנן הורקנוס,1,שכונת ד,31.265242,34.793880
באר שבע,יוחנן הורקנוס,22,שכונת ד,31.265571,34.795463
באר שבע,יוחנן הורקנוס,70,שכונת ד,31.266863,34.796109
באר שבע,יוחנן הורקנוס,17,שכונת ד,31.265301,34.794424
באר שבע,יוחנן הורקנוס,60,שכונת ד,31.266568,34.795987
באר שבע,יוסי הבורסקאי,4,שכונת אזור תעשיה,31.245093,34.809439
באר שבע,יוסי הבורסקאי,18,שכונת אזור תעשיה,31.245913,34.810865
באר שבע,יוסי הבורסקאי,13,שכונת אזור תעשיה,31.246157,34.809926
באר שבע,בן מתתיהו יוסף,42,שכונת ד,31.264444,34.800429
באר שבע,בן מתתיהו יוסף,38,שכונת ד,31.264439,34.800118
באר שבע,בן מתתיהו יוסף,40,שכונת ד,31.264423,34.800237
באר שבע,בן מתתיהו יוסף,44,שכונת ד,31.264429,34.800602
באר שבע,בן מתתיהו יוסף,46,שכונת ד,31.264450,34.800780
באר שבע,בן מתתיהו יוסף,43,שכונת ד,31.265472,34.800037
באר שבע,גיורא יוספטל,12,שכונת ד,31.271786,34.796686
באר שבע,גיורא יוספטל,24,שכונת ד,31.272078,34.797037
באר שבע,גיורא יוספטל,1,שכונת ד,31.270524,34.796085
באר שבע,גיורא יוספטל,26,שכונת ד,31.272117,34.796585
באר שבע,גיורא יוספטל,2,שכונת ד,31.270306,34.796596
באר שבע,גיורא יוספטל,28,שכונת ד,31.272339,34.796711
באר שבע,גיורא יוספטל,4,שכונת ד,31.270497,34.796776
באר שבע,גיורא יוספטל,6,שכונת ד,31.270725,34.796654
באר שבע,יוסקה,11,שכונת רמות הרכס,31.282334,34.806296
באר שבע,יוסקה,1,שכונת רמות הרכס,31.281250,34.805729
באר שבע,יוסקה,3,שכונת רמות הרכס,31.281497,34.805909
באר שבע,יותם,4,שכונת ו,31.264243,34.783041
באר שבע,יותם,18,שכונת ו,31.264848,34.782806
באר שבע,יותם,8,שכונת ו,31.264430,34.783384
באר שבע,יותם,9,שכונת ו,31.264463,34.782840
באר שבע,יותם,3,שכונת ו,31.263944,34.782447
באר שבע,יותם,14,שכונת ו,31.264917,34.783167
באר שבע,יותם,1,שכונת ו,31.263931,34.782332
באר שבע,יותם,7,שכונת ו,31.264314,34.782671
באר שבע,יותם,10,שכונת ו,31.264623,34.783411
באר שבע,יותם,16,שכונת ו,31.264850,34.782963
באר שבע,יותם,5,שכונת ו,31.264113,34.782586
באר שבע,יותם,12,שכונת ו,31.264810,34.783375
באר שבע,יותם,6,שכונת ו,31.264388,34.783189
באר שבע,חיים יחיל,10,שכונת מרכז אזרחי,31.243298,34.799348
באר שבע,יטבתה,3,שכונת ד,31.267163,34.795483
באר שבע,יטבתה,6,שכונת ד,31.266762,34.794968
באר שבע,יטבתה,4,שכונת ד,31.267312,34.795273
באר שבע,יטבתה,1,שכונת ד,31.267378,34.795603
באר שבע,יטבתה,5,שכונת ד,31.266974,34.795371
באר שבע,יהושע ייבין,21,שכונת נווה זאב,31.239478,34.765527
באר שבע,יהושע ייבין,25,שכונת נווה זאב,31.239339,34.766164
באר שבע,יהושע ייבין,17,שכונת נווה זאב,31.239113,34.766097
באר שבע,יהושע ייבין,23,שכונת נווה זאב,31.239453,34.765853
באר שבע,יהושע ייבין,9,שכונת נווה זאב,31.238372,34.765836
באר שבע,יהושע ייבין,8,שכונת נווה זאב,31.238386,34.766242
באר שבע,יהושע ייבין,2,שכונת נווה זאב,31.236292,34.765875
באר שבע,"יל""ג",1,שכונת נווה זאב,31.240301,34.773391
באר שבע,"יל""ג",5,שכונת נווה זאב,31.240604,34.773169
באר שבע,דוד ילין,9,שכונת רמות,31.269446,34.805547
באר שבע,דוד ילין,37,שכונת רמות,31.270660,34.806032
באר שבע,דוד ילין,73,שכונת רמות,31.272263,34.805426
באר שבע,דוד ילין,7,שכונת רמות,31.269406,34.805472
באר שבע,דוד ילין,61,שכונת רמות,31.271763,34.805783
באר שבע,דוד ילין,3,שכונת רמות,31.269252,34.805369
באר שבע,דוד ילין,33,שכונת רמות,31.270503,34.805943
באר שבע,דוד ילין,19,שכונת רמות,31.269862,34.805663
באר שבע,דוד ילין,53,שכונת רמות,31.271446,34.805984
באר שבע,דוד ילין,6,שכונת רמות,31.269220,34.805727
באר שבע,ילין-מור,15,שכונת רמות,31.274782,34.821822
באר שבע,ילין-מור,13,שכונת רמות,31.275027,34.822103
באר שבע,ילין-מור,19,שכונת רמות,31.275340,34.821817
באר שבע,ילין-מור,21,שכונת רמות,31.275295,34.822180
באר שבע,ילין-מור,17,שכונת רמות,31.274991,34.821782
באר שבע,ילין-מור,12,שכונת רמות,31.275005,34.822606
באר שבע,ילין-מור,10,שכונת רמות,31.274900,34.822781
באר שבע,ימית,7,שכונת ט,31.243951,34.771886
באר שבע,ימית,29,שכונת ט,31.244640,34.771861
באר שבע,ימית,18,שכונת ט,31.244803,34.772367
באר שבע,ימית,20,שכונת ט,31.245119,34.772352
באר שבע,ימית,5,שכונת ט,31.243939,34.771834
באר שבע,ימית,11,שכונת ט,31.243926,34.772071
באר שבע,ימית,1,שכונת ט,31.243956,34.771660
באר שבע,ימית,15,שכונת ט,31.244177,34.772067
באר שבע,ימית,23,שכונת ט,31.244464,34.771973
באר שבע,ינשוף,3,שכונת פלח שבע,31.230412,34.766210
באר שבע,ינשוף,9,שכונת פלח שבע,31.230046,34.765842
באר שבע,ינשוף,25,שכונת פלח שבע,31.228561,34.765399
באר שבע,ינשוף,12,שכונת פלח שבע,31.229894,34.765332
באר שבע,ינשוף,13,שכונת פלח שבע,31.229749,34.765673
באר שבע,ינשוף,14,שכונת פלח שבע,31.229734,34.765259
באר שבע,ינשוף,2,שכונת פלח שבע,31.230589,34.765989
באר שבע,יסמין,4,שכונת נווה נוי,31.231662,34.793845
באר שבע,יסעור,22,שכונת פלח שבע,31.228821,34.765926
באר שבע,יסעור,3,שכונת פלח שבע,31.229934,34.766581
באר שבע,יסעור,11,שכונת פלח שבע,31.229137,34.766297
באר שבע,יסעור,10,שכונת פלח שבע,31.229890,34.766218
באר שבע,יסקי,9,שכונת עיר עתיקה,31.243070,34.786827
באר שבע,יסקי,4,שכונת עיר עתיקה,31.242939,34.787227
באר שבע,יסקי,2,שכונת עיר עתיקה,31.242789,34.787401
באר שבע,יסקי,8,שכונת עיר עתיקה,31.243454,34.787674
באר שבע,יסקי,7,שכונת עיר עתיקה,31.242886,34.786712
באר שבע,יסקי,10,שכונת עיר עתיקה,31.243596,34.787591
באר שבע,יסקי,3,שכונת עיר עתיקה,31.242612,34.787169
באר שבע,יסקי,6,שכונת עיר עתיקה,31.243227,34.787473
באר שבע,יסקי,11,שכונת עיר עתיקה,31.243281,34.787072
באר שבע,יעל,10,שכונת ו,31.262282,34.774979
באר שבע,יעל,17,שכונת ו,31.261872,34.774734
באר שבע,יעל,2,שכונת ו,31.262447,34.775415
באר שבע,יעל,31,שכונת ו,31.261958,34.774101
באר שבע,יעל,7,שכונת ו,31.262125,34.775281
באר שבע,יעל,15,שכונת ו,31.261985,34.774855
באר שבע,יעל,5,שכונת ו,31.262081,34.775390
באר שבע,יעלים,86,שכונת ה,31.255149,34.776508
באר שבע,יעלים,93,שכונת ה,31.254923,34.776014
באר שבע,יעלים,76,שכונת ה,31.255199,34.777033
באר שבע,יעלים,58,שכונת ה,31.253612,34.777750
באר שבע,יעלים,59,שכונת ה,31.248960,34.780345
באר שבע,יעלים,32,שכונת ה,31.250747,34.779797
באר שבע,יעלים,39,שכונת ה,31.248249,34.781145
באר שבע,יעלים,84,שכונת ה,31.254821,34.776768
באר שבע,יעלים,98,שכונת ה,31.255921,34.775886
באר שבע,יעלים,49,שכונת ה,31.248634,34.780780
באר שבע,יעלים,30,שכונת ה,31.250873,34.780494
באר שבע,יעלים,66,שכונת ה,31.254071,34.777373
באר שבע,יעלים,46,שכונת ה,31.251304,34.779421
באר שבע,יעלים,52,שכונת ה,31.253205,34.777952
באר שבע,יעלים,106,שכונת ה,31.256679,34.775163
באר שבע,יעלים,74,שכונת ה,31.254583,34.777231
באר שבע,יעלים,50,שכונת ה,31.252909,34.778136
באר שבע,יעלים,29,שכונת ה,31.247925,34.781577
באר שבע,יעלים,28,שכונת ה,31.250652,34.780292
באר שבע,יעלים,90,שכונת ה,31.255378,34.776317
באר שבע,יעלים,85,שכונת ה,31.254352,34.776465
באר שבע,יעלים,95,שכונת ה,31.255034,34.775878
באר שבע,יעקב אבינו,7,שכונת ד,31.261718,34.795994
באר שבע,יעקב אבינו,6,שכונת ד,31.262167,34.797111
באר שבע,יעקב אבינו,14,שכונת ד,31.262056,34.795004
באר שבע,יעקב אבינו,11,שכונת ד,31.261668,34.795085
באר שבע,יעקב אבינו,12,שכונת ד,31.262087,34.795481
באר שבע,יעקב אבינו,5,שכונת ד,31.261793,34.796425
באר שבע,יעקב אבינו,2,שכונת ד,31.262267,34.797631
באר שבע,יעקב אבינו,4,שכונת ד,31.262229,34.797338
באר שבע,יעקב אבינו,10,שכונת ד,31.262140,34.795918
באר שבע,יעקב אבינו,9,שכונת ד,31.261714,34.795521
באר שבע,יערה,15,שכונת נווה נוי,31.231423,34.786297
באר שבע,יערה,21,שכונת נווה נוי,31.231761,34.786377
באר שבע,יערה,2,שכונת נווה נוי,31.230649,34.786457
באר שבע,יערה,16,שכונת נווה נוי,31.231240,34.786526
באר שבע,יערה,30,שכונת נווה נוי,31.231887,34.786739
באר שבע,יערה,13,שכונת נווה נוי,31.231404,34.786250
באר שבע,מאיר יערי,11,שכונת יא,31.258209,34.764032
באר שבע,מאיר יערי,54,שכונת יא,31.258123,34.764451
באר שבע,מאיר יערי,26,שכונת יא,31.257654,34.762798
באר שבע,מאיר יערי,8,שכונת יא,31.257531,34.762005
באר שבע,מאיר יערי,7,שכונת יא,31.258003,34.763239
באר שבע,מאיר יערי,3,שכונת יא,31.257924,34.762456
באר שבע,מאיר יערי,5,שכונת יא,31.257951,34.762709
באר שבע,מאיר יערי,78,שכונת יא,31.258869,34.764430
באר שבע,מאיר יערי,9,שכונת יא,31.258022,34.763493
באר שבע,יערי מאיר,60,שכונת יא,31.258283,34.764492
באר שבע,מאיר יערי,76,שכונת יא,31.258786,34.764431
באר שבע,מאיר יערי,74,שכונת יא,31.258748,34.764390
באר שבע,יערי מאיר,68,שכונת יא,31.258518,34.764457
באר שבע,יערי מאיר,66,שכונת יא,31.258473,34.764413
באר שבע,אברהם יפה,34,שכונת רמות הרכס,31.285107,34.807527
באר שבע,אברהם יפה,36,שכונת רמות הרכס,31.285244,34.807616
באר שבע,אברהם יפה,40,שכונת רמות הרכס,31.285507,34.807531
באר שבע,אברהם יפה,44,שכונת רמות הרכס,31.285293,34.807362
באר שבע,אברהם יפה,14,שכונת רמות הרכס,31.284561,34.808182
באר שבע,אברהם יפה,8,שכונת רמות הרכס,31.284536,34.808533
באר שבע,אברהם יפה,16,שכונת רמות הרכס,31.284513,34.808132
באר שבע,אברהם יפה,6,שכונת רמות הרכס,31.284473,34.808489
באר שבע,אברהם יפה,12,שכונת רמות הרכס,31.284648,34.808287
באר שבע,אברהם יפה,2,שכונת רמות הרכס,31.284331,34.808369
באר שבע,אברהם יפה,4,שכונת רמות הרכס,31.284379,34.808419
באר שבע,אברהם יפה,10,שכונת רמות הרכס,31.284710,34.808332
באר שבע,יפה ירקוני,19,שכונת קרית פנחס איילון,32.007178,34.776253
באר שבע,יפה ירקוני,13,,32.007381,34.776534
באר שבע,יפה ירקוני,24,,32.194882,34.872671
באר שבע,יפה ירקוני,1,שכונת פסגות אפק,32.087255,34.976911
באר שבע,יפה לייב,13,שכונת מרכז אזרחי,31.246806,34.800865
באר שבע,יפה לייב,15,שכונת מרכז אזרחי,31.246649,34.800877
באר שבע,לייב יפה,19,שכונת מרכז אזרחי,31.246276,34.800858
באר שבע,יפה לייב,17,שכונת מרכז אזרחי,31.246498,34.800865
באר שבע,יפתח הגלעדי,12,שכונת עיר עתיקה,31.240995,34.780461
באר שבע,יפתח הגלעדי,18,שכונת עיר עתיקה,31.241241,34.780096
באר שבע,יפתח הגלעדי,16,שכונת עיר עתיקה,31.241169,34.780201
באר שבע,יפתח הגלעדי,10,שכונת עיר עתיקה,31.240911,34.780609
באר שבע,יפתח הגלעדי,21,שכונת עיר עתיקה,31.241211,34.779578
באר שבע,יפתח הגלעדי,2,שכונת עיר עתיקה,31.240544,34.781126
באר שבע,יפתח הגלעדי,23,שכונת עיר עתיקה,31.241336,34.779413
באר שבע,יפתח הגלעדי,3,שכונת עיר עתיקה,31.240417,34.780851
באר שבע,יפתח הגלעדי,19,שכונת עיר עתיקה,31.241126,34.779700
באר שבע,יפתח הגלעדי,9,שכונת עיר עתיקה,31.240659,34.780402
באר שבע,יפתח הגלעדי,15,שכונת עיר עתיקה,31.240947,34.779974
באר שבע,יפתח הגלעדי,8,שכונת עיר עתיקה,31.240815,34.780739
באר שבע,יצחק אבינו,3,שכונת ד,31.261363,34.795035
באר שבע,יצחק אבינו,7,שכונת ד,31.260546,34.794853
באר שבע,יצחק אבינו,20,שכונת ד,31.259523,34.794380
באר שבע,יצחק אבינו,2,שכונת ד,31.261636,34.794506
באר שבע,יצחק אבינו,10,שכונת ד,31.260474,34.794465
באר שבע,יצחק אבינו,12,שכונת ד,31.260332,34.794459
באר שבע,יצחק אבינו,30,שכונת ד,31.258618,34.794386
באר שבע,יצחק אבינו,22,שכונת ד,31.259404,34.794411
באר שבע,יצחק אבינו,8,שכונת ד,31.260630,34.794458
באר שבע,יצחק אבינו,18,שכונת ד,31.259672,34.794417
באר שבע,יצחק אבינו,16,שכונת ד,31.259787,34.794389
באר שבע,יצחק אבינו,14,שכונת ד,31.259910,34.794426
באר שבע,יצחק אבינו,13,שכונת ד,31.259426,34.794978
באר שבע,יצחק אבינו,4,שכונת ד,31.261377,34.794520
באר שבע,יצחק אבינו,5,שכונת ד,31.261120,34.794934
באר שבע,יצחק נפחא,24,שכונת אזור תעשיה,31.248954,34.810851
באר שבע,יצחק נפחא,28,שכונת אזור תעשיה,31.248563,34.810747
באר שבע,יציאת אירופה,15,שכונת ה,31.252303,34.783970
באר שבע,יציאת אירופה,18,שכונת ה,31.251271,34.784155
באר שבע,יציאת אירופה,8,שכונת ה,31.252028,34.783929
באר שבע,יציאת אירופה,11,שכונת ה,31.252711,34.783592
באר שבע,יציאת אירופה,9,שכונת ה,31.252940,34.783302
באר שבע,יציאת אירופה,4,שכונת ה,31.252275,34.783286
באר שבע,יציאת אירופה,2,שכונת ה,31.252567,34.783147
באר שבע,יציאת אירופה,1,שכונת ה,31.252854,34.782879
באר שבע,יציאת אירופה,6,שכונת ה,31.252090,34.783576
באר שבע,יציאת אירופה,17,שכונת ה,31.252135,34.784141
באר שבע,יציאת אירופה,19,שכונת ה,31.251898,34.784356
באר שבע,יציאת אירופה,26,שכונת ה,31.251721,34.784502
באר שבע,יציאת אירופה,13,שכונת ה,31.252493,34.783679
באר שבע,יציאת אירופה,7,שכונת ה,31.253154,34.783229
באר שבע,ירבוע,1,שכונת ה,31.250902,34.778872
באר שבע,יריחו,23,שכונת ט,31.243432,34.778060
באר שבע,יריחו,36,שכונת ט,31.244482,34.777707
באר שבע,יריחו,32,שכונת ט,31.244205,34.777686
באר שבע,יריחו,35,שכונת ט,31.243974,34.777114
באר שבע,יריחו,8,שכונת ט,31.244236,34.778536
באר שבע,יריחו,17,שכונת ט,31.243579,34.778508
באר שבע,יריחו,3,שכונת ט,31.244419,34.778785
באר שבע,יריחו,2,שכונת ט,31.244629,34.778574
באר שבע,יריחו,24,שכונת ט,31.243519,34.777602
באר שבע,יריחו,26,שכונת ט,31.243806,34.777610
באר שבע,יריחו,16,שכונת ט,31.243760,34.778275
באר שבע,יריחו,31,שכונת ט,31.243212,34.777489
באר שבע,יריחו,7,שכונת ט,31.244129,34.778830
באר שבע,עמוס ירקוני,21,שכונת ו,31.266745,34.773465
באר שבע,עמוס ירקוני,20,שכונת ו,31.267107,34.773227
באר שבע,עמוס ירקוני,8,שכונת ו,31.266567,34.776124
באר שבע,ירקוני עמוס,9,שכונת ו,31.266277,34.775420
באר שבע,עמוס ירקוני,17,שכונת ו,31.266675,34.774076
באר שבע,עמוס ירקוני,19,שכונת ו,31.266774,34.773806
באר שבע,ירקוני עמוס,11,שכונת ו,31.266276,34.775326
באר שבע,"יש""א ברכ""ה",17,שכונת ו,31.268308,34.780062
באר שבע,"יש""א ברכ""ה",15,שכונת ו,31.268214,34.780207
באר שבע,"יש""א ברכ""ה",27,שכונת ו,31.268655,34.779472
באר שבע,"יש""א ברכ""ה",23,שכונת ו,31.268516,34.779699
באר שבע,"יש""א ברכ""ה",1,שכונת ו,31.267271,34.781806
באר שבע,"יש""א ברכ""ה",5,שכונת ו,31.267680,34.781115
באר שבע,ישראל ישעיהו,6,שכונת יא,31.256437,34.763790
באר שבע,ישראל ישעיהו,43,שכונת יא,31.256586,34.765510
באר שבע,ישראל ישעיהו,10,שכונת יא,31.256495,34.764286
באר שבע,ישראל ישעיהו,14,שכונת יא,31.256522,34.764586
באר שבע,ישראל ישעיהו,16,,31.256550,34.764844
באר שבע,ישראל ישעיהו,8,שכונת יא,31.256460,34.764030
באר שבע,ישעיהו ישראל,21,שכונת יא,31.256870,34.764494
באר שבע,ישראל ישעיהו,25,שכונת יא,31.256892,34.764697
באר שבע,ישראל ישעיהו,53,שכונת יא,31.256337,34.765930
באר שבע,יששכר,11,שכונת עיר עתיקה,31.239042,34.781600
באר שבע,יששכר,10,שכונת עיר עתיקה,31.238996,34.781820
באר שבע,יששכר,5,שכונת עיר עתיקה,31.238497,34.781867
באר שבע,יעקב כהן,9,שכונת ב,31.254049,34.797084
באר שבע,כהן יעקב,13,שכונת ב,31.254756,34.797106
באר שבע,כהן יעקב,15,שכונת ב,31.255101,34.797091
באר שבע,יעקב כהן,8,שכונת ב,31.253735,34.797564
באר שבע,יעקב כהן,12,שכונת ב,31.254505,34.797494
באר שבע,יעקב כהן,1,שכונת ב,31.252825,34.797099
באר שבע,יעקב כהן,3,שכונת ב,31.253062,34.797253
באר שבע,יעקב כהן,4,שכונת ב,31.252987,34.797673
באר שבע,כחול לבן,10,שכונת ה,31.257617,34.776409
באר שבע,כחול לבן,2,שכונת ה,31.257233,34.777065
באר שבע,כחול לבן,18,שכונת ה,31.257989,34.775799
באר שבע,כחול לבן,8,שכונת ה,31.257464,34.776611
באר שבע,כחול לבן,6,שכונת ה,31.257384,34.776797
באר שבע,כלנית,20,שכונת נווה נוי,31.232053,34.781375
באר שבע,כלנית,13,שכונת נווה נוי,31.231449,34.781022
באר שבע,כלנית,12,שכונת נווה נוי,31.231629,34.781373
באר שבע,כלנית,10,שכונת נווה נוי,31.231479,34.781367
באר שבע,כלנית,8,שכונת נווה נוי,31.231404,34.781390
באר שבע,כלנית,25,שכונת נווה נוי,31.232397,34.780976
באר שבע,כלנית,76,שכונת נווה נוי,31.232694,34.777544
באר שבע,כלנית,15,שכונת נווה נוי,31.231623,34.781014
באר שבע,כלנית,100,שכונת נווה נוי,31.230706,34.776871
באר שבע,כלנית,59,שכונת נווה נוי,31.230858,34.777681
באר שבע,כלנית,61,שכונת נווה נוי,31.230710,34.777681
באר שבע,כלנית,49,שכונת נווה נוי,31.232041,34.777571
באר שבע,כלנית,47,שכונת נווה נוי,31.232229,34.777564
באר שבע,כלנית,106,שכונת נווה נוי,31.230832,34.777111
באר שבע,כלנית,74,שכונת נווה נוי,31.232692,34.777706
באר שבע,כלנית,11,שכונת נווה נוי,31.231300,34.780989
באר שבע,כלנית,102,שכונת נווה נוי,31.230673,34.777065
באר שבע,כלנית,80,שכונת נווה נוי,31.232529,34.777368
באר שבע,כלנית,98,שכונת נווה נוי,31.230901,34.776832
באר שבע,כלנית,96,שכונת נווה נוי,31.231074,34.776933
באר שבע,כלנית,84,שכונת נווה נוי,31.232154,34.777353
באר שבע,כלנית,23,שכונת נווה נוי,31.232287,34.780997
באר שבע,כלנית,45,שכונת נווה נוי,31.232459,34.777600
באר שבע,כלנית,82,שכונת נווה נוי,31.232332,34.777357
באר שבע,כלנית,110,שכונת נווה נוי,31.231066,34.777373
באר שבע,כצנלסון,21,שכונת א,31.250724,34.794297
באר שבע,כצנלסון,15,שכונת א,31.250420,34.795019
באר שבע,כצנלסון,23,שכונת א,31.250845,34.793975
באר שבע,כצנלסון,11,שכונת א,31.250377,34.795486
באר שבע,כצנלסון,6,שכונת א,31.250491,34.796378
באר שבע,כצנלסון,26,שכונת א,31.251113,34.793798
באר שבע,כצנלסון,4,שכונת א,31.250455,34.796620
באר שבע,כצנלסון,20,שכונת א,31.250770,34.794546
באר שבע,כצנלסון,14,שכונת א,31.250548,34.795297
באר שבע,כצנלסון,17,שכונת א,31.250531,34.794670
באר שבע,כצנלסון,5,שכונת א,31.250313,34.796304
באר שבע,כצנלסון,9,שכונת א,31.250288,34.795891
באר שבע,כצנלסון,10,שכונת א,31.250492,34.795814
באר שבע,כצנלסון,16,שכונת א,31.250639,34.795046
באר שבע,כצנלסון,8,שכונת א,31.250471,34.796119
באר שבע,כצנלסון,12,שכונת א,31.250523,34.795556
באר שבע,כצנלסון,2,שכונת א,31.250531,34.796959
באר שבע,כצנלסון,22,שכונת א,31.250867,34.794263
באר שבע,כצנלסון,28,שכונת א,31.251252,34.793549
באר שבע,כרמלי,7,שכונת ג,31.258019,34.807839
באר שבע,כרמלי,4,שכונת ג,31.257990,34.807189
באר שבע,כרמלי,8,שכונת ג,31.257865,34.807779
באר שבע,כרמלי,5,שכונת ג,31.258136,34.807603
באר שבע,לאה,15,שכונת נווה מנחם,31.268641,34.760170
באר שבע,לאה,60,שכונת נווה מנחם,31.269898,34.760656
באר שבע,לאה,27,שכונת נווה מנחם,31.268372,34.760020
באר שבע,לאה,36,שכונת נווה מנחם,31.269140,34.760071
באר שבע,לאה,23,שכונת נווה מנחם,31.268099,34.760491
באר שבע,לאה,43,שכונת נווה מנחם,31.269211,34.758818
באר שבע,לאה,9,שכונת נווה מנחם,31.267919,34.761169
באר שבע,לאה,11,שכונת נווה מנחם,31.267817,34.760985
באר שבע,לאה,54,שכונת נווה מנחם,31.269772,34.760339
באר שבע,לאה,21,שכונת נווה מנחם,31.268354,34.760659
באר שבע,לאה,7,שכונת נווה מנחם,31.268068,34.761191
באר שבע,לאה,31,שכונת נווה מנחם,31.268607,34.759725
באר שבע,לאה,45,שכונת נווה מנחם,31.269399,34.758781
באר שבע,לאה,35,שכונת נווה מנחם,31.269022,34.759662
באר שבע,לאה,44,שכונת נווה מנחם,31.269493,34.759886
באר שבע,לאה,38,שכונת נווה מנחם,31.269278,34.759992
באר שבע,לאה,30,שכונת נווה מנחם,31.269052,34.760348
באר שבע,לאה,49,שכונת נווה מנחם,31.269372,34.759206
באר שבע,לאה,37,שכונת נווה מנחם,31.268849,34.759501
באר שבע,לאה,33,שכונת נווה מנחם,31.268841,34.759939
באר שבע,לאה,17,שכונת נווה מנחם,31.268542,34.760311
באר שבע,לאה,20,שכונת נווה מנחם,31.268576,34.760978
באר שבע,לאה,50,שכונת נווה מנחם,31.269676,34.760099
באר שבע,לאה,25,שכונת נווה מנחם,31.268288,34.760216
באר שבע,לאה,39,שכונת נווה מנחם,31.268920,34.759244
באר שבע,לאה,4,שכונת נווה מנחם,31.268166,34.761721
באר שבע,לאה,41,שכונת נווה מנחם,31.269084,34.759021
באר שבע,לאה,29,שכונת נווה מנחם,31.268512,34.759898
באר שבע,לאה,18,שכונת נווה מנחם,31.268470,34.761087
באר שבע,לאה,8,שכונת נווה מנחם,31.268251,34.761526
באר שבע,לאה,14,שכונת נווה מנחם,31.268376,34.761290
באר שבע,מרק לברי,4,שכונת נחל בקע,31.220922,34.775730
באר שבע,מרק לברי,13,שכונת נחל בקע,31.221077,34.775107
באר שבע,מרק לברי,8,שכונת נחל בקע,31.221037,34.775542
באר שבע,מרק לברי,43,שכונת נחל בקע,31.222876,34.772814
באר שבע,מרק לברי,5,שכונת נחל בקע,31.220832,34.775455
באר שבע,מרק לברי,32,שכונת נחל בקע,31.222828,34.773214
באר שבע,מרק לברי,15,שכונת נחל בקע,31.221378,34.774824
באר שבע,מרק לברי,23,שכונת נחל בקע,31.221624,34.774446
באר שבע,מרק לברי,7,שכונת נחל בקע,31.220856,34.775381
באר שבע,מרק לברי,16,שכונת נחל בקע,31.221487,34.774888
באר שבע,מרק לברי,9,שכונת נחל בקע,31.220945,34.775283
באר שבע,מרק לברי,10,שכונת נחל בקע,31.221150,34.775456
באר שבע,אפרים לוזון,29,שכונת נווה מנחם,31.265149,34.759507
באר שבע,אפרים לוזון,69,שכונת נווה מנחם,31.266740,34.757111
באר שבע,אפרים לוזון,51,שכונת נווה מנחם,31.265863,34.758401
באר שבע,אפרים לוזון,47,שכונת נווה מנחם,31.265717,34.758592
באר שבע,אפרים לוזון,31,שכונת נווה מנחם,31.265161,34.759429
באר שבע,אפרים לוזון,36,שכונת נווה מנחם,31.265730,34.759143
באר שבע,אפרים לוזון,60,שכונת נווה מנחם,31.267234,34.756971
באר שבע,אפרים לוזון,13,שכונת נווה מנחם,31.264708,34.760140
באר שבע,אפרים לוזון,6,שכונת נווה מנחם,31.264574,34.760821
באר שבע,אפרים לוזון,77,שכונת נווה מנחם,31.266973,34.756720
באר שבע,אפרים לוזון,21,שכונת נווה מנחם,31.264922,34.759834
באר שבע,אפרים לוזון,75,שכונת נווה מנחם,31.266976,34.756787
באר שבע,אפרים לוזון,55,שכונת נווה מנחם,31.265956,34.758239
באר שבע,אפרים לוזון,16,שכונת נווה מנחם,31.264996,34.760191
באר שבע,אפרים לוזון,67,שכונת נווה מנחם,31.266644,34.757311
באר שבע,אפרים לוזון,57,שכונת נווה מנחם,31.266050,34.758135
באר שבע,שמריהו לוין,13,שכונת מרכז אזרחי,31.244998,34.796982
באר שבע,שמריהו לוין,15,שכונת מרכז אזרחי,31.245270,34.797031
באר שבע,יעקב לויצקי,7,שכונת רמות,31.276528,34.805035
באר שבע,יעקב לויצקי,1,שכונת רמות,31.275963,34.805384
באר שבע,יעקב לויצקי,5,שכונת רמות,31.276326,34.804996
באר שבע,יעקב לויצקי,3,שכונת רמות,31.276049,34.805158
באר שבע,"לח""י",15,שכונת ו,31.264289,34.776045
באר שבע,"לח""י",46,שכונת ו,31.263579,34.776213
באר שבע,"לח""י",52,שכונת ו,31.263747,34.776692
באר שבע,"לח""י",17,שכונת ו,31.264104,34.776123
באר שבע,"לח""י",5,שכונת ו,31.264752,34.776087
באר שבע,"לח""י",54,שכונת ו,31.263798,34.776838
באר שבע,"לח""י",48,שכונת ו,31.263637,34.776361
באר שבע,"לח""י",56,שכונת ו,31.263869,34.777007
באר שבע,"לח""י",58,שכונת ו,31.264063,34.776907
באר שבע,"לח""י",50,שכונת ו,31.263692,34.776528
באר שבע,"לח""י",38,שכונת ו,31.264028,34.775866
באר שבע,"לח""י",11,שכונת ו,31.264345,34.776261
באר שבע,"לח""י",26,שכונת ו,31.264137,34.775603
באר שבע,"לח""י",40,שכונת ו,31.263933,34.775877
באר שבע,"לח""י",6,שכונת ו,31.264419,34.775470
באר שבע,"לח""י",9,שכונת ו,31.264392,34.776371
באר שבע,"לח""י",60,שכונת ו,31.264174,34.776868
באר שבע,ליליאן,21,שכונת רמות,31.268475,34.808695
באר שבע,ליליאן,39,שכונת רמות,31.269211,34.808974
באר שבע,ליליאן,1,שכונת רמות,31.267778,34.808359
באר שבע,ליליאן,15,שכונת רמות,31.268305,34.808585
באר שבע,יוחנן לינדנר,2,שכונת רמות,31.273787,34.801773
באר שבע,יוחנן לינדנר,3,שכונת רמות,31.274033,34.801483
באר שבע,יוחנן לינדנר,19,שכונת רמות,31.274567,34.801957
באר שבע,יוחנן לינדנר,31,שכונת רמות,31.275053,34.802399
באר שבע,יוחנן לינדנר,37,שכונת רמות,31.275237,34.802606
באר שבע,יוחנן לינדנר,24,שכונת רמות,31.274699,34.802587
באר שבע,יוחנן לינדנר,32,שכונת רמות,31.274950,34.802810
באר שבע,יוחנן לינדנר,14,שכונת רמות,31.274203,34.802135
באר שבע,גבריאל ליפמן,8,שכונת רמות,31.274306,34.800667
באר שבע,גבריאל ליפמן,19,שכונת רמות,31.274599,34.800754
באר שבע,גבריאל ליפמן,2,שכונת רמות,31.274619,34.800032
באר שבע,יוסף לישנסקי,10,שכונת נווה מנחם,31.267203,34.758953
באר שבע,יוסף לישנסקי,16,שכונת נווה מנחם,31.266950,34.758728
באר שבע,יוסף לישנסקי,4,שכונת נווה מנחם,31.267317,34.759181
באר שבע,יוסף לישנסקי,5,שכונת נווה מנחם,31.267196,34.759439
באר שבע,יוסף לישנסקי,9,שכונת נווה מנחם,31.266966,34.759130
באר שבע,לכיש,4,שכונת ט,31.244569,34.778013
באר שבע,יצחק למדן,15,שכונת ד,31.257782,34.796814
באר שבע,חיים לנדאו,2,שכונת יא,31.256339,34.761818
באר שבע,חיים לנדאו,6,שכונת יא,31.256388,34.761352
באר שבע,חיים לנדאו,10,שכונת יא,31.256666,34.761080
באר שבע,חיים לנדאו,4,שכונת יא,31.256347,34.761592
באר שבע,חיים לנדאו,14,שכונת יא,31.257256,34.761052
באר שבע,חיים לנדאו,12,שכונת יא,31.256938,34.761010
באר שבע,פרץ לסקר,2,שכונת נווה מנחם,31.266564,34.757298
באר שבע,פרץ לסקר,22,שכונת נווה מנחם,31.265739,34.756564
באר שבע,פרץ לסקר,14,שכונת נווה מנחם,31.266045,34.756821
באר שבע,פרץ לסקר,13,שכונת נווה מנחם,31.265969,34.757150
באר שבע,פרץ לסקר,30,שכונת נווה מנחם,31.265338,34.756302
באר שבע,אברהם מאפו,5,שכונת נווה זאב,31.236183,34.775590
באר שבע,אברהם מאפו,2,שכונת נווה זאב,31.236489,34.775266
באר שבע,אברהם מאפו,23,שכונת נווה זאב,31.236451,34.772519
באר שבע,אברהם מאפו,17,שכונת נווה זאב,31.236020,34.773644
באר שבע,אברהם מאפו,21,שכונת נווה זאב,31.236308,34.773050
באר שבע,אברהם מאפו,6,שכונת נווה זאב,31.236233,34.774807
באר שבע,אברהם מאפו,19,שכונת נווה זאב,31.236161,34.773315
באר שבע,אברהם מאפו,15,שכונת נווה זאב,31.235927,34.773937
באר שבע,אברהם מאפו,3,שכונת נווה זאב,31.236368,34.775667
באר שבע,אברהם מאפו,13,שכונת נווה זאב,31.235796,34.774527
באר שבע,מבצע אסף,5,שכונת נווה זאב,31.236584,34.779787
באר שבע,מבצע אסף,11,שכונת נווה זאב,31.236777,34.780234
באר שבע,מבצע אסף,1,שכונת נווה זאב,31.236697,34.779431
באר שבע,מבצע אסף,20,שכונת נווה זאב,31.237291,34.780448
באר שבע,מבצע אסף,10,שכונת נווה זאב,31.236070,34.779822
באר שבע,מבצע אסף,18,שכונת נווה זאב,31.237103,34.780505
באר שבע,מבצע אסף,15,שכונת נווה זאב,31.236958,34.779806
באר שבע,מבצע אסף,26,שכונת נווה זאב,31.237467,34.779786
באר שבע,מבצע אסף,13,שכונת נווה זאב,31.236881,34.779942
באר שבע,מבצע ארז,3,שכונת ו,31.266025,34.782103
באר שבע,מבצע ארז,2,שכונת ו,31.266094,34.781628
באר שבע,מבצע ארז,13,שכונת ו,31.265527,34.781977
באר שבע,מבצע ארז,7,שכונת ו,31.265718,34.782200
באר שבע,מבצע ארז,52,שכונת ו,31.265489,34.781346
באר שבע,מבצע ארז,34,שכונת ו,31.265765,34.781736
באר שבע,מבצע ארז,5,שכונת ו,31.265931,34.782155
באר שבע,מבצע ארז,26,שכונת ו,31.265876,34.781455
באר שבע,מבצע ארז,1,שכונת ו,31.266241,34.782057
באר שבע,מבצע ארז,22,שכונת ו,31.265789,34.781297
באר שבע,מבצע ארז,12,שכונת ו,31.265967,34.781260
באר שבע,מבצע ארז,20,שכונת ו,31.265801,34.781215
באר שבע,מבצע ארז,62,שכונת ו,31.265614,34.781754
באר שבע,מבצע ברוש,7,שכונת ו,31.265559,34.784672
באר שבע,מבצע ברוש,1,שכונת ו,31.265975,34.784783
באר שבע,מבצע ברוש,11,שכונת ו,31.265431,34.783839
באר שבע,מבצע ברוש,3,שכונת ו,31.265750,34.785131
באר שבע,מבצע ברוש,9,שכונת ו,31.265510,34.784239
באר שבע,מבצע ברוש,5,שכונת ו,31.265543,34.785481
באר שבע,מבצע דני,50,שכונת ו,31.260624,34.781305
באר שבע,מבצע דני,39,שכונת ו,31.260190,34.781934
באר שבע,מבצע דני,6,שכונת ו,31.259825,34.783128
באר שבע,מבצע דני,16,שכונת ו,31.260636,34.783225
באר שבע,מבצע דני,4,שכונת ו,31.259722,34.783287
באר שבע,מבצע דני,11,שכונת ו,31.260482,34.782872
באר שבע,מבצע דני,37,שכונת ו,31.260311,34.781783
באר שבע,מבצע דני,46,שכונת ו,31.260923,34.781393
באר שבע,מבצע דני,32,שכונת ו,31.261513,34.782400
באר שבע,מבצע דני,26,שכונת ו,31.261398,34.782919
באר שבע,מבצע דני,23,שכונת ו,31.261267,34.782302
באר שבע,מבצע דני,25,שכונת ו,31.261242,34.782102
באר שבע,מבצע חורב,3,שכונת ו,31.259842,34.784269
באר שבע,מבצע חורב,41,שכונת ו,31.261962,34.785697
באר שבע,מבצע חורב,47,שכונת ו,31.262018,34.786205
באר שבע,מבצע חורב,7,שכונת ו,31.260078,34.784430
באר שבע,מבצע חורב,9,שכונת ו,31.260237,34.784479
באר שבע,מבצע חורב,20,שכונת ו,31.261448,34.784605
באר שבע,מבצע חורב,53,שכונת ו,31.262121,34.786735
באר שבע,מבצע חורב,24,שכונת ו,31.261668,34.784848
באר שבע,מבצע חורב,51,שכונת ו,31.262079,34.786580
באר שבע,מבצע חורב,11,שכונת ו,31.260426,34.784489
באר שבע,מבצע חורב,26,שכונת ו,31.261687,34.785018
באר שבע,מבצע חורב,55,שכונת ו,31.262103,34.786924
באר שבע,מבצע חירם,30,שכונת ו,31.261029,34.782358
באר שבע,מבצע חירם,5,שכונת ו,31.261111,34.785455
באר שבע,מבצע חירם,1,שכונת ו,31.261306,34.785339
באר שבע,מבצע חירם,3,שכונת ו,31.261269,34.785475
באר שבע,מבצע חירם,36,שכונת ו,31.260739,34.782049
באר שבע,מבצע חירם,34,שכונת ו,31.260923,34.782065
באר שבע,מבצע חירם,8,שכונת ו,31.261283,34.784835
באר שבע,מבצע יואב,13,שכונת ו,31.259119,34.780637
באר שבע,מבצע יואב,62,שכונת ו,31.262988,34.779779
באר שבע,מבצע יואב,58,שכונת ו,31.262799,34.779852
באר שבע,מבצע יואב,80,שכונת ו,31.265241,34.778836
באר שבע,מבצע יואב,24,שכונת ו,31.259684,34.781176
באר שבע,מבצע יואב,20,שכונת ו,31.259678,34.781482
באר שבע,מבצע יואב,16,שכונת ו,31.258772,34.781272
באר שבע,מבצע יואב,41,שכונת ו,31.260380,34.779938
באר שבע,מבצע יואב,42,שכונת ו,31.261375,34.780444
באר שבע,מבצע יואב,86,שכונת ו,31.265543,34.779098
באר שבע,מבצע יואב,72,שכונת ו,31.264654,34.779662
באר שבע,מבצע יואב,82,שכונת ו,31.265381,34.778747
באר שבע,מבצע יואב,76,שכונת ו,31.264927,34.778967
באר שבע,מבצע יואב,78,שכונת ו,31.265063,34.778897
באר שבע,מבצע יואב,84,שכונת ו,31.265525,34.778931
באר שבע,מבצע יואב,31,שכונת ו,31.260127,34.780347
באר שבע,מבצע יואב,66,שכונת ו,31.263699,34.779587
באר שבע,מבצע יואב,70,שכונת ו,31.264422,34.779436
באר שבע,מבצע יואב,35,שכונת ו,31.260436,34.780254
באר שבע,מבצע יואב,74,שכונת ו,31.264789,34.779123
באר שבע,מבצע יואב,64,שכונת ו,31.263561,34.779592
באר שבע,מבצע יואב,33,שכונת ו,31.260272,34.780268
באר שבע,מבצע יואב,50,שכונת ו,31.262101,34.780211
באר שבע,מבצע יואב,22,שכונת ו,31.259681,34.781323
באר שבע,מבצע יואב,44,שכונת ו,31.261559,34.780381
באר שבע,מבצע יואב,48,שכונת ו,31.261916,34.780286
באר שבע,מבצע יונתן,9,שכונת ו,31.266090,34.782630
באר שבע,מבצע יונתן,15,שכונת ו,31.265916,34.782625
באר שבע,מבצע יונתן,8,שכונת ו,31.266098,34.782431
באר שבע,מבצע יונתן,25,שכונת ו,31.265532,34.782908
באר שבע,מבצע יונתן,5,שכונת ו,31.266268,34.782508
באר שבע,מבצע יונתן,21,שכונת ו,31.265723,34.782798
באר שבע,מבצע יונתן,7,שכונת ו,31.266200,34.782487
באר שבע,מבצע יונתן,10,שכונת ו,31.265995,34.782491
באר שבע,מבצע יונתן,32,שכונת ו,31.265254,34.782812
באר שבע,מבצע יונתן,28,שכונת ו,31.265360,34.782787
באר שבע,מבצע יונתן,1,שכונת ו,31.266365,34.782488
באר שבע,מבצע יונתן,13,שכונת ו,31.265986,34.782655
באר שבע,מבצע יונתן,24,שכונת ו,31.265519,34.782694
באר שבע,מבצע יונתן,22,שכונת ו,31.265581,34.782671
באר שבע,מבצע יקב,4,שכונת ו,31.265486,34.779340
באר שבע,מבצע יקב,16,שכונת ו,31.265015,34.780404
באר שבע,מבצע יקב,8,שכונת ו,31.265174,34.779595
באר שבע,מבצע יקב,12,שכונת ו,31.265097,34.779963
באר שבע,מבצע לוט,15,שכונת ו,31.261425,34.785623
באר שבע,מבצע לוט,24,שכונת ו,31.261380,34.786210
באר שבע,מבצע לוט,12,שכונת ו,31.260415,34.785766
באר שבע,מבצע לוט,20,שכונת ו,31.261069,34.786063
באר שבע,מבצע לוט,9,שכונת ו,31.260768,34.785578
באר שבע,מבצע לוט,21,שכונת ו,31.261484,34.785993
באר שבע,מבצע לוט,3,שכונת ו,31.260511,34.785140
באר שבע,מבצע לוט,1,שכונת ו,31.260462,34.784885
באר שבע,מבצע לוט,14,שכונת ו,31.260557,34.785828
באר שבע,מבצע לוט,10,שכונת ו,31.260261,34.785589
באר שבע,מבצע משה,9,שכונת נווה זאב,31.236808,34.778033
באר שבע,מבצע משה,3,שכונת נווה זאב,31.236444,34.778631
באר שבע,מבצע משה,1,שכונת נווה זאב,31.236365,34.778773
באר שבע,מבצע משה,5,שכונת נווה זאב,31.236463,34.778378
באר שבע,מבצע משה,10,שכונת נווה זאב,31.237244,34.779035
באר שבע,מבצע משה,21,שכונת נווה זאב,31.237718,34.778948
באר שבע,מבצע משה,11,שכונת נווה זאב,31.237278,34.778250
באר שבע,מבצע משה,8,שכונת נווה זאב,31.236822,34.778803
באר שבע,מבצע משה,7,שכונת נווה זאב,31.236553,34.778260
באר שבע,מבצע משה,19,שכונת נווה זאב,31.237865,34.778536
באר שבע,מבצע נחשון,60,שכונת ו,31.260547,34.787502
באר שבע,מבצע נחשון,70,שכונת ו,31.261946,34.788279
באר שבע,מבצע נחשון,31,שכונת ו,31.259898,34.785123
באר שבע,מבצע נחשון,83,שכונת ד,31.263660,34.787323
באר שבע,מבצע נחשון,22,שכונת ו,31.259275,34.783461
באר שבע,מבצע נחשון,52,שכונת ו,31.259899,34.787420
באר שבע,מבצע נחשון,32,שכונת ו,31.259644,34.785446
באר שבע,מבצע נחשון,9,שכונת ו,31.259597,34.781924
באר שבע,מבצע נחשון,68,שכונת ו,31.261898,34.787722
באר שבע,מבצע נחשון,74,שכונת ד,31.262358,34.788539
באר שבע,מבצע נחשון,13,שכונת ו,31.259620,34.782377
באר שבע,מבצע נחשון,72,שכונת ו,31.262394,34.787891
באר שבע,מבצע נחשון,58,שכונת ו,31.259372,34.787273
באר שבע,מבצע נחשון,64,שכונת ו,31.261457,34.787515
באר שבע,מבצע נחשון,57,שכונת ו,31.261291,34.786690
באר שבע,מבצע נחשון,62,שכונת ו,31.261054,34.787805
באר שבע,מבצע נחשון,66,שכונת ו,31.261540,34.788008
באר שבע,מבצע נחשון,78,שכונת ד,31.262864,34.787989
באר שבע,מבצע נחשון,12,שכונת ו,31.259266,34.782413
באר שבע,מבצע נחשון,76,שכונת ד,31.262828,34.788685
באר שבע,מבצע נחשון,59,שכונת ו,31.261332,34.787102
באר שבע,מבצע נחשון,54,שכונת ו,31.259737,34.787274
באר שבע,מבצע נחשון,37,שכונת ו,31.260091,34.785601
באר שבע,מבצע נחשון,38,שכונת ו,31.259801,34.786006
באר שבע,מבצע נחשון,55,שכונת ו,31.261080,34.786612
באר שבע,מבצע נחשון,43,שכונת ו,31.260560,34.786308
באר שבע,מבצע נחשון,29,שכונת ו,31.259832,34.784912
באר שבע,מבצע נחשון,34,שכונת ו,31.259695,34.785621
באר שבע,מבצע נחשון,50,שכונת ו,31.260110,34.787306
באר שבע,מבצע נחשון,18,שכונת ו,31.259281,34.783096
באר שבע,מבצע נחשון,46,שכונת ו,31.260000,34.786698
באר שבע,מבצע נחשון,47,שכונת ו,31.260709,34.786435
באר שבע,מבצע נחשון,53,שכונת ו,31.260976,34.786860
באר שבע,מבצע נחשון,25,שכונת ו,31.259664,34.784085
באר שבע,מבצע נחשון,14,שכונת ו,31.259281,34.782569
באר שבע,מבצע נחשון,56,שכונת ו,31.259542,34.787375
באר שבע,מבצע נחשון,48,שכונת ו,31.260053,34.786887
באר שבע,מבצע נחשון,77,שכונת ד,31.263462,34.787448
באר שבע,מבצע נחשון,16,שכונת ו,31.259260,34.782865
באר שבע,מבצע נחשון,36,שכונת ו,31.259747,34.785820
באר שבע,מבצע נחשון,49,שכונת ו,31.260815,34.786819
באר שבע,מבצע נחשון,41,שכונת ו,31.260343,34.786304
באר שבע,מבצע נחשון,51,שכונת ו,31.260927,34.786508
באר שבע,מבצע נחשון,20,שכונת ו,31.259249,34.783303
באר שבע,מבצע נחשון,45,שכונת ו,31.260590,34.786766
באר שבע,מבצע עובדה,58,שכונת ו,31.260091,34.776278
באר שבע,מבצע עובדה,7,שכונת ו,31.259450,34.779026
באר שבע,מבצע עובדה,19,שכונת ו,31.259377,34.777683
באר שבע,מבצע עובדה,35,שכונת ו,31.259626,34.776344
באר שבע,מבצע עובדה,48,שכונת ו,31.260586,34.776117
באר שבע,מבצע עובדה,104,שכונת ו,31.262355,34.773840
באר שבע,מבצע עובדה,72,שכונת ו,31.260646,34.775778
באר שבע,מבצע עובדה,23,שכונת ו,31.259365,34.777014
באר שבע,מבצע עובדה,18,שכונת ו,31.259991,34.778301
באר שבע,מבצע עובדה,2,שכונת ו,31.259793,34.780104
באר שבע,מבצע עובדה,33,שכונת ו,31.259709,34.776586
באר שבע,מבצע עובדה,114,שכונת ו,31.262763,34.773568
באר שבע,מבצע עובדה,30,שכונת ו,31.260130,34.777326
באר שבע,מבצע עובדה,13,שכונת ו,31.259374,34.778412
באר שבע,מבצע עובדה,16,שכונת ו,31.259815,34.778634
באר שבע,מבצע עובדה,21,שכונת ו,31.259222,34.777323
באר שבע,מבצע עובדה,82,שכונת ו,31.260365,34.775203
באר שבע,מבצע עובדה,34,שכונת ו,31.260415,34.777120
באר שבע,מבצע עובדה,12,שכונת ו,31.259770,34.779251
באר שבע,מבצע עובדה,60,שכונת ו,31.260123,34.776117
באר שבע,מבצע עובדה,20,שכונת ו,31.259869,34.777975
באר שבע,מבצע עובדה,54,שכונת ו,31.260029,34.776580
באר שבע,מבצע עובדה,70,שכונת ו,31.260648,34.775935
באר שבע,מבצע עובדה,39,שכונת ו,31.259698,34.775952
באר שבע,מבצע עובדה,110,שכונת ו,31.263044,34.774049
באר שבע,מבצע עובדה,84,שכונת ו,31.260689,34.774908
באר שבע,מבצע עובדה,86,שכונת ו,31.260880,34.775082
באר שבע,מבצע עובדה,52,שכונת ו,31.259997,34.776846
באר שבע,מבצע עובדה,62,שכונת ו,31.260144,34.776001
באר שבע,מבצע עובדה,76,שכונת ו,31.260706,34.775500
באר שבע,מבצע עובדה,41,שכונת ו,31.259870,34.775797
באר שבע,מבצע עובדה,37,שכונת ו,31.259786,34.776186
באר שבע,מבצע עובדה,4,שכונת ו,31.259736,34.779741
באר שבע,מבצע עובדה,11,שכונת ו,31.259491,34.778632
באר שבע,מבצע עובדה,9,שכונת ו,31.259294,34.778816
באר שבע,מבצע עובדה,66,שכונת ו,31.260250,34.775608
באר שבע,מבצע עובדה,56,שכונת ו,31.260049,34.776454
באר שבע,מבצע עובדה,74,שכונת ו,31.260707,34.775659
באר שבע,מבצע עובדה,64,שכונת ו,31.260170,34.775896
באר שבע,מבצע עובדה,14,שכונת ו,31.259931,34.778921
באר שבע,מבצע קדם,3,שכונת ו,31.266677,34.783141
באר שבע,מבצע קדם,12,שכונת ו,31.266108,34.782949
באר שבע,מבצע קדם,7,שכונת ו,31.266340,34.783349
באר שבע,מבצע קדם,24,שכונת ו,31.265676,34.783090
באר שבע,מבצע קדם,15,שכונת ו,31.265702,34.783601
באר שבע,מבצע קדם,5,שכונת ו,31.266483,34.783315
באר שבע,מבצע קדם,32,שכונת ו,31.265409,34.783322
באר שבע,מבצע קדם,10,שכונת ו,31.266201,34.782841
באר שבע,מבצע קדם,26,שכונת ו,31.265643,34.783070
באר שבע,מבצע קדם,9,שכונת ו,31.266153,34.783457
באר שבע,מבצע קדם,20,שכונת ו,31.265816,34.783036
באר שבע,מבצע קדם,1,שכונת ו,31.266686,34.783048
באר שבע,מבצע קדם,18,שכונת ו,31.265917,34.782993
באר שבע,מבצע קדם,34,שכונת ו,31.265365,34.783291
באר שבע,מבצע קדם,30,שכונת ו,31.265470,34.783276
באר שבע,מגידו,38,,31.244329,34.774308
באר שבע,מגידו,26,שכונת ט,31.243812,34.774992
באר שבע,מגידו,12,שכונת ט,31.243908,34.776077
באר שבע,מגידו,36,,31.244213,34.774293
באר שבע,מגידו,30,שכונת ט,31.243840,34.774650
באר שבע,מגידו,40,,31.244500,34.774346
באר שבע,מגידו,18,שכונת ט,31.243613,34.775605
באר שבע,מגידו,10,שכונת ט,31.244047,34.776094
באר שבע,מגידו,8,שכונת ט,31.244214,34.776112
באר שבע,מגידו,6,שכונת ט,31.244337,34.776120
באר שבע,מגידו,34,,31.244045,34.774357
באר שבע,מגידו,22,שכונת ט,31.243643,34.775281
באר שבע,מגידו,28,שכונת ט,31.243824,34.774840
באר שבע,מגידו,16,שכונת ט,31.243670,34.775840
באר שבע,מגידו,14,שכונת ט,31.243762,34.775958
באר שבע,מגידו,32,,31.243942,34.774463
באר שבע,מגידו,20,שכונת ט,31.243616,34.775480
באר שבע,מודיעין,2,שכונת ד,31.259060,34.790341
באר שבע,מודיעין,6,שכונת ד,31.259421,34.789902
באר שבע,מולדת,8,שכונת ה,31.255446,34.778624
באר שבע,מולדת,2,שכונת ה,31.255430,34.779053
באר שבע,שלמה מולכו,1,שכונת נווה מנחם,31.264075,34.763515
באר שבע,מונטיפיורי,31,שכונת א,31.249857,34.792808
באר שבע,מונטיפיורי,19,שכונת א,31.249443,34.794342
באר שבע,מונטיפיורי,25,שכונת א,31.249656,34.793564
באר שבע,מונטיפיורי,7,שכונת א,31.249060,34.796014
באר שבע,מונטיפיורי,17,שכונת א,31.249351,34.794625
באר שבע,מונטיפיורי,8,שכונת א,31.249409,34.796233
באר שבע,מונטיפיורי,28,שכונת א,31.250055,34.793212
באר שבע,מונטיפיורי,22,שכונת א,31.249861,34.793943
באר שבע,מונטיפיורי,27,שכונת א,31.249716,34.793295
באר שבע,מונטיפיורי,18,שכונת א,31.249681,34.794595
באר שבע,מונטיפיורי,2,שכונת א,31.249466,34.797155
באר שבע,מונטיפיורי,20,שכונת א,31.249762,34.794344
באר שבע,מונטיפיורי,10,שכונת א,31.249383,34.795892
באר שבע,מונטיפיורי,14,שכונת א,31.249461,34.795212
באר שבע,מונטיפיורי,29,שכונת א,31.249806,34.793034
באר שבע,מונטיפיורי,4,שכונת א,31.249406,34.796823
באר שבע,מונטיפיורי,6,שכונת א,31.249403,34.796526
באר שבע,מוצא,7,שכונת ט,31.245099,34.769670
באר שבע,מוצא,9,שכונת ט,31.245311,34.769350
באר שבע,מוריה,24,שכונת א,31.247108,34.784723
באר שבע,מוריה,3,שכונת א,31.247832,34.783942
באר שבע,מוריה,6,שכונת א,31.247477,34.784076
באר שבע,מוריה,26,שכונת א,31.247098,34.784933
באר שבע,מוריה,20,שכונת א,31.246871,34.784458
באר שבע,מוריה,17,שכונת א,31.248480,34.784434
באר שבע,מוריה,40,שכונת א,31.246569,34.785179
באר שבע,מוריה,10,שכונת א,31.247389,34.784427
באר שבע,מוריה,42,שכונת א,31.246676,34.785356
באר שבע,מוריה,12,שכונת א,31.246665,34.783757
באר שבע,מוריה,38,שכונת א,31.246460,34.785099
באר שבע,מוריה,2,שכונת א,31.247552,34.783743
באר שבע,מוריה,16,שכונת א,31.246581,34.784131
באר שבע,מוריה,14,שכונת א,31.246638,34.783946
באר שבע,מוריה,8,שכונת א,31.247406,34.784216
באר שבע,מוריה,36,שכונת א,31.246428,34.784919
באר שבע,מוריה,18,שכונת א,31.246709,34.784259
באר שבע,מוריה,22,שכונת א,31.246987,34.784589
באר שבע,מוריה,34,שכונת א,31.246465,34.784776
באר שבע,מוריה,32,שכונת א,31.246490,34.784621
באר שבע,מוריה,44,שכונת א,31.246748,34.785537
באר שבע,מוריה,4,שכונת א,31.247480,34.783887
באר שבע,בנימין מזר,77,שכונת נאות לון,31.246236,34.759019
באר שבע,בנימין מזר,91,שכונת נאות לון,31.247222,34.759911
באר שבע,בנימין מזר,81,שכונת נאות לון,31.246534,34.759209
באר שבע,בנימין מזר,16,שכונת נאות לון,31.243833,34.761117
באר שבע,בנימין מזר,21,שכונת נאות לון,31.243958,34.762642
באר שבע,בנימין מזר,5,שכונת נאות לון,31.244104,34.762871
באר שבע,בנימין מזר,56,שכונת נאות לון,31.246436,34.759477
באר שבע,בנימין מזר,1,שכונת נאות לון,31.243966,34.762949
באר שבע,בנימין מזר,79,שכונת נאות לון,31.246412,34.759076
באר שבע,בנימין מזר,93,שכונת נאות לון,31.247297,34.760084
באר שבע,בנימין מזר,2,שכונת נאות לון,31.244400,34.762430
באר שבע,בנימין מזר,89,שכונת נאות לון,31.247114,34.759793
באר שבע,יצחק מיכאלסון,25,שכונת רמות,31.268185,34.808370
באר שבע,יצחק מיכאלסון,8,שכונת רמות,31.268219,34.807180
באר שבע,יצחק מיכאלסון,18,שכונת רמות,31.268068,34.807622
באר שבע,יצחק מיכאלסון,13,שכונת רמות,31.268348,34.807617
באר שבע,מיכל,6,שכונת נווה מנחם,31.267894,34.763326
באר שבע,מיכל,8,שכונת נווה מנחם,31.267956,34.763308
באר שבע,מיכל,12,שכונת נווה מנחם,31.268068,34.763112
באר שבע,מיכל,18,שכונת נווה מנחם,31.268176,34.762790
באר שבע,מיכל,1,שכונת נווה מנחם,31.267567,34.763282
באר שבע,מילוס,18,שכונת ה,31.256004,34.777387
באר שבע,מילוס,2,שכונת ה,31.256052,34.777757
באר שבע,מינץ,38,שכונת ב,31.257092,34.778800
באר שבע,מינץ,5,שכונת ב,31.258073,34.777687
באר שבע,מינץ,18,שכונת ב,31.258252,34.777325
באר שבע,מינץ,20,שכונת ב,31.258035,34.777257
באר שבע,מינץ,28,שכונת ב,31.257406,34.777953
באר שבע,מינץ,22,שכונת ב,31.257714,34.777545
באר שבע,מינץ,2,שכונת ב,31.258530,34.776654
באר שבע,מינץ,30,שכונת ב,31.257410,34.778161
באר שבע,מינץ,10,שכונת ב,31.258006,34.776853
באר שבע,מינץ,34,שכונת ב,31.257214,34.778556
באר שבע,מינץ,14,שכונת ב,31.257833,34.777089
באר שבע,מינץ,32,שכונת ב,31.257242,34.778291
באר שבע,מינץ,16,שכונת ב,31.257769,34.777237
באר שבע,מינץ,12,שכונת ב,31.257944,34.776997
באר שבע,מינץ,36,שכונת ב,31.257129,34.778654
באר שבע,ממשית,11,שכונת ט,31.243784,34.768911
באר שבע,ממשית,21,שכונת ט,31.243968,34.768432
באר שבע,ממשית,4,שכונת ט,31.244022,34.769597
באר שבע,ממשית,9,שכונת ט,31.243693,34.769082
באר שבע,ממשית,6,שכונת ט,31.244015,34.769400
באר שבע,ממשית,15,שכונת ט,31.243661,34.768507
באר שבע,מנדלי מוכר ספרים,4,שכונת א,31.247717,34.793505
באר שבע,מנדלי מוכר ספרים,3,שכונת א,31.247588,34.793739
באר שבע,מנדלי מוכר ספרים,5,שכונת א,31.247315,34.793535
באר שבע,מנדלי מוכר ספרים,6,שכונת א,31.247505,34.793311
באר שבע,מנדלסון,12,שכונת ב,31.256963,34.790430
באר שבע,מנדלסון,3,שכונת ב,31.256619,34.790348
באר שבע,מנדלסון,27,שכונת ב,31.256197,34.788777
באר שבע,מנדלסון,1,שכונת ב,31.256651,34.790422
באר שבע,מנדלסון,33,שכונת ב,31.256338,34.788391
באר שבע,מנדלסון,11,שכונת ב,31.256410,34.789766
באר שבע,מנדלסון,34,שכונת ב,31.256475,34.788885
באר שבע,מנדלסון,36,שכונת ב,31.256472,34.788836
באר שבע,מנדלסון,9,שכונת ב,31.256439,34.789880
באר שבע,אהרון מסקין,65,שכונת נווה מנחם,31.272149,34.764454
באר שבע,אהרון מסקין,14,שכונת נווה מנחם,31.270192,34.767574
באר שבע,אהרון מסקין,84,שכונת נווה מנחם,31.272856,34.764262
באר שבע,אהרון מסקין,44,שכונת נווה מנחם,31.271512,34.766025
באר שבע,אהרון מסקין,40,שכונת נווה מנחם,31.271400,34.766203
באר שבע,אהרון מסקין,64,שכונת נווה מנחם,31.272208,34.765144
באר שבע,אהרון מסקין,72,שכונת נווה מנחם,31.272446,34.764823
באר שבע,אהרון מסקין,60,שכונת נווה מנחם,31.272089,34.765307
באר שבע,אהרון מסקין,28,שכונת נווה מנחם,31.271039,34.766670
באר שבע,אהרון מסקין,48,שכונת נווה מנחם,31.271661,34.765905
באר שבע,אהרון מסקין,17,שכונת נווה מנחם,31.269985,34.767110
באר שבע,אהרון מסקין,26,שכונת נווה מנחם,31.270943,34.766813
באר שבע,אהרון מסקין,3,שכונת נווה מנחם,31.269383,34.767603
באר שבע,אהרון מסקין,15,שכונת נווה מנחם,31.270125,34.767076
באר שבע,אהרון מסקין,1,שכונת נווה מנחם,31.269462,34.767531
באר שבע,אהרון מסקין,38,שכונת נווה מנחם,31.271348,34.766389
באר שבע,אהרון מסקין,57,שכונת נווה מנחם,31.271614,34.764853
באר שבע,אהרון מסקין,63,שכונת נווה מנחם,31.272008,34.764632
באר שבע,אהרון מסקין,8,שכונת נווה מנחם,31.269968,34.767701
באר שבע,אהרון מסקין,53,שכונת נווה מנחם,31.271687,34.765249
באר שבע,אהרון מסקין,45,שכונת נווה מנחם,31.271279,34.765310
באר שבע,אהרון מסקין,76,שכונת נווה מנחם,31.272557,34.764645
באר שבע,אהרון מסקין,51,שכונת נווה מנחם,31.271803,34.765085
באר שבע,אהרון מסקין,47,שכונת נווה מנחם,31.271466,34.765461
באר שבע,אהרון מסקין,55,שכונת נווה מנחם,31.271528,34.765144
באר שבע,אהרון מסקין,43,שכונת נווה מנחם,31.271108,34.765559
באר שבע,אהרון מסקין,41,שכונת נווה מנחם,31.271078,34.765652
באר שבע,אהרון מסקין,61,שכונת נווה מנחם,31.271853,34.764510
באר שבע,אהרון מסקין,49,שכונת נווה מנחם,31.271925,34.764924
באר שבע,אהרון מסקין,4,שכונת נווה מנחם,31.269675,34.767940
באר שבע,אהרון מסקין,31,שכונת נווה מנחם,31.270600,34.766233
באר שבע,אהרון מסקין,80,שכונת נווה מנחם,31.272655,34.764471
באר שבע,אהרון מסקין,33,שכונת נווה מנחם,31.270720,34.766070
באר שבע,אהרון מסקין,52,שכונת נווה מנחם,31.271781,34.765740
באר שבע,אהרון מסקין,36,שכונת נווה מנחם,31.271280,34.766393
באר שבע,מעלה עקרבים,42,שכונת ה,31.247992,34.779693
באר שבע,מעלה עקרבים,2,שכונת ה,31.248372,34.780343
באר שבע,מעלה עקרבים,7,שכונת ה,31.248163,34.780558
באר שבע,מעלה עקרבים,30,שכונת ה,31.248216,34.779875
באר שבע,מעלה עקרבים,32,שכונת ה,31.248172,34.779771
באר שבע,מעלה עקרבים,13,שכונת ה,31.248037,34.780804
באר שבע,מעלה עקרבים,35,שכונת ה,31.247878,34.780644
באר שבע,מעלה עקרבים,5,שכונת ה,31.248245,34.780545
באר שבע,מצדה,12,שכונת ד,31.258595,34.793951
באר שבע,מצדה,128,שכונת ו,31.259334,34.786311
באר שבע,מצדה,6,שכונת ד,31.258744,34.795665
באר שבע,מצדה,19,שכונת ד,31.258175,34.794556
באר שבע,מצדה,144,שכונת ו,31.259182,34.784435
באר שבע,מצדה,33,שכונת ד,31.258160,34.793307
באר שבע,מצדה,25,שכונת ד,31.258203,34.793993
באר שבע,מצדה,41,שכונת ד,31.258163,34.792639
באר שבע,מצדה,107,שכונת ב,31.258533,34.779030
באר שבע,מצדה,138,שכונת ו,31.259414,34.785085
באר שבע,מצדה,38,שכונת ד,31.258598,34.791922
באר שבע,מצדה,75,שכונת ב,31.258794,34.788100
באר שבע,מצדה,11,שכונת ד,31.258177,34.796006
באר שבע,מצדה,7,שכונת ד,31.258187,34.796624
באר שבע,מצדה,13,שכונת ד,31.258159,34.795666
באר שבע,מצדה,71,שכונת ד,31.258717,34.788749
באר שבע,מצדה,174,שכונת ו,31.258685,34.780188
באר שבע,מצדה,15,שכונת ד,31.258111,34.795360
באר שבע,מצדה,234,שכונת יא,31.256553,34.773626
באר שבע,מצדה,121,שכונת ב,31.258716,34.777819
באר שבע,מצדה,73,שכונת ב,31.258760,34.788406
באר שבע,מצדה,196,שכונת ו,31.259022,34.776699
באר שבע,מצדה,115,שכונת ב,31.258685,34.778337
באר שבע,מצדה,59,שכונת ב,31.258219,34.790125
באר שבע,מצדה,30,שכונת ד,31.258569,34.792612
באר שבע,מצדה,55,שכונת ד,31.258310,34.790915
באר שבע,מצדה,119,שכונת ב,31.258695,34.778003
באר שבע,מצדה,80,שכונת ד,31.259130,34.789009
באר שבע,מצדה,127,שכונת ב,31.258667,34.777300
באר שבע,מצדה,218,שכונת יא,31.257937,34.774763
באר שבע,מצדה,156,שכונת ו,31.258879,34.783064
באר שבע,מצדה,244,שכונת יא,31.255833,34.773003
באר שבע,מצדה,91,שכונת ב,31.258007,34.781699
באר שבע,מצדה,51,שכונת ד,31.258186,34.791580
באר שבע,מצדה,136,שכונת ו,31.259345,34.785472
באר שבע,מצדה,258,שכונת יא,31.254798,34.772112
באר שבע,מצדה,124,שכונת ו,31.259302,34.786762
באר שבע,מצדה,166,שכונת ו,31.258714,34.782077
באר שבע,מצדה,46,שכונת ד,31.258678,34.791216
באר שבע,מצדה,123,שכונת ב,31.258699,34.777651
באר שבע,מצדה,92,שכונת ד,31.259178,34.788550
באר שבע,מצדה,260,שכונת יא,31.254612,34.771781
באר שבע,מצדה,134,שכונת ו,31.259374,34.785709
באר שבע,מצדה,57,שכונת ד,31.258388,34.790572
באר שבע,מצדה,9,שכונת ד,31.258196,34.796336
באר שבע,מצדה,126,שכונת ו,31.259354,34.786532
באר שבע,מצדה,64,שכונת ד,31.259020,34.789448
באר שבע,מצדה,158,שכונת ו,31.258873,34.782899
באר שבע,מצדה,117,שכונת ב,31.258674,34.778165
באר שבע,מצדה,125,שכונת ב,31.258714,34.777466
באר שבע,מצדה,132,שכונת ו,31.259342,34.785913
באר שבע,מצדה,268,שכונת יא,31.252914,34.770456
באר שבע,מצדה,53,שכונת ד,31.258241,34.791265
באר שבע,מצדה,226,שכונת יא,31.257488,34.774296
באר שבע,מצדה,72,שכונת ד,31.259021,34.789159
באר שבע,מצדה,105,שכונת ב,31.258488,34.779208
באר שבע,מצדה,168,שכונת ו,31.258631,34.781867
באר שבע,מצדה,113,שכונת ב,31.258643,34.778534
באר שבע,מצדה,160,שכונת ו,31.258802,34.782696
באר שבע,מצדה,230,שכונת יא,31.257365,34.774166
באר שבע,מצדה,84,שכונת ד,31.259273,34.789010
באר שבע,מצדה,122,שכונת ו,31.259325,34.786931
באר שבע,מצדה,112,שכונת ד,31.259346,34.788200
באר שבע,מצדה,232,שכונת יא,31.257404,34.774106
באר שבע,מצדה,228,שכונת יא,31.257420,34.774238
באר שבע,מצפה,10,שכונת ט,31.246266,34.778715
באר שבע,מצפה,1,שכונת ט,31.246149,34.778723
באר שבע,מצפה,2,שכונת ט,31.245975,34.778826
באר שבע,מקור חיים,5,שכונת נווה זאב,31.238607,34.764117
באר שבע,מקור חיים,7,שכונת נווה זאב,31.238674,34.763873
באר שבע,מקור חיים,9,שכונת נווה זאב,31.238469,34.763719
באר שבע,מקור חיים,11,שכונת נווה זאב,31.238416,34.763428
באר שבע,מקור חיים,8,שכונת נווה זאב,31.238639,34.765012
באר שבע,מקור חיים,24,שכונת נווה זאב,31.239151,34.764264
באר שבע,מקור חיים,22,שכונת נווה זאב,31.239020,34.764092
באר שבע,מקור חיים,10,שכונת נווה זאב,31.238778,34.764778
באר שבע,מקור חיים,14,שכונת נווה זאב,31.239220,34.765085
באר שבע,מקור חיים,18,שכונת נווה זאב,31.239401,34.764627
באר שבע,מקור חיים,12,שכונת נווה זאב,31.238859,34.764572
באר שבע,מקלף מרדכי,71,שכונת ו,31.267436,34.774818
באר שבע,מקלף מרדכי,61,שכונת ו,31.268052,34.775291
באר שבע,מרדכי מקלף,3,שכונת ד,31.264979,34.786485
באר שבע,מרדכי מקלף,64,שכונת ו,31.268022,34.774360
באר שבע,מקלף מרדכי,57,שכונת ו,31.268266,34.775807
באר שבע,מרדכי מקלף,65,שכונת ו,31.267818,34.774712
באר שבע,מקלף מרדכי,34,שכונת ו,31.269663,34.778830
באר שבע,מקלף מרדכי,53,שכונת ו,31.268490,34.776365
באר שבע,מרדכי מקלף,60,שכונת ו,31.268290,34.775114
באר שבע,מקלף מרדכי,40,שכונת ו,31.269447,34.777859
באר שבע,מקלף מרדכי,13,שכונת ו,31.266849,34.783533
באר שבע,מקלף מרדכי,55,שכונת ו,31.268361,34.776008
באר שבע,מקלף מרדכי,51,שכונת ו,31.268571,34.776554
באר שבע,מקלף מרדכי,75,שכונת ו,31.267458,34.775191
באר שבע,מרדכי מקלף,7,שכונת ו,31.266486,34.784196
באר שבע,מרדכי מקלף,9,שכונת ו,31.266600,34.783979
באר שבע,מרדכי מקלף,48,שכונת ו,31.268982,34.776793
באר שבע,מקלף מרדכי,38,שכונת ו,31.269588,34.778222
באר שבע,מקלף מרדכי,73,שכונת ו,31.267357,34.774934
באר שבע,מרדכי מקלף,63,שכונת ו,31.267902,34.774892
באר שבע,מרדכי מקלף,56,שכונת ו,31.268509,34.775652
באר שבע,מקלף מרדכי,36,שכונת ו,31.269660,34.778477
באר שבע,מרדכי מקלף,69,שכונת ו,31.267675,34.774616
באר שבע,מרדכי מקלף,11,שכונת ו,31.266730,34.783750
באר שבע,מרדכי מקלף,46,שכונת ו,31.269084,34.777005
באר שבע,מרדכי מקלף,67,שכונת ו,31.267765,34.774633
באר שבע,מרדכי מקלף,50,שכונת ו,31.268848,34.776434
באר שבע,מקלף מרדכי,32,שכונת ו,31.269724,34.779032
באר שבע,מקלף מרדכי,59,שכונת ו,31.268124,34.775489
באר שבע,מרדכי מקלף,54,שכונת ו,31.268620,34.775858
באר שבע,מרדכי מקלף,58,שכונת ו,31.268397,34.775337
באר שבע,מרבד הקסמים,3,שכונת ה,31.250577,34.783609
באר שבע,מרבד הקסמים,7,שכונת ה,31.250216,34.782843
באר שבע,מרבד הקסמים,6,שכונת ה,31.251147,34.783366
באר שבע,מרבד הקסמים,4,שכונת ה,31.250966,34.783638
באר שבע,מרבד הקסמים,11,שכונת ה,31.250553,34.782850
באר שבע,מרבד הקסמים,1,שכונת ה,31.250451,34.783880
באר שבע,מרבד הקסמים,10,שכונת ה,31.251458,34.782822
באר שבע,מרבד הקסמים,8,שכונת ה,31.251286,34.783119
באר שבע,מרבד הקסמים,2,שכונת ה,31.250854,34.783855
באר שבע,מרבד הקסמים,13,שכונת ה,31.250383,34.782641
באר שבע,מרבד הקסמים,5,שכונת ה,31.250724,34.783285
באר שבע,מרים הנביאה,14,שכונת נווה מנחם,31.267739,34.762501
באר שבע,מרים הנביאה,2,שכונת נווה מנחם,31.267410,34.762955
באר שבע,מרים הנביאה,7,שכונת נווה מנחם,31.267306,34.761901
באר שבע,מרים הנביאה,5,שכונת נווה מנחם,31.267382,34.762265
באר שבע,מרכוס,1,שכונת ג,31.250868,34.806303
באר שבע,מרכוס,6,שכונת ג,31.250470,34.805819
באר שבע,מרכוס,5,שכונת ג,31.250403,34.806129
באר שבע,מרכוס,2,שכונת ג,31.250913,34.805965
באר שבע,מרכוס,8,שכונת ג,31.250279,34.805728
באר שבע,מרכוס,7,שכונת ג,31.250198,34.806073
באר שבע,מרכוס,4,שכונת ג,31.250705,34.805859
באר שבע,מרלא,12,שכונת נווה מנחם,31.267494,34.758311
באר שבע,מרלא,17,שכונת נווה מנחם,31.267248,34.758616
באר שבע,מרלא,21,שכונת נווה מנחם,31.267135,34.758464
באר שבע,מרלא,8,שכונת נווה מנחם,31.267697,34.758674
באר שבע,מרלא,14,שכונת נווה מנחם,31.267392,34.758225
באר שבע,מרלא,5,שכונת נווה מנחם,31.267670,34.759073
באר שבע,מרלא,22,שכונת נווה מנחם,31.267136,34.757889
באר שבע,מרלא,26,שכונת נווה מנחם,31.267029,34.757716
באר שבע,מרלא,7,שכונת נווה מנחם,31.267547,34.758925
באר שבע,משה אדר,2,שכונת עיר עתיקה,31.241314,34.783965
באר שבע,יצחק משה,3,שכונת רמות,31.274721,34.805937
באר שבע,יצחק משה,10,שכונת רמות,31.275179,34.805919
באר שבע,מתתיהו,2,שכונת עיר עתיקה,31.240976,34.784493
באר שבע,נאות הכיכר,1,שכונת ה,31.247922,34.780890
באר שבע,נאות הכיכר,4,שכונת ה,31.247585,34.780446
באר שבע,נגבה,81,שכונת עיר עתיקה,31.242429,34.780917
באר שבע,נגבה,68,שכונת עיר עתיקה,31.243223,34.780192
באר שבע,נגבה,54,שכונת עיר עתיקה,31.242163,34.781775
באר שבע,נגבה,52,שכונת עיר עתיקה,31.242097,34.781900
באר שבע,נגבה,56,שכונת עיר עתיקה,31.242242,34.781629
באר שבע,נגבה,58,שכונת עיר עתיקה,31.242352,34.781566
באר שבע,נגבה,48,שכונת עיר עתיקה,31.241902,34.782158
באר שבע,נגבה,85,שכונת עיר עתיקה,31.242552,34.780734
באר שבע,נגבה,61,שכונת עיר עתיקה,31.241762,34.781931
באר שבע,נגבה,69,שכונת עיר עתיקה,31.241959,34.781523
באר שבע,נגבה,31,שכונת עיר עתיקה,31.239913,34.784756
באר שבע,נגבה,97,שכונת עיר עתיקה,31.242872,34.780176
באר שבע,נגבה,99,שכונת עיר עתיקה,31.242945,34.780067
באר שבע,נגבה,83,שכונת עיר עתיקה,31.242461,34.780791
באר שבע,נגבה,95,שכונת עיר עתיקה,31.242828,34.780266
באר שבע,נגבה,71,שכונת עיר עתיקה,31.242063,34.781487
באר שבע,נגבה,77,שכונת עיר עתיקה,31.242199,34.781193
באר שבע,נגבה,87,שכונת עיר עתיקה,31.242591,34.780640
באר שבע,נגבה,73,שכונת עיר עתיקה,31.242086,34.781337
באר שבע,נגבה,34,שכונת עיר עתיקה,31.240722,34.784218
באר שבע,נגבה,89,שכונת עיר עתיקה,31.242648,34.780538
באר שבע,נגבה,30,שכונת עיר עתיקה,31.240417,34.784725
באר שבע,נגבה,24,שכונת עיר עתיקה,31.239925,34.785297
באר שבע,נגבה,3,שכונת עיר עתיקה,31.238729,34.786704
באר שבע,נגבה,75,שכונת עיר עתיקה,31.242147,34.781281
באר שבע,נגבה,79,שכונת עיר עתיקה,31.242295,34.781099
באר שבע,נגבה,64,שכונת עיר עתיקה,31.242782,34.780882
באר שבע,נגבה,55,שכונת עיר עתיקה,31.241556,34.782130
באר שבע,נגבה,1,שכונת עיר עתיקה,31.238651,34.786814
באר שבע,נגבה,101,שכונת עיר עתיקה,31.242997,34.779994
באר שבע,נגבה,60,שכונת עיר עתיקה,31.242426,34.781397
באר שבע,נגבה,65,שכונת עיר עתיקה,31.241837,34.781718
באר שבע,נדב,2,שכונת ו,31.263165,34.786217
באר שבע,נדב,3,שכונת ו,31.262921,34.786434
באר שבע,נהריים,2,שכונת מרכז אזרחי,31.245132,34.798140
באר שבע,הנרי נויפלד,12,שכונת רמות,31.268700,34.807602
באר שבע,הנרי נויפלד,4,שכונת רמות,31.268780,34.807192
באר שבע,הנרי נויפלד,24,שכונת רמות,31.268509,34.808154
באר שבע,נורית,9,שכונת נווה נוי,31.232131,34.778340
באר שבע,נורית,25,שכונת נווה נוי,31.230891,34.778354
באר שבע,נורית,10,שכונת נווה נוי,31.231946,34.778004
באר שבע,נורית,15,שכונת נווה נוי,31.231658,34.778311
באר שבע,נורית,6,שכונת נווה נוי,31.232243,34.777969
באר שבע,נורית,14,שכונת נווה נוי,31.231643,34.777956
באר שבע,נורית,1,שכונת נווה נוי,31.232770,34.778352
באר שבע,נורית,16,שכונת נווה נוי,31.231512,34.777947
באר שבע,נורית,19,שכונת נווה נוי,31.231339,34.778320
באר שבע,נורית,7,שכונת נווה נוי,31.232259,34.778307
באר שבע,נחליאל,30,שכונת ד,31.265729,34.793968
באר שבע,נחליאל,9,שכונת ד,31.265682,34.794439
באר שבע,נחליאל,8,שכונת ד,31.265979,34.794378
באר שבע,נחליאל,4,שכונת ד,31.266661,34.794176
באר שבע,נחליאל,6,שכונת ד,31.266381,34.794333
באר שבע,נחליאל,2,שכונת ד,31.266155,34.794169
באר שבע,נחליאל,7,שכונת ד,31.266191,34.794359
באר שבע,נחליאל,5,שכונת ד,31.266640,34.794332
באר שבע,נחליאל,3,שכונת ד,31.266386,34.794154
באר שבע,נחליאל,10,שכונת ד,31.265673,34.794244
באר שבע,ניב דוד,23,שכונת נווה זאב,31.240385,34.768755
באר שבע,ניב דוד,8,שכונת נווה זאב,31.238355,34.769779
באר שבע,ניב דוד,4,שכונת נווה זאב,31.237985,34.769995
באר שבע,ניב דוד,6,שכונת נווה זאב,31.238158,34.769839
באר שבע,ניב דוד,21,שכונת נווה זאב,31.240189,34.768799
באר שבע,"ניל""י",1,שכונת ג,31.259039,34.809536
באר שבע,"ניל""י",5,שכונת ג,31.259142,34.809969
באר שבע,ניצנה,1,שכונת ה,31.248531,34.780183
באר שבע,ניצנה,6,שכונת ה,31.248198,34.779612
באר שבע,ניצנה,22,שכונת ה,31.247925,34.779332
באר שבע,ניצנה,24,שכונת ה,31.247790,34.779189
באר שבע,מרדכי נמיר,1,שכונת יא,31.258606,34.767889
באר שבע,מרדכי נמיר,5,שכונת יא,31.258603,34.767178
באר שבע,מרדכי נמיר,3,שכונת יא,31.258712,34.767513
באר שבע,נעמי שמר,7,,32.193768,34.863287
באר שבע,נעמי שמר,11,,31.792432,34.699634
באר שבע,נעמי שמר,9,שכונת קרית פנחס איילון,32.007396,34.772830
באר שבע,נעמי שמר,4,שכונת קרית פנחס איילון,32.005707,34.772146
באר שבע,נעמי שמר,1,שכונת קרית פנחס איילון,32.005702,34.771381
באר שבע,נרקיס,39,שכונת נווה נוי,31.228808,34.795933
באר שבע,נרקיס,42,שכונת נווה נוי,31.228556,34.796048
באר שבע,נרקיס,31,שכונת נווה נוי,31.228587,34.795235
באר שבע,נרקיס,27,שכונת נווה נוי,31.228461,34.794884
באר שבע,נרקיס,17,שכונת רמות הרכס,31.282890,34.803906
באר שבע,נרקיס,28,שכונת נווה נוי,31.228094,34.794834
באר שבע,נרקיס,11,שכונת רמות הרכס,31.282377,34.803819
באר שבע,נרקיס,13,שכונת רמות הרכס,31.282384,34.803678
באר שבע,נרקיס,6,שכונת רמות הרכס,31.281654,34.804100
באר שבע,נרקיס,8,שכונת רמות הרכס,31.281373,34.803966
באר שבע,נרקיס,43,שכונת נווה נוי,31.229000,34.796240
באר שבע,נרקיס,50,שכונת נווה נוי,31.228846,34.796701
באר שבע,עוזי נרקיס,19,שכונת רמות הרכס,31.283055,34.803881
באר שבע,עוזי נרקיס,23,שכונת רמות הרכס,31.282963,34.804313
באר שבע,עוזי נרקיס,21,שכונת רמות הרכס,31.283067,34.804110
באר שבע,עוזי נרקיס,7,שכונת רמות הרכס,31.282114,34.802984
באר שבע,עוזי נרקיס,25,שכונת רמות הרכס,31.282788,34.804241
באר שבע,עוזי נרקיס,11,שכונת רמות הרכס,31.282377,34.803819
באר שבע,עוזי נרקיס,13,שכונת רמות הרכס,31.282384,34.803678
באר שבע,עוזי נרקיס,5,שכונת רמות הרכס,31.281982,34.803105
באר שבע,עוזי נרקיס,3,שכונת רמות הרכס,31.281871,34.803267
באר שבע,עוזי נרקיס,4,שכונת רמות הרכס,31.281753,34.803928
באר שבע,עוזי נרקיס,2,שכונת רמות הרכס,31.281521,34.803725
באר שבע,עוזי נרקיס,8,שכונת רמות הרכס,31.281373,34.803966
באר שבע,עוזי נרקיס,12,שכונת רמות הרכס,31.282095,34.804274
באר שבע,עוזי נרקיס,6,שכונת רמות הרכס,31.281654,34.804100
באר שבע,עוזי נרקיס,20,שכונת רמות הרכס,31.282529,34.804679
באר שבע,עוזי נרקיס,1,שכונת רמות הרכס,31.281862,34.803411
באר שבע,עוזי נרקיס,9,שכונת רמות הרכס,31.282213,34.803116
באר שבע,עוזי נרקיס,22,שכונת רמות הרכס,31.282396,34.804955
באר שבע,עוזי נרקיס,14,שכונת רמות הרכס,31.281956,34.804503
באר שבע,נשר,6,שכונת פלח שבע,31.227036,34.765620
באר שבע,נשר,32,שכונת פלח שבע,31.225960,34.765635
באר שבע,נשר,35,שכונת פלח שבע,31.225382,34.766435
באר שבע,נשר,7,שכונת פלח שבע,31.227210,34.765898
באר שבע,נשר,24,שכונת פלח שבע,31.225372,34.765872
באר שבע,נשר,34,שכונת פלח שבע,31.226151,34.765674
באר שבע,נשר,2,שכונת פלח שבע,31.227163,34.765256
באר שבע,נשר,41,שכונת פלח שבע,31.225094,34.765979
באר שבע,נשר,13,שכונת פלח שבע,31.226869,34.766308
באר שבע,נשר,39,שכונת פלח שבע,31.225163,34.766157
באר שבע,נשר,10,שכונת פלח שבע,31.226797,34.765894
באר שבע,נשר,42,שכונת פלח שבע,31.226751,34.765410
באר שבע,נשר,9,שכונת פלח שבע,31.227099,34.766031
באר שבע,נשר,5,שכונת פלח שבע,31.227313,34.765755
באר שבע,נשר,49,שכונת פלח שבע,31.225360,34.765292
באר שבע,נשר,28,שכונת פלח שבע,31.225637,34.765569
באר שבע,נשר,53,שכונת פלח שבע,31.225700,34.765265
באר שבע,מנחם סבידור,21,שכונת יא,31.257298,34.762782
באר שבע,מנחם סבידור,1,שכונת יא,31.257256,34.761964
באר שבע,מנחם סבידור,11,שכונת יא,31.257314,34.762340
באר שבע,סביון,8,שכונת נווה נוי,31.233235,34.779993
באר שבע,סביון,11,שכונת נווה נוי,31.233075,34.780110
באר שבע,סביון,5,שכונת נווה נוי,31.233032,34.780500
באר שבע,סביון,2,שכונת נווה נוי,31.233244,34.780425
באר שבע,צבי סגל,2,שכונת רמות,31.270630,34.804019
באר שבע,צבי סגל,22,שכונת רמות,31.270980,34.804939
באר שבע,צבי סגל,24,שכונת רמות,31.271123,34.805193
באר שבע,צבי סגל,32,שכונת רמות,31.271288,34.805544
באר שבע,צבי סגל,35,שכונת רמות,31.271538,34.805382
באר שבע,צבי סגל,1,שכונת רמות,31.270838,34.803916
באר שבע,צבי סגל,15,שכונת רמות,31.271108,34.804409
באר שבע,צבי סגל,36,שכונת רמות,31.271353,34.805701
באר שבע,צבי סגל,9,שכונת רמות,31.270967,34.804216
באר שבע,צבי סגל,3,שכונת רמות,31.270908,34.803920
באר שבע,צבי סגל,17,שכונת רמות,31.271177,34.804520
באר שבע,דב סדן,3,שכונת רמות,31.268958,34.805682
באר שבע,דב סדן,17,שכונת רמות,31.268788,34.806349
באר שבע,דב סדן,15,שכונת רמות,31.268807,34.806211
באר שבע,דב סדן,10,שכונת רמות,31.268549,34.805866
באר שבע,סוכות,10,שכונת ד,31.268852,34.796739
באר שבע,סוכות,6,שכונת ד,31.268305,34.796371
באר שבע,סוכות,22,שכונת ד,31.269130,34.797323
באר שבע,סוכות,12,שכונת ד,31.268739,34.796998
באר שבע,סוכות,7,שכונת ד,31.268596,34.796306
באר שבע,סוכות,4,שכונת ד,31.267959,34.796249
באר שבע,סוכות,11,שכונת ד,31.269009,34.796537
באר שבע,סוכות,9,שכונת ד,31.268756,34.796438
באר שבע,סוכות,16,שכונת ד,31.269027,34.797110
באר שבע,סוכות,1,שכונת ד,31.267776,34.795863
באר שבע,סוכות,5,שכונת ד,31.268362,34.796191
באר שבע,סוכות,18,שכונת ד,31.269304,34.796889
באר שבע,סוכות,20,שכונת ד,31.269220,34.797063
באר שבע,סוכות,14,שכונת ד,31.269059,34.796952
באר שבע,הנרייטה סאלד,4,שכונת מרכז אזרחי,31.247650,34.801487
באר שבע,הנרייטה סאלד,8,שכונת מרכז אזרחי,31.247123,34.799880
באר שבע,הנרייטה סאלד,1,שכונת מרכז אזרחי,31.247543,34.802844
באר שבע,סוסיה,8,שכונת ט,31.245148,34.773380
באר שבע,סוסיה,6,שכונת ט,31.244757,34.773312
באר שבע,סוסיה,10,שכונת ט,31.245123,34.773091
באר שבע,סוסיה,12,שכונת ט,31.244741,34.773006
באר שבע,סוסיה,4,שכונת ט,31.244410,34.773268
באר שבע,סוסיה,1,שכונת ט,31.243893,34.772487
באר שבע,סוסיה,3,שכונת ט,31.243995,34.772794
באר שבע,סוסיה,5,שכונת ט,31.244229,34.772913
באר שבע,סוסיה,7,שכונת ט,31.244337,34.772661
באר שבע,סוסיה,2,שכונת ט,31.243935,34.773110
באר שבע,סוקולוב,21,שכונת א,31.245438,34.789541
באר שבע,סוקולוב,30,שכונת א,31.245637,34.789211
באר שבע,סוקולוב,36,שכונת א,31.245540,34.788722
באר שבע,סוקולוב,32,שכונת א,31.245489,34.789100
באר שבע,סוקולוב,3,שכונת א,31.247897,34.792018
באר שבע,סוקולוב,7,שכונת א,31.247446,34.790816
באר שבע,סוקולוב,5,שכונת א,31.247619,34.791397
באר שבע,סוקולוב,17,שכונת א,31.246118,34.789852
באר שבע,סוקולוב,26,שכונת א,31.246246,34.789347
באר שבע,סוקולוב,28,שכונת א,31.245796,34.789243
באר שבע,סוקולוב,24,שכונת א,31.246590,34.789499
באר שבע,סוקולוב,8,שכונת א,31.248030,34.790831
באר שבע,סוקולוב,1,שכונת א,31.248388,34.792576
באר שבע,סוקולוב,19,שכונת א,31.245870,34.789843
באר שבע,סוקולוב,13,שכונת א,31.246561,34.790129
באר שבע,שמואל סטולר,1,שכונת נווה מנחם,31.270672,34.770361
באר שבע,שמואל סטולר,11,שכונת נווה מנחם,31.271058,34.770026
באר שבע,סטרומה,20,שכונת ה,31.254233,34.778894
באר שבע,סטרומה,40,שכונת ה,31.255498,34.777741
באר שבע,סטרומה,21,שכונת ה,31.253852,34.778471
באר שבע,סטרומה,15,שכונת ה,31.253698,34.779204
באר שבע,סטרומה,33,שכונת ה,31.254750,34.777621
באר שבע,סטרומה,8,שכונת ה,31.253849,34.779545
באר שבע,סטרומה,19,שכונת ה,31.253819,34.778693
באר שבע,סטרומה,9,שכונת ה,31.253719,34.779931
באר שבע,סטרומה,12,שכונת ה,31.254122,34.779436
באר שבע,סטרומה,11,שכונת ה,31.253557,34.779774
באר שבע,סטרומה,17,שכונת ה,31.253738,34.778889
באר שבע,סטרומה,22,שכונת ה,31.254114,34.778547
באר שבע,סטרומה,16,שכונת ה,31.254195,34.779116
באר שבע,סטרומה,13,שכונת ה,31.253622,34.779491
באר שבע,סטרומה,37,שכונת ה,31.255165,34.777435
באר שבע,סטרומה,10,שכונת ה,31.253899,34.779340
באר שבע,סטרומה,3,שכונת ה,31.254421,34.780233
באר שבע,סטרומה,34,שכונת ה,31.254818,34.777946
באר שבע,סטרומה,7,שכונת ה,31.253936,34.780012
באר שבע,סיגלון,1,שכונת נווה נוי,31.230679,34.784075
באר שבע,סיגלון,19,שכונת נווה נוי,31.231148,34.783267
באר שבע,סיגלון,14,שכונת נווה נוי,31.231317,34.783632
באר שבע,סיגלון,22,שכונת נווה נוי,31.231458,34.783240
באר שבע,סייפן,19,שכונת נווה נוי,31.232071,34.781552
באר שבע,סייפן,5,שכונת נווה נוי,31.231386,34.781598
באר שבע,סייפן,18,שכונת נווה נוי,31.231427,34.781823
באר שבע,סייפן,8,שכונת נווה נוי,31.230903,34.781738
באר שבע,סייפן,17,שכונת נווה נוי,31.232013,34.781594
באר שבע,ארנסט דוד סימון,35,שכונת רמות,31.270168,34.807519
באר שבע,ארנסט דוד סימון,17,שכונת רמות,31.269328,34.807138
באר שבע,ארנסט דוד סימון,39,שכונת רמות,31.270318,34.807562
באר שבע,ארנסט דוד סימון,25,שכונת רמות,31.269681,34.807291
באר שבע,ארנסט דוד סימון,31,שכונת רמות,31.269972,34.807419
באר שבע,ארנסט דוד סימון,3,שכונת רמות,31.268630,34.806786
באר שבע,ארנסט דוד סימון,19,שכונת רמות,31.269456,34.807200
באר שבע,סיני,3,שכונת ה,31.247285,34.782811
באר שבע,סיני,38,שכונת ה,31.247437,34.779189
באר שבע,סיני,36,שכונת ה,31.247659,34.779447
באר שבע,סיני,14,שכונת ה,31.247159,34.781239
באר שבע,סיני,18,שכונת ה,31.247360,34.780936
באר שבע,סיני,12,שכונת ה,31.247349,34.781469
באר שבע,סיני,28,שכונת ה,31.247539,34.780131
באר שבע,סיני,5,שכונת ה,31.246925,34.782726
באר שבע,סיני,24,שכונת ה,31.247346,34.780404
באר שבע,סיני,8,שכונת ה,31.247140,34.781743
באר שבע,סיני,1,שכונת ה,31.247615,34.782932
באר שבע,סיני,22,שכונת ה,31.247253,34.780554
באר שבע,סיני,42,שכונת ה,31.247640,34.778901
באר שבע,סיני,16,שכונת ה,31.247241,34.781060
באר שבע,סיני,26,שכונת ה,31.247440,34.780246
באר שבע,סיני,6,שכונת ה,31.247045,34.781892
באר שבע,סיני,10,שכונת ה,31.247270,34.781610
באר שבע,סיני,40,שכונת ה,31.247540,34.779049
באר שבע,סיני,44,שכונת ה,31.247736,34.778787
באר שבע,סיני,20,שכונת ה,31.247441,34.780798
באר שבע,סירני,13,שכונת נחל בקע,31.226363,34.780399
באר שבע,סלעית,10,שכונת ה,31.248793,34.782276
באר שבע,סלעית,4,שכונת ה,31.248639,34.782057
באר שבע,שמואל סמבורסקי,19,שכונת רמות,31.272227,34.803951
באר שבע,שמואל סמבורסקי,7,שכונת רמות,31.271984,34.803468
באר שבע,שמואל סמבורסקי,8,שכונת רמות,31.271784,34.803749
באר שבע,שמואל סמבורסקי,20,שכונת רמות,31.272007,34.804281
באר שבע,שמואל סמבורסקי,14,שכונת רמות,31.271813,34.804014
באר שבע,סמולנסקין,29,שכונת נווה מנחם,31.266088,34.755182
באר שבע,סמולנסקין,22,שכונת נווה מנחם,31.265822,34.754719
באר שבע,סמולנסקין,12,שכונת נווה מנחם,31.266617,34.755114
באר שבע,סמולנסקין,25,שכונת נווה מנחם,31.266289,34.755419
באר שבע,סמולנסקין,4,שכונת נווה מנחם,31.267226,34.755916
באר שבע,סמולנסקין,16,שכונת נווה מנחם,31.266171,34.754622
באר שבע,סמולנסקין,20,שכונת נווה מנחם,31.265771,34.754525
באר שבע,סמולנסקין,2,שכונת נווה מנחם,31.267346,34.756209
באר שבע,סמאטס,12,שכונת א,31.250333,34.797064
באר שבע,רות סמילן,21,שכונת נחל בקע,31.222400,34.775332
באר שבע,רות סמילן,26,שכונת נחל בקע,31.222701,34.775300
באר שבע,רות סמילן,51,שכונת נחל בקע,31.223708,34.773620
באר שבע,רות סמילן,29,שכונת נחל בקע,31.222704,34.774840
באר שבע,רות סמילן,19,שכונת נחל בקע,31.222284,34.775376
באר שבע,רות סמילן,48,שכונת נחל בקע,31.223676,34.774037
באר שבע,רות סמילן,23,שכונת נחל בקע,31.222413,34.775267
באר שבע,רות סמילן,3,שכונת נחל בקע,31.221546,34.776377
באר שבע,רות סמילן,15,שכונת נחל בקע,31.222166,34.775628
באר שבע,רות סמילן,20,שכונת נחל בקע,31.222499,34.775574
באר שבע,סמילנסקי,52,שכונת עיר עתיקה,31.238984,34.785704
באר שבע,סמילנסקי,30,שכונת עיר עתיקה,31.239982,34.784382
באר שבע,סמילנסקי,60,שכונת עיר עתיקה,31.239349,34.784874
באר שבע,סמילנסקי,42,שכונת עיר עתיקה,31.238309,34.786359
באר שבע,סמילנסקי,64,שכונת עיר עתיקה,31.239662,34.784421
באר שבע,נחום סנה,2,שכונת רמות הרכס,31.283814,34.800806
באר שבע,נחום סנה,22,שכונת רמות הרכס,31.285067,34.799518
באר שבע,אוסקר שינדלר,26,,31.283196,34.799999
באר שבע,נחום סנה,14,שכונת רמות הרכס,31.284666,34.800002
באר שבע,אוסקר שינדלר,30,,31.283284,34.799348
באר שבע,נחום סנה,19,שכונת רמות הרכס,31.283605,34.799427
באר שבע,נחום סנה,18,שכונת רמות הרכס,31.284632,34.799640
באר שבע,נחום סנה,16,שכונת רמות הרכס,31.284836,34.799792
באר שבע,סנהדרין,89,שכונת ד,31.270205,34.790729
באר שבע,סנהדרין,13,שכונת ד,31.272711,34.797074
באר שבע,סנהדרין,127,שכונת ד,31.268363,34.786414
באר שבע,סנהדרין,110,שכונת ד,31.269962,34.789322
באר שבע,סנהדרין,27,שכונת ד,31.272375,34.795528
באר שבע,סנהדרין,14,שכונת ד,31.273039,34.796559
באר שבע,סנהדרין,12,שכונת ד,31.272987,34.796765
באר שבע,סנהדרין,158,שכונת ד,31.268753,34.786779
באר שבע,סנהדרין,34,שכונת ד,31.272460,34.794699
באר שבע,סנהדרין,61,שכונת ד,31.271491,34.792884
באר שבע,סנהדרין,69,שכונת ד,31.271068,34.792179
באר שבע,סנהדרין,75,שכונת ד,31.270872,34.791807
באר שבע,סנהדרין,66,שכונת ד,31.271317,34.791964
באר שבע,סנהדרין,103,שכונת ד,31.269486,34.789325
באר שבע,סנהדרין,11,שכונת ד,31.272751,34.797286
באר שבע,סנהדרין,72,שכונת ד,31.271100,34.791419
באר שבע,סנהדרין,74,שכונת ד,31.270926,34.791251
באר שבע,סנהדרין,109,שכונת ד,31.269146,34.788563
באר שבע,סנהדרין,162,שכונת ד,31.268622,34.786168
באר שבע,סנהדרין,99,שכונת ד,31.269804,34.789946
באר שבע,סנהדרין,97,שכונת ד,31.269894,34.790051
באר שבע,סנהדרין,86,שכונת ד,31.270714,34.790466
באר שבע,סנהדרין,105,שכונת ד,31.269367,34.789081
באר שבע,סנהדרין,56,שכונת ד,31.271756,34.792763
באר שבע,סנהדרין,92,שכונת ד,31.270748,34.790020
באר שבע,סנהדרין,20,שכונת ד,31.272774,34.795835
באר שבע,סנהדרין,46,שכונת ד,31.272164,34.793674
באר שבע,סנהדרין,41,שכונת ד,31.272017,34.794254
באר שבע,סנהדרין,160,שכונת ד,31.268596,34.786386
באר שבע,סנהדרין,164,שכונת ד,31.268650,34.785842
באר שבע,סנהדרין,62,שכונת ד,31.271574,34.792254
באר שבע,סנהדרין,16,שכונת ד,31.272903,34.796432
באר שבע,סנהדרין,88,שכונת ד,31.270807,34.790383
באר שבע,סנהדרין,166,שכונת ד,31.268752,34.785655
באר שבע,סנהדרין,98,שכונת ד,31.270607,34.789718
באר שבע,סנהדרין,116,שכונת ד,31.270225,34.788995
באר שבע,סנהדרין,83,שכונת ד,31.270471,34.791063
באר שבע,סנהדרין,31,שכונת ד,31.272273,34.795131
באר שבע,סנהדרין,23,שכונת ד,31.272437,34.795795
באר שבע,סנהדרין,70,שכונת ד,31.271185,34.791726
באר שבע,סנהדרין,93,שכונת ד,31.270026,34.790292
באר שבע,סנהדרין,17,שכונת ד,31.272588,34.796567
באר שבע,סנהדרין,81,שכונת ד,31.270669,34.791488
באר שבע,סנהדרין,87,שכונת ד,31.270306,34.790804
באר שבע,סנהדרין,136,שכונת ד,31.269806,34.788191
באר שבע,סנהדרין,32,שכונת ד,31.272606,34.794887
באר שבע,סנהדרין,119,שכונת ד,31.268564,34.786990
באר שבע,סנהדרין,154,שכונת ד,31.268900,34.787168
באר שבע,סנהדרין,55,שכונת ד,31.271664,34.793331
באר שבע,סנהדרין,156,שכונת ד,31.268901,34.786889
באר שבע,סנהדרין,148,שכונת ד,31.269209,34.787684
באר שבע,סנהדרין,90,שכונת ד,31.270828,34.790093
באר שבע,סנהדרין,138,שכונת ד,31.269687,34.788225
באר שבע,סנהדרין,18,שכונת ד,31.272851,34.796073
באר שבע,סנהדרין,53,שכונת ד,31.271731,34.793436
באר שבע,סנהדרין,122,שכונת ד,31.269881,34.788714
באר שבע,סנהדרין,64,שכונת ד,31.271404,34.792051
באר שבע,סנהדרין,47,שכונת ד,31.271857,34.793796
באר שבע,סנהדרין,101,שכונת ד,31.269659,34.789615
באר שבע,סנהדרין,42,שכונת ד,31.272328,34.793983
באר שבע,סנהדרין,95,שכונת ד,31.269912,34.790205
באר שבע,סנהדרין,117,שכונת ד,31.268665,34.787456
באר שבע,סנהדרין,84,שכונת ד,31.270620,34.790524
באר שבע,סנהדרין,19,שכונת ד,31.272486,34.796110
באר שבע,סנהדרין,68,שכונת ד,31.271275,34.791835
באר שבע,סנהדרין,85,שכונת ד,31.270368,34.790990
באר שבע,סנהדרין,144,שכונת ד,31.269431,34.788397
באר שבע,סנהדרין,102,שכונת ד,31.270452,34.789446
באר שבע,סנהדרין,96,שכונת ד,31.270634,34.789836
באר שבע,סנהדרין,82,שכונת ד,31.270540,34.790584
באר שבע,סנהדרין,49,שכונת ד,31.271824,34.793675
באר שבע,סנהדרין,91,שכונת ד,31.270190,34.790579
באר שבע,סנהדרין,33,שכונת ד,31.272221,34.794999
באר שבע,סנהדרין,94,שכונת ד,31.270725,34.789916
באר שבע,סנהדרין,100,שכונת ד,31.270502,34.789600
באר שבע,חנה סנש,12,שכונת ג,31.257202,34.809955
באר שבע,חנה סנש,5,שכונת ג,31.257255,34.809617
באר שבע,חנה סנש,2,שכונת ג,31.256635,34.809960
באר שבע,חנה סנש,14,שכונת ג,31.257503,34.810019
באר שבע,חנה סנש,21,שכונת ג,31.258336,34.809717
באר שבע,חנה סנש,16,שכונת ג,31.257773,34.809994
באר שבע,סעדיה גאון,4,שכונת ב,31.256771,34.788835
באר שבע,סעדיה גאון,8,שכונת ב,31.257057,34.788941
באר שבע,סעדיה גאון,1,שכונת ב,31.256646,34.788388
באר שבע,סעדיה גאון,6,שכונת ב,31.256852,34.789235
באר שבע,סעדיה גאון,10,שכונת ב,31.257068,34.789228
באר שבע,שלמה סקולסקי,4,שכונת נווה זאב,31.237724,34.770869
באר שבע,שלמה סקולסקי,3,שכונת נווה זאב,31.238110,34.770390
באר שבע,שלמה סקולסקי,9,שכונת נווה זאב,31.238902,34.771478
באר שבע,שלמה סקולסקי,6,שכונת נווה זאב,31.237994,34.770892
באר שבע,שלמה סקולסקי,5,שכונת נווה זאב,31.238260,34.770713
באר שבע,סקולסקי שלמה,11,שכונת נווה זאב,31.239065,34.771791
באר שבע,שלמה סקולסקי,7,שכונת נווה זאב,31.238626,34.771226
באר שבע,שלמה סקולסקי,2,שכונת נווה זאב,31.237649,34.770491
באר שבע,יוסף סרלין,7,שכונת יא,31.260007,34.763329
באר שבע,יוסף סרלין,12,שכונת יא,31.259738,34.763347
באר שבע,יוסף סרלין,16,שכונת יא,31.259879,34.763595
באר שבע,משה סתווי,1,שכונת נווה זאב,31.240689,34.766780
באר שבע,סתוי משה,4,שכונת נווה זאב,31.240125,34.766703
באר שבע,סתוי משה,2,שכונת נווה זאב,31.240320,34.766712
באר שבע,משה סתווי,14,שכונת נווה זאב,31.240003,34.767847
באר שבע,משה סתווי,16,שכונת נווה זאב,31.239804,34.767842
באר שבע,משה סתווי,18,שכונת נווה זאב,31.239881,34.767486
באר שבע,משה סתווי,2,שכונת נווה זאב,31.240320,34.766712
באר שבע,סתוונית,10,שכונת נווה נוי,31.228999,34.780932
באר שבע,סתוונית,7,שכונת נווה נוי,31.229146,34.780228
באר שבע,סתוונית,36,שכונת נווה נוי,31.228338,34.779305
באר שבע,סתוונית,18,שכונת נווה נוי,31.228867,34.780367
באר שבע,סתוונית,8,שכונת נווה נוי,31.229462,34.781104
באר שבע,סתוונית,28,שכונת נווה נוי,31.228657,34.779748
באר שבע,סתוונית,50,שכונת נווה נוי,31.227686,34.778626
באר שבע,סתוונית,46,שכונת נווה נוי,31.227877,34.778778
באר שבע,סתוונית,14,שכונת נווה נוי,31.228934,34.780641
באר שבע,סתוונית,22,שכונת נווה נוי,31.228809,34.780078
באר שבע,סתוונית,5,שכונת נווה נוי,31.229121,34.780337
באר שבע,סתוונית,38,שכונת נווה נוי,31.228234,34.779157
באר שבע,סתוונית,19,שכונת נווה נוי,31.228451,34.778935
באר שבע,סתוונית,52,שכונת נווה נוי,31.227579,34.778614
באר שבע,סתוונית,56,שכונת נווה נוי,31.227268,34.778392
באר שבע,עבדת,10,שכונת נאות לון,31.245885,34.766981
באר שבע,עבדת,2,שכונת נאות לון,31.246004,34.766251
באר שבע,עבדת,44,שכונת נאות לון,31.245276,34.766691
באר שבע,עבדת,25,שכונת ט,31.244272,34.767612
באר שבע,עבדת,43,שכונת ט,31.244078,34.766220
באר שבע,עבדת,19,שכונת נאות לון,31.245349,34.767791
באר שבע,עבדת,76,שכונת ט,31.244681,34.766633
באר שבע,עבדת,28,שכונת נאות לון,31.245546,34.766879
באר שבע,עבדת,27,שכונת ט,31.243901,34.767572
באר שבע,עבדת,31,שכונת ט,31.243964,34.767293
באר שבע,עבדת,78,שכונת ט,31.244672,34.766796
באר שבע,עבדת,33,שכונת ט,31.243946,34.767159
באר שבע,עבדת,88,שכונת ט,31.244320,34.767284
באר שבע,עבדת,66,שכונת נאות לון,31.244988,34.766219
באר שבע,עבדת,14,שכונת נאות לון,31.245848,34.767248
באר שבע,עבדת,36,שכונת נאות לון,31.245627,34.766164
באר שבע,עבדת,21,שכונת ט,31.245011,34.767718
באר שבע,עבדת,46,שכונת נאות לון,31.245253,34.766862
באר שבע,עבדת,90,שכונת ט,31.244238,34.767157
באר שבע,עבדת,5,שכונת נאות לון,31.246231,34.766596
באר שבע,עבדת,11,שכונת נאות לון,31.246158,34.767118
באר שבע,עבדת,12,שכונת נאות לון,31.245910,34.767152
באר שבע,עבדת,48,שכונת נאות לון,31.245227,34.767039
באר שבע,עבדת,52,שכונת ט,31.244965,34.767343
באר שבע,עגנון,4,שכונת ה,31.252778,34.777552
באר שבע,עגנון,1,שכונת ה,31.250493,34.776467
באר שבע,עגנון,3,שכונת ה,31.250651,34.776499
באר שבע,עגנון,6,שכונת ה,31.252637,34.777087
באר שבע,עגנון,2,שכונת ה,31.252350,34.777624
באר שבע,עגנון,5,שכונת ה,31.250712,34.776664
באר שבע,עגנון,7,שכונת ה,31.250767,34.776817
באר שבע,עוזייה המלך,4,שכונת ד,31.261361,34.794264
באר שבע,עוזייה המלך,2,שכונת ד,31.261368,34.794428
באר שבע,עוזייה המלך,20,שכונת ד,31.260958,34.793634
באר שבע,עוזייה המלך,5,שכונת ד,31.261060,34.793960
באר שבע,עוזייה המלך,1,שכונת ד,31.261153,34.794443
באר שבע,עוזייה המלך,22,שכונת ד,31.260690,34.793592
באר שבע,עוזייה המלך,24,שכונת ד,31.260456,34.793642
באר שבע,עולי הגרדום,21,שכונת ג,31.251059,34.806770
באר שבע,עולי הגרדום,9,שכונת ג,31.251477,34.805128
באר שבע,עולי הגרדום,15,שכונת ג,31.251271,34.805821
באר שבע,עולי הגרדום,3,שכונת ג,31.251953,34.804392
באר שבע,עולי הגרדום,7,שכונת ג,31.251680,34.804882
באר שבע,עולי הגרדום,5,שכונת ג,31.251778,34.804674
באר שבע,עולי הגרדום,11,שכונת ג,31.251389,34.805390
באר שבע,עורב,16,שכונת ה,31.249667,34.781614
באר שבע,עורב,4,שכונת ה,31.249302,34.781229
באר שבע,עורב,10,שכונת ה,31.249491,34.781489
באר שבע,עיט,16,שכונת פלח שבע,31.225872,34.764372
באר שבע,עיט,32,שכונת פלח שבע,31.224647,34.764449
באר שבע,עיט,70,שכונת פלח שבע,31.226571,34.764093
באר שבע,עיט,22,שכונת פלח שבע,31.225400,34.764431
באר שבע,עיט,12,שכונת פלח שבע,31.226216,34.764407
באר שבע,עיט,52,שכונת פלח שבע,31.225107,34.764013
באר שבע,עיט,41,שכונת פלח שבע,31.224022,34.763641
באר שבע,עיט,48,שכונת פלח שבע,31.224823,34.763974
באר שבע,עיט,49,שכונת פלח שבע,31.224679,34.763618
באר שבע,עיט,69,שכונת פלח שבע,31.226279,34.763701
באר שבע,עיט,50,שכונת פלח שבע,31.224962,34.764018
באר שבע,עיט,15,שכונת פלח שבע,31.224947,34.764780
באר שבע,עיט,67,שכונת פלח שבע,31.226128,34.763688
באר שבע,עיט,42,שכונת פלח שבע,31.224371,34.763978
באר שבע,עיט,40,שכונת פלח שבע,31.224204,34.763954
באר שבע,עיט,58,שכונת פלח שבע,31.225580,34.764037
באר שבע,עיט,27,שכונת פלח שבע,31.223875,34.764711
באר שבע,עיט,28,שכונת פלח שבע,31.224957,34.764441
באר שבע,עיט,36,שכונת פלח שבע,31.224331,34.764439
באר שבע,עיט,59,שכונת פלח שבע,31.225483,34.763616
באר שבע,עיט,8,שכונת פלח שבע,31.226538,34.764462
באר שבע,עיט,46,שכונת פלח שבע,31.224658,34.763982
באר שבע,עיט,7,שכונת פלח שבע,31.225657,34.764750
באר שבע,עיט,23,שכונת פלח שבע,31.224269,34.764755
באר שבע,עיט,77,שכונת פלח שבע,31.226967,34.763917
באר שבע,עיט,45,שכונת פלח שבע,31.224332,34.763602
באר שבע,עין גדי,2,שכונת נאות לון,31.247040,34.770842
באר שבע,עין גדי,40,שכונת נאות לון,31.251052,34.767251
באר שבע,עין גדי,5,שכונת נאות לון,31.247412,34.769089
באר שבע,עין גדי,4,שכונת נאות לון,31.247375,34.771047
באר שבע,עין גדי,16,שכונת נאות לון,31.248207,34.771110
באר שבע,עין גדי,9,שכונת נאות לון,31.247879,34.769679
באר שבע,עין גדי,11,שכונת נאות לון,31.248451,34.769110
באר שבע,עין גדי,18,שכונת נאות לון,31.248692,34.770933
באר שבע,עין גדי,13,שכונת נאות לון,31.248484,34.769742
באר שבע,עין גדי,21,שכונת נאות לון,31.249688,34.770001
באר שבע,עין גדי,17,שכונת נאות לון,31.249047,34.769829
באר שבע,עין גדי,1,שכונת נאות לון,31.247296,34.770378
באר שבע,עין גדי,33,שכונת נאות לון,31.250540,34.767813
באר שבע,עין גדי,22,שכונת נאות לון,31.248944,34.771298
באר שבע,עין גדי,20,שכונת נאות לון,31.249090,34.770253
באר שבע,עין גדי,24,שכונת נאות לון,31.249392,34.770708
באר שבע,עין גדי,32,שכונת נאות לון,31.250805,34.768259
באר שבע,עין גדי,15,שכונת נאות לון,31.249119,34.769224
באר שבע,עין גדי,19,שכונת נאות לון,31.249595,34.769285
באר שבע,עין גדי,7,שכונת נאות לון,31.247866,34.769006
באר שבע,עין גדי,14,שכונת נאות לון,31.248610,34.770151
באר שבע,עין גדי,37,שכונת נאות לון,31.250601,34.767455
באר שבע,עין גדי,39,שכונת נאות לון,31.250663,34.767302
באר שבע,עכו,44,שכונת נאות לון,31.252419,34.766094
באר שבע,עכו,2,שכונת נאות לון,31.250968,34.767839
באר שבע,עכו,47,שכונת נאות לון,31.252074,34.767201
באר שבע,עכו,60,שכונת נאות לון,31.251262,34.766665
באר שבע,עכו,27,שכונת נאות לון,31.251626,34.768850
באר שבע,עכו,38,שכונת נאות לון,31.252453,34.767005
באר שבע,עכו,42,שכונת נאות לון,31.252657,34.766209
באר שבע,עכו,17,שכונת נאות לון,31.251391,34.768531
באר שבע,עכו,34,שכונת נאות לון,31.252234,34.767870
באר שבע,עכו,48,שכונת נאות לון,31.252053,34.766118
באר שבע,עכו,51,שכונת נאות לון,31.252194,34.766856
באר שבע,עכו,26,שכונת נאות לון,31.251723,34.769498
באר שבע,עכו,22,שכונת נאות לון,31.251086,34.769153
באר שבע,עכו,53,שכונת נאות לון,31.252198,34.766688
באר שבע,עכו,40,שכונת נאות לון,31.252562,34.766613
באר שבע,עכו,37,שכונת נאות לון,31.251922,34.768016
באר שבע,עכו,32,שכונת נאות לון,31.252119,34.768279
באר שבע,עכו,36,שכונת נאות לון,31.252339,34.767406
באר שבע,עכו,72,שכונת נאות לון,31.251365,34.767396
באר שבע,עכו,20,שכונת נאות לון,31.250793,34.769002
באר שבע,עמיעז,23,שכונת עמק שרה,31.223230,34.814888
באר שבע,שמשון עמיצור,9,שכונת רמות הרכס,31.281052,34.798236
באר שבע,שמשון עמיצור,11,שכונת רמות הרכס,31.281083,34.798183
באר שבע,שמשון עמיצור,2,שכונת רמות הרכס,31.280285,34.798258
באר שבע,שמשון עמיצור,10,שכונת רמות הרכס,31.280989,34.798576
באר שבע,שמשון עמיצור,8,שכונת רמות הרכס,31.280810,34.798603
באר שבע,שמשון עמיצור,26,שכונת רמות הרכס,31.282170,34.797627
באר שבע,שמשון עמיצור,34,,31.282500,34.797270
באר שבע,שמשון עמיצור,32,שכונת רמות הרכס,31.282269,34.797473
באר שבע,שמשון עמיצור,30,שכונת רמות הרכס,31.282373,34.797575
באר שבע,שמשון עמיצור,28,שכונת רמות הרכס,31.282476,34.797687
באר שבע,שמשון עמיצור,17,שכונת רמות הרכס,31.282500,34.798615
באר שבע,שמשון עמיצור,13,שכונת רמות הרכס,31.282067,34.798927
באר שבע,שמשון עמיצור,19,שכונת רמות הרכס,31.282283,34.798508
באר שבע,שמשון עמיצור,15,שכונת רמות הרכס,31.282383,34.798875
באר שבע,שמשון עמיצור,5,שכונת רמות הרכס,31.281195,34.798371
באר שבע,אנדה עמיר,35,שכונת נווה מנחם,31.271591,34.766382
באר שבע,אנדה עמיר,48,שכונת נווה מנחם,31.272222,34.766062
באר שבע,אנדה עמיר,7,שכונת נווה מנחם,31.270274,34.767791
באר שבע,אנדה עמיר,72,שכונת נווה מנחם,31.272976,34.765092
באר שבע,אנדה עמיר,40,שכונת נווה מנחם,31.271967,34.766368
באר שבע,אנדה עמיר,45,שכונת נווה מנחם,31.271929,34.765970
באר שבע,אנדה עמיר,76,שכונת נווה מנחם,31.273068,34.764915
באר שבע,אנדה עמיר,82,שכונת נווה מנחם,31.273016,34.764454
באר שבע,אנדה עמיר,29,שכונת נווה מנחם,31.271507,34.766637
באר שבע,אנדה עמיר,80,שכונת נווה מנחם,31.273229,34.764630
באר שבע,אנדה עמיר,16,שכונת נווה מנחם,31.271278,34.767387
באר שבע,אנדה עמיר,20,שכונת נווה מנחם,31.271356,34.767139
באר שבע,אנדה עמיר,68,שכונת נווה מנחם,31.272896,34.765225
באר שבע,עמרי,1,שכונת ו,31.261893,34.782974
באר שבע,עמרי,3,שכונת ו,31.261870,34.782856
באר שבע,עמרי,20,שכונת ו,31.261955,34.780803
באר שבע,עמרי,4,שכונת ו,31.262121,34.782557
באר שבע,עמרי,6,שכונת ו,31.262111,34.782397
באר שבע,עמרי,9,שכונת ו,31.261833,34.782228
באר שבע,עמרי,5,שכונת ו,31.261887,34.782574
באר שבע,עפרוני,35,שכונת פלח שבע,31.231005,34.769029
באר שבע,עפרוני,116,שכונת פלח שבע,31.230600,34.769047
באר שבע,עפרוני,54,שכונת פלח שבע,31.231204,34.768907
באר שבע,עפרוני,62,שכונת פלח שבע,31.231222,34.768445
באר שבע,עפרוני,28,שכונת פלח שבע,31.231445,34.770435
באר שבע,עפרוני,63,שכונת פלח שבע,31.230824,34.768133
באר שבע,עפרוני,30,שכונת פלח שבע,31.231418,34.770363
באר שבע,עפרוני,59,שכונת פלח שבע,31.230842,34.767909
באר שבע,עפרוני,41,שכונת פלח שבע,31.231013,34.768649
באר שבע,עפרוני,72,שכונת פלח שבע,31.231297,34.767928
באר שבע,עפרוני,100,שכונת פלח שבע,31.230612,34.768117
באר שבע,עפרוני,56,שכונת פלח שבע,31.231200,34.768817
באר שבע,עפרוני,3,שכונת פלח שבע,31.231372,34.770815
באר שבע,עפרוני,106,שכונת פלח שבע,31.230591,34.768494
באר שבע,עפרוני,52,שכונת פלח שבע,31.231207,34.769057
באר שבע,עפרוני,55,שכונת פלח שבע,31.231095,34.767894
באר שבע,עפרוני,78,שכונת פלח שבע,31.231204,34.767675
באר שבע,עפרוני,2,שכונת פלח שבע,31.230952,34.770813
באר שבע,עופרים,1,שכונת ה,31.249592,34.777526
באר שבע,עופרים,41,שכונת ה,31.250625,34.779024
באר שבע,עקרון,7,שכונת ט,31.245301,34.775186
באר שבע,עקרון,24,שכונת ט,31.244204,34.774715
באר שבע,עקרון,2,שכונת ט,31.245374,34.774324
באר שבע,עקרון,15,שכונת ט,31.244889,34.775196
באר שבע,עקרון,1,שכונת ט,31.245581,34.774948
באר שבע,עקרון,9,שכונת ט,31.245180,34.775193
באר שבע,עקרון,22,שכונת ט,31.244294,34.774726
באר שבע,עקרון,29,שכונת ט,31.244195,34.774953
באר שבע,פאבל,14,שכונת נווה מנחם,31.268049,34.758133
באר שבע,פאבל,10,שכונת נווה מנחם,31.267933,34.758285
באר שבע,פאבל,18,שכונת נווה מנחם,31.268201,34.757884
באר שבע,פארן,6,שכונת ד,31.267366,34.793836
באר שבע,פארן,11,שכונת ד,31.267188,34.794637
באר שבע,פארן,4,שכונת ד,31.267502,34.793505
באר שבע,פארן,8,שכונת ד,31.267285,34.794048
באר שבע,פארן,5,שכונת ד,31.267546,34.793845
באר שבע,פארן,1,שכונת ד,31.267791,34.793223
באר שבע,פארן,10,שכונת ד,31.267239,34.794272
באר שבע,פועה,10,שכונת נווה מנחם,31.270504,34.762489
באר שבע,פועה,4,שכונת נווה מנחם,31.270586,34.762768
באר שבע,פועה,16,שכונת נווה מנחם,31.270317,34.762203
באר שבע,לאה פורת,30,שכונת נחל בקע,31.224283,34.775018
באר שבע,פורת קלמן,11,שכונת רמות הרכס,31.285350,34.804993
באר שבע,פורת קלמן,7,שכונת רמות הרכס,31.285649,34.805036
באר שבע,קלמן פורת,7,שכונת רמות הרכס,31.285649,34.805036
באר שבע,קלמן פורת,6,שכונת רמות הרכס,31.285981,34.804332
באר שבע,קלמן פורת,4,שכונת רמות הרכס,31.286169,34.804146
באר שבע,קלמן פורת,2,שכונת רמות הרכס,31.285941,34.803988
באר שבע,דן פטנקין,22,שכונת נאות לון,31.247933,34.760715
באר שבע,דן פטנקין,54,שכונת נאות לון,31.246621,34.758422
באר שבע,דן פטנקין,27,שכונת נאות לון,31.246751,34.758919
באר שבע,דן פטנקין,28,שכונת נאות לון,31.247978,34.760225
באר שבע,דן פטנקין,35,שכונת נאות לון,31.246223,34.758651
באר שבע,דן פטנקין,26,שכונת נאות לון,31.248036,34.760388
באר שבע,דן פטנקין,3,שכונת נאות לון,31.247212,34.760813
באר שבע,דן פטנקין,29,שכונת נאות לון,31.246625,34.758821
באר שבע,דן פטנקין,16,שכונת נאות לון,31.247684,34.760909
באר שבע,דן פטנקין,44,שכונת נאות לון,31.247202,34.758957
באר שבע,פטרייה,7,שכונת ה,31.254555,34.778706
באר שבע,פטרייה,6,שכונת ה,31.254741,34.779263
באר שבע,פטרייה,4,שכונת ה,31.254573,34.779472
באר שבע,פטרייה,8,שכונת ה,31.254951,34.779004
באר שבע,פיארברג,33,שכונת נווה זאב,31.235241,34.772288
באר שבע,פיארברג,39,שכונת נווה זאב,31.235848,34.771255
באר שבע,פיארברג,16,שכונת נווה זאב,31.235490,34.775296
באר שבע,פיארברג,41,שכונת נווה זאב,31.236172,34.771262
באר שבע,פיארברג,26,שכונת נווה זאב,31.235242,34.773896
באר שבע,פיארברג,10,שכונת נווה זאב,31.235721,34.775753
באר שבע,פיארברג,22,שכונת נווה זאב,31.235479,34.774457
באר שבע,פיארברג,12,שכונת נווה זאב,31.235321,34.775890
באר שבע,פיארברג,36,שכונת נווה זאב,31.236061,34.772610
באר שבע,פיארברג,23,שכונת נווה זאב,31.234791,34.774023
באר שבע,פיארברג,38,שכונת נווה זאב,31.236111,34.772216
באר שבע,פיארברג,9,שכונת נווה זאב,31.235180,34.776400
באר שבע,פיארברג,40,שכונת נווה זאב,31.235884,34.772018
באר שבע,פיארברג,21,שכונת נווה זאב,31.234749,34.774350
באר שבע,פיארברג,1,שכונת נווה זאב,31.236414,34.776834
באר שבע,פיארברג,11,שכונת נווה זאב,31.234969,34.776167
באר שבע,פיארברג,34,שכונת נווה זאב,31.235783,34.772481
באר שבע,פיארברג,8,שכונת נווה זאב,31.235622,34.776061
באר שבע,פיארברג,35,שכונת נווה זאב,31.235357,34.772008
באר שבע,פיארברג,14,שכונת נווה זאב,31.235410,34.775569
באר שבע,פיארברג,29,שכונת נווה זאב,31.235028,34.772898
באר שבע,פיארברג,24,שכונת נווה זאב,31.235519,34.773903
באר שבע,פיארברג,31,שכונת נווה זאב,31.235132,34.772611
באר שבע,פיארברג,27,שכונת נווה זאב,31.234933,34.773221
באר שבע,פיארברג,5,שכונת נווה זאב,31.235878,34.776670
באר שבע,פיארברג,25,שכונת נווה זאב,31.234855,34.773560
באר שבע,פיארברג,37,שכונת נווה זאב,31.235485,34.771708
באר שבע,אריה פייגנבאום,4,שכונת נווה מנחם,31.260467,34.757564
באר שבע,אריה פייגנבאום,3,שכונת נווה מנחם,31.260491,34.757234
באר שבע,אריה פייגנבאום,8,שכונת נווה מנחם,31.260641,34.757640
באר שבע,אריה פייגנבאום,20,שכונת נווה מנחם,31.261217,34.757497
באר שבע,אריה פייגנבאום,6,שכונת נווה מנחם,31.260558,34.757576
באר שבע,אריה פייגנבאום,11,שכונת נווה מנחם,31.260907,34.757311
באר שבע,אריה פייגנבאום,19,שכונת נווה מנחם,31.261015,34.756350
באר שבע,אריה פייגנבאום,10,שכונת נווה מנחם,31.260724,34.757621
באר שבע,אריה פייגנבאום,36,שכונת נווה מנחם,31.261393,34.756434
באר שבע,אריה פייגנבאום,44,שכונת נווה מנחם,31.261152,34.756076
באר שבע,אריה פייגנבאום,28,שכונת נווה מנחם,31.261466,34.756999
באר שבע,אבשלום פיינברג,40,שכונת נווה מנחם,31.265046,34.758528
באר שבע,אבשלום פיינברג,30,שכונת נווה מנחם,31.265880,34.759386
באר שבע,אבשלום פיינברג,20,שכונת נווה מנחם,31.266202,34.759830
באר שבע,אבשלום פיינברג,31,שכונת נווה מנחם,31.265258,34.759162
באר שבע,אבשלום פיינברג,5,שכונת נווה מנחם,31.266570,34.760659
באר שבע,אבשלום פיינברג,17,שכונת נווה מנחם,31.266154,34.760226
באר שבע,אבשלום פיינברג,18,שכונת נווה מנחם,31.266240,34.759866
באר שבע,אבשלום פיינברג,38,שכונת נווה מנחם,31.265228,34.758780
באר שבע,אבשלום פיינברג,22,שכונת נווה מנחם,31.266122,34.759697
באר שבע,פיכמן יעקב,5,שכונת נווה זאב,31.236559,34.776191
באר שבע,פיכמן יעקב,6,שכונת נווה זאב,31.236977,34.776040
באר שבע,פיכמן יעקב,2,שכונת נווה זאב,31.236880,34.776984
באר שבע,יעקב פיכמן,4,שכונת נווה זאב,31.236871,34.776540
באר שבע,פיכמן יעקב,7,שכונת נווה זאב,31.236602,34.775930
באר שבע,יעקב פיכמן,14,שכונת נווה זאב,31.237452,34.774302
באר שבע,פילדרמן,16,שכונת נווה מנחם,31.265875,34.759893
באר שבע,פילדרמן,5,שכונת נווה מנחם,31.265243,34.760472
באר שבע,פילדרמן,13,שכונת נווה מנחם,31.265462,34.760121
באר שבע,פילדרמן,15,שכונת נווה מנחם,31.265477,34.760046
באר שבע,פילדרמן,6,שכונת נווה מנחם,31.265381,34.760614
באר שבע,פילדרמן,1,שכונת נווה מנחם,31.265152,34.760600
באר שבע,פילדרמן,2,שכונת נווה מנחם,31.265303,34.760766
באר שבע,שמעון פינקל,26,שכונת נווה מנחם,31.264354,34.756882
באר שבע,שמעון פינקל,50,שכונת נווה מנחם,31.265275,34.754202
באר שבע,שמעון פינקל,33,שכונת נווה מנחם,31.264353,34.756070
באר שבע,שמעון פינקל,56,שכונת נווה מנחם,31.265217,34.754413
באר שבע,שמעון פינקל,15,שכונת נווה מנחם,31.263706,34.757951
באר שבע,שמעון פינקל,5,שכונת נווה מנחם,31.263371,34.758948
באר שבע,שמעון פינקל,42,שכונת נווה מנחם,31.264936,34.755176
באר שבע,שמעון פינקל,52,שכונת נווה מנחם,31.265285,34.754348
באר שבע,שמעון פינקל,10,שכונת נווה מנחם,31.263807,34.758598
באר שבע,שמעון פינקל,9,שכונת נווה מנחם,31.263502,34.758552
באר שבע,שמעון פינקל,28,שכונת נווה מנחם,31.264479,34.756714
באר שבע,שמעון פינקל,13,שכונת נווה מנחם,31.263617,34.758169
באר שבע,שמעון פינקל,54,שכונת נווה מנחם,31.265232,34.754324
באר שבע,שמעון פינקל,44,שכונת נווה מנחם,31.265039,34.754988
באר שבע,לואי,16,שכונת רמות הרכס,31.277539,34.800342
באר שבע,לואי,20,שכונת רמות הרכס,31.277857,34.800505
באר שבע,לואי,12,שכונת רמות הרכס,31.277686,34.799950
באר שבע,לואי,26,שכונת רמות הרכס,31.277929,34.800794
באר שבע,לואי,14,שכונת רמות הרכס,31.277437,34.800023
באר שבע,לואי,24,שכונת רמות הרכס,31.277738,34.800926
באר שבע,לואי,18,שכונת רמות הרכס,31.277746,34.800211
באר שבע,לואי,22,שכונת רמות הרכס,31.277639,34.800646
באר שבע,שמואל פלדברג,8,שכונת רמות,31.275431,34.824537
באר שבע,שמואל פלדברג,70,שכונת רמות,31.276509,34.825340
באר שבע,שמואל פלדברג,60,שכונת רמות,31.276128,34.825629
באר שבע,שמואל פלדברג,52,שכונת רמות,31.275563,34.825888
באר שבע,שמואל פלדברג,24,שכונת רמות,31.274586,34.825199
באר שבע,שמואל פלדברג,66,שכונת רמות,31.276339,34.825453
באר שבע,שמואל פלדברג,46,שכונת רמות,31.275248,34.825940
באר שבע,שמואל פלדברג,54,שכונת רמות,31.275709,34.825787
באר שבע,דוד פלוסר,7,שכונת נאות לון,31.246628,34.761528
באר שבע,דוד פלוסר,18,שכונת נאות לון,31.246430,34.760516
באר שבע,דוד פלוסר,5,שכונת נאות לון,31.246673,34.761445
באר שבע,דוד פלוסר,6,שכונת נאות לון,31.246430,34.761215
באר שבע,דוד פלוסר,35,שכונת נאות לון,31.245629,34.760573
באר שבע,דוד פלוסר,17,שכונת נאות לון,31.246024,34.761502
באר שבע,דוד פלוסר,24,שכונת נאות לון,31.246030,34.760680
באר שבע,דוד פלוסר,19,שכונת נאות לון,31.246030,34.761406
באר שבע,דוד פלוסר,1,שכונת נאות לון,31.246817,34.761369
באר שבע,דוד פלוסר,29,שכונת נאות לון,31.245755,34.760830
באר שבע,דוד פלוסר,2,שכונת נאות לון,31.246691,34.761062
באר שבע,דוד פלוסר,3,שכונת נאות לון,31.246801,34.761454
באר שבע,דוד פלוסר,32,שכונת נאות לון,31.245765,34.759957
באר שבע,פל-ים,34,שכונת ו,31.264381,34.776744
באר שבע,פל-ים,6,שכונת ו,31.264976,34.776737
באר שבע,פל-ים,20,שכונת ו,31.264639,34.776887
באר שבע,פל-ים,52,שכונת ו,31.264539,34.778014
באר שבע,פל-ים,8,שכונת ו,31.264935,34.776630
באר שבע,פל-ים,3,שכונת ו,31.265105,34.777281
באר שבע,פל-ים,14,שכונת ו,31.264518,34.776548
באר שבע,פנחס החוצב,3,שכונת אזור תעשיה,31.245418,34.807557
באר שבע,פנחס החוצב,28,שכונת אזור תעשיה,31.246990,34.810064
באר שבע,פנחס החוצב,30,שכונת אזור תעשיה,31.247150,34.810236
באר שבע,פנחס החוצב,14,שכונת אזור תעשיה,31.245765,34.808520
באר שבע,פנחס החוצב,7,שכונת אזור תעשיה,31.246685,34.809016
באר שבע,פנחס החוצב,10,שכונת אזור תעשיה,31.245337,34.808369
באר שבע,דוד פנקס,23,שכונת יא,31.255036,34.762680
באר שבע,דוד פנקס,25,שכונת יא,31.255203,34.762451
באר שבע,דוד פנקס,4,שכונת יא,31.254911,34.765211
באר שבע,דוד פנקס,24,שכונת יא,31.254916,34.763256
באר שבע,דוד פנקס,13,שכונת יא,31.254677,34.763765
באר שבע,דוד פנקס,7,שכונת יא,31.254505,34.764582
באר שבע,דוד פנקס,19,שכונת יא,31.254809,34.763209
באר שבע,דוד פנקס,15,שכונת יא,31.254771,34.763580
באר שבע,דוד פנקס,11,שכונת יא,31.254621,34.764031
באר שבע,דוד פנקס,21,שכונת יא,31.254851,34.762945
באר שבע,דוד פנקס,9,שכונת יא,31.254491,34.764326
באר שבע,דוד פנקס,32,שכונת יא,31.255092,34.762893
באר שבע,דוד פנקס,16,שכונת יא,31.254717,34.764451
באר שבע,פסמון,2,שכונת ה,31.249483,34.779248
באר שבע,פסמון,1,שכונת ה,31.249300,34.779142
באר שבע,פסמון,36,שכונת ה,31.250089,34.778334
באר שבע,פסמון,38,שכונת ה,31.250155,34.778339
באר שבע,פסמון,47,שכונת ה,31.250317,34.777942
באר שבע,פקועה,34,שכונת נווה נוי,31.230733,34.793000
באר שבע,פקועה,35,שכונת נווה נוי,31.230524,34.793319
באר שבע,פקועה,37,שכונת נווה נוי,31.230549,34.793194
באר שבע,פקועה,30,שכונת נווה נוי,31.230794,34.793288
באר שבע,פקועה,16,שכונת נווה נוי,31.231267,34.794879
באר שבע,פקועה,1,שכונת נווה נוי,31.231566,34.796055
באר שבע,יהושע פראוור,1,שכונת רמות,31.272294,34.805813
באר שבע,יהושע פראוור,17,שכונת רמות,31.272597,34.806425
באר שבע,יהושע פראוור,3,שכונת רמות,31.272354,34.805807
באר שבע,יהושע פראוור,10,שכונת רמות,31.272179,34.806293
באר שבע,פרויד,6,שכונת ב,31.255755,34.792440
באר שבע,פרויד,4,שכונת ב,31.255555,34.792551
באר שבע,פרויד,8,שכונת ב,31.255986,34.792290
באר שבע,פרויד,5,שכונת ב,31.255617,34.792210
באר שבע,פרויד,7,שכונת ב,31.255809,34.791890
באר שבע,פרויד,3,שכונת ב,31.255444,34.792335
באר שבע,פרויד,9,שכונת ב,31.255942,34.791693
באר שבע,גד פרומקין,16,שכונת ו,31.270584,34.778791
באר שבע,גד פרומקין,22,שכונת ו,31.270901,34.778677
באר שבע,גד פרומקין,8,שכונת ו,31.270239,34.778887
באר שבע,גד פרומקין,5,שכונת ו,31.270414,34.778458
באר שבע,גד פרומקין,2,שכונת ו,31.269992,34.778967
באר שבע,גד פרומקין,6,שכונת ו,31.270155,34.778914
באר שבע,פרופ' עלי דיוויס,1,שכונת עיר עתיקה,31.244339,34.785572
באר שבע,פרופ' שיבא,71,שכונת נווה מנחם,31.260597,34.756226
באר שבע,פרופ' שיבא,3,שכונת נווה מנחם,31.260434,34.759339
באר שבע,פרופ' שיבא,43,שכונת נווה מנחם,31.259786,34.757475
באר שבע,פרופ' שיבא,50,שכונת נווה מנחם,31.260938,34.756385
באר שבע,פרופ' שיבא,41,שכונת נווה מנחם,31.259733,34.757494
באר שבע,פרופ' שיבא,19,שכונת נווה מנחם,31.259873,34.758828
באר שבע,פרופ' שיבא,36,שכונת נווה מנחם,31.260128,34.757576
באר שבע,פרופ' שיבא,14,שכונת נווה מנחם,31.260117,34.758718
באר שבע,פרופ' שיבא,27,שכונת נווה מנחם,31.259725,34.758442
באר שבע,פרופ' שיבא,46,שכונת נווה מנחם,31.260802,34.756544
באר שבע,פרופ' שיבא,26,שכונת נווה מנחם,31.259958,34.758054
באר שבע,פרופ' שיבא,73,שכונת נווה מנחם,31.260650,34.756106
באר שבע,פרופ' שיבא,85,שכונת נווה מנחם,31.261037,34.755582
באר שבע,פרופ' שיבא,91,שכונת נווה מנחם,31.261217,34.755418
באר שבע,פרופ' שיבא,45,שכונת נווה מנחם,31.259809,34.757290
באר שבע,פרופ' שיבא,33,שכונת נווה מנחם,31.259614,34.757938
באר שבע,פרופ' שיבא,58,שכונת נווה מנחם,31.261447,34.755503
באר שבע,פרופ' שיבא,17,שכונת נווה מנחם,31.259821,34.758873
באר שבע,עדן פרטוש,51,שכונת נחל בקע,31.224176,34.776418
באר שבע,עדן פרטוש,52,שכונת נחל בקע,31.223837,34.776577
באר שבע,עדן פרטוש,53,שכונת נחל בקע,31.224203,34.776514
באר שבע,עדן פרטוש,16,שכונת נחל בקע,31.220369,34.773046
באר שבע,עדן פרטוש,48,שכונת נחל בקע,31.223605,34.776462
באר שבע,עדן פרטוש,17,שכונת נחל בקע,31.220916,34.772937
באר שבע,עדן פרטוש,26,שכונת נחל בקע,31.221553,34.774014
באר שבע,עדן פרטוש,18,שכונת נחל בקע,31.220664,34.773274
באר שבע,עדן פרטוש,21,שכונת נחל בקע,31.221241,34.773419
באר שבע,עדן פרטוש,49,שכונת נחל בקע,31.224028,34.776340
באר שבע,עדן פרטוש,13,שכונת נחל בקע,31.220611,34.772684
באר שבע,עדן פרטוש,43,שכונת נחל בקע,31.223893,34.776000
באר שבע,פרי חדש,14,שכונת ו,31.267767,34.779189
באר שבע,פרי חדש,5,שכונת ו,31.268147,34.779845
באר שבע,פרי חדש,1,שכונת ו,31.268333,34.779961
באר שבע,פרי חדש,8,שכונת ו,31.267984,34.779363
באר שבע,פרי חדש,17,שכונת ו,31.267702,34.779469
באר שבע,פרי חדש,13,שכונת ו,31.267840,34.779588
באר שבע,פרי חדש,3,שכונת ו,31.268189,34.779873
באר שבע,פרי חדש,12,שכונת ו,31.267815,34.779116
באר שבע,פרי חדש,7,שכונת ו,31.268032,34.779753
באר שבע,פרי חדש,15,שכונת ו,31.267748,34.779505
באר שבע,פרי חדש,11,שכונת ו,31.267881,34.779624
באר שבע,פרי חדש,21,שכונת ו,31.267513,34.779376
באר שבע,פרי חדש,19,שכונת ו,31.267570,34.779420
באר שבע,פרי חדש,23,שכונת ו,31.267428,34.779307
באר שבע,פרי חדש,25,שכונת ו,31.267370,34.779252
באר שבע,משה פרייבס,10,שכונת רמות הרכס,31.279038,34.798950
באר שבע,משה פרייבס,18,שכונת רמות הרכס,31.279485,34.798308
באר שבע,משה פרייבס,12,שכונת רמות הרכס,31.279224,34.799094
באר שבע,משה פרייבס,16,שכונת רמות הרכס,31.279103,34.798749
באר שבע,משה פרייבס,20,שכונת רמות הרכס,31.279602,34.798554
באר שבע,משה פרייבס,14,שכונת רמות הרכס,31.279303,34.798795
באר שבע,משה פרייבס,24,שכונת רמות הרכס,31.279720,34.798179
באר שבע,אלפרד פריד,2,שכונת רמות,31.271206,34.801770
באר שבע,אלפרד פריד,20,שכונת רמות,31.271587,34.802598
באר שבע,אלפרד פריד,27,שכונת רמות,31.272063,34.802732
באר שבע,אלפרד פריד,8,שכונת רמות,31.271288,34.802005
באר שבע,אלפרד פריד,23,שכונת רמות,31.271993,34.802572
באר שבע,אלפרד פריד,6,שכונת רמות,31.271281,34.801918
באר שבע,אלפרד פריד,21,שכונת רמות,31.271934,34.802543
באר שבע,אלפרד פריד,28,שכונת רמות,31.271737,34.802938
באר שבע,אלברט פריץ,5,שכונת ו,31.266712,34.771034
באר שבע,אלברט פריץ,13,שכונת ו,31.266494,34.770687
באר שבע,אלברט פריץ,2,שכונת ו,31.266986,34.770953
באר שבע,אלברט פריץ,15,שכונת ו,31.266444,34.770620
באר שבע,אלברט פריץ,8,שכונת ו,31.266536,34.770287
באר שבע,פרישמן דוד,2,שכונת נווה זאב,31.239202,34.772469
באר שבע,דוד פרישמן,4,שכונת נווה זאב,31.239428,34.772768
באר שבע,דוד פרישמן,11,שכונת נווה זאב,31.240551,34.773731
באר שבע,דוד פרישמן,6,שכונת נווה זאב,31.240161,34.773742
באר שבע,דוד פרישמן,3,שכונת נווה זאב,31.239740,34.772663
באר שבע,ג'יימס פרנק,11,שכונת רמות,31.274361,34.800161
באר שבע,ג'יימס פרנק,1,שכונת רמות,31.273939,34.800065
באר שבע,ג'יימס פרנק,6,שכונת רמות,31.273826,34.800446
באר שבע,ג'יימס פרנק,10,שכונת רמות,31.273992,34.800454
באר שבע,ג'יימס פרנק,8,שכונת רמות,31.273923,34.800410
באר שבע,ג'יימס פרנק,9,שכונת רמות,31.274292,34.800159
באר שבע,"י""ל פרץ",36,שכונת נווה זאב,31.240990,34.778861
באר שבע,"י""ל פרץ",26,שכונת נווה זאב,31.241208,34.778468
באר שבע,"י""ל פרץ",11,שכונת נווה זאב,31.240277,34.779033
באר שבע,"י""ל פרץ",9,שכונת נווה זאב,31.240319,34.779128
באר שבע,"י""ל פרץ",25,שכונת נווה זאב,31.240571,34.778446
באר שבע,"י""ל פרץ",39,שכונת נווה זאב,31.241284,34.778205
באר שבע,"י""ל פרץ",42,שכונת נווה זאב,31.240836,34.779139
באר שבע,"י""ל פרץ",37,שכונת נווה זאב,31.241150,34.778175
באר שבע,"י""ל פרץ",44,שכונת נווה זאב,31.240765,34.779212
באר שבע,"י""ל פרץ",8,שכונת נווה זאב,31.240519,34.779057
באר שבע,"י""ל פרץ",22,שכונת נווה זאב,31.240993,34.778503
באר שבע,"י""ל פרץ",35,שכונת נווה זאב,31.241071,34.778208
באר שבע,"י""ל פרץ",30,שכונת נווה זאב,31.241398,34.778491
באר שבע,"י""ל פרץ",18,שכונת נווה זאב,31.240811,34.778605
באר שבע,"י""ל פרץ",33,שכונת נווה זאב,31.240906,34.778234
באר שבע,"י""ל פרץ",23,שכונת נווה זאב,31.240525,34.778510
באר שבע,"י""ל פרץ",27,שכונת נווה זאב,31.240691,34.778422
באר שבע,"י""ל פרץ",14,שכונת נווה זאב,31.240655,34.778719
באר שבע,פשוש,6,שכונת פלח שבע,31.230367,34.764740
באר שבע,פשוש,4,שכונת פלח שבע,31.230511,34.764847
באר שבע,פשוש,13,שכונת פלח שבע,31.230229,34.764975
באר שבע,פשוש,47,שכונת פלח שבע,31.230952,34.764347
באר שבע,פשוש,22,שכונת פלח שבע,31.230505,34.764297
באר שבע,פשוש,25,שכונת פלח שבע,31.229516,34.763991
באר שבע,פשוש,39,שכונת פלח שבע,31.230404,34.763738
באר שבע,פשוש,41,שכונת פלח שבע,31.230582,34.763941
באר שבע,פשוש,8,שכונת פלח שבע,31.230270,34.764606
באר שבע,פשוש,11,שכונת פלח שבע,31.230363,34.765117
באר שבע,פשוש,15,שכונת פלח שבע,31.230096,34.764842
באר שבע,פשוש,21,שכונת פלח שבע,31.229656,34.764347
באר שבע,פשוש,45,שכונת פלח שבע,31.230833,34.764239
באר שבע,פשוש,10,שכונת פלח שבע,31.230158,34.764467
באר שבע,פשוש,12,שכונת פלח שבע,31.229975,34.764278
באר שבע,פשוש,35,שכונת פלח שבע,31.230121,34.763484
באר שבע,פשוש,33,שכונת פלח שבע,31.229965,34.763432
באר שבע,צבייה המלכה,6,שכונת ד,31.262887,34.795480
באר שבע,צביה המלכה,1,שכונת ד,31.263389,34.795804
באר שבע,צביה המלכה,14,שכונת ד,31.262453,34.795246
באר שבע,צבייה המלכה,3,שכונת ד,31.262952,34.795793
באר שבע,צבייה המלכה,5,שכונת ד,31.262536,34.795842
באר שבע,צבייה המלכה,12,שכונת ד,31.262393,34.795597
באר שבע,צבייה המלכה,4,שכונת ד,31.263182,34.795457
באר שבע,צבייה ויצחק,14,שכונת נחל בקע,31.224300,34.778399
באר שבע,צבייה ויצחק,15,שכונת נחל בקע,31.224289,34.778688
באר שבע,צבייה ויצחק,54,שכונת נחל בקע,31.224209,34.780965
באר שבע,צבייה ויצחק,1,שכונת נחל בקע,31.224958,34.778474
באר שבע,צבייה ויצחק,50,שכונת נחל בקע,31.224136,34.780741
באר שבע,צבייה ויצחק,8,שכונת נחל בקע,31.224544,34.778315
באר שבע,צבייה ויצחק,40,שכונת נחל בקע,31.223936,34.779751
באר שבע,צבייה ויצחק,36,שכונת נחל בקע,31.223901,34.779479
באר שבע,צבייה ויצחק,7,שכונת נחל בקע,31.224638,34.778587
באר שבע,צבייה ויצחק,29,שכונת נחל בקע,31.224202,34.779618
באר שבע,צבעוני,24,שכונת נווה נוי,31.230838,34.779442
באר שבע,צבעוני,15,שכונת נווה נוי,31.231349,34.779805
באר שבע,צבעוני,17,שכונת נווה נוי,31.231190,34.779881
באר שבע,צבעוני,26,שכונת נווה נוי,31.230696,34.779467
באר שבע,צבעוני,9,שכונת נווה נוי,31.231965,34.779874
באר שבע,צבעוני,33,שכונת נווה נוי,31.229232,34.779838
באר שבע,צבעוני,10,שכונת נווה נוי,31.231934,34.779500
באר שבע,צבר,12,שכונת נווה נוי,31.232711,34.794050
באר שבע,צבר,19,שכונת נווה נוי,31.232966,34.794173
באר שבע,צבר,10,שכונת נווה נוי,31.232779,34.793965
באר שבע,צבר,13,שכונת נווה נוי,31.233287,34.794022
באר שבע,צבר,7,שכונת נווה נוי,31.233658,34.793900
באר שבע,צבר,5,שכונת נווה נוי,31.233773,34.793866
באר שבע,צבר,39,,31.230907,34.794885
באר שבע,צבר,1,שכונת נווה נוי,31.233996,34.793720
באר שבע,צבר,11,שכונת נווה נוי,31.233450,34.793937
באר שבע,צבר,23,שכונת נווה נוי,31.232749,34.794290
באר שבע,צבר,15,שכונת נווה נוי,31.233258,34.794082
באר שבע,צבר,27,שכונת נווה נוי,31.232504,34.794407
באר שבע,צבר,33,שכונת נווה נוי,31.232103,34.794539
באר שבע,צדקיהו,22,שכונת ו,31.263673,34.786352
באר שבע,צדקיהו,8,שכונת ו,31.263507,34.784690
באר שבע,צדקיהו,7,שכונת ו,31.263323,34.784898
באר שבע,צדקיהו,2,שכונת ו,31.263480,34.784111
באר שבע,צדקיהו,11,שכונת ו,31.263320,34.785266
באר שבע,צדקיהו,20,שכונת ו,31.263641,34.786075
באר שבע,צדקיהו,23,שכונת ו,31.263427,34.786807
באר שבע,צדקיהו,12,שכונת ו,31.263546,34.785088
באר שבע,צדקיהו,3,שכונת ו,31.263255,34.784450
באר שבע,צדקיהו,21,שכונת ו,31.263436,34.786524
באר שבע,צדקיהו,27,שכונת ד,31.263646,34.787063
באר שבע,ברנרד והרמן צונדק,21,שכונת רמות,31.270472,34.809004
באר שבע,ברנרד והרמן צונדק,18,שכונת רמות,31.269391,34.808910
באר שבע,ברנרד והרמן צונדק,27,שכונת רמות,31.270784,34.809062
באר שבע,ברנרד והרמן צונדק,35,שכונת רמות,31.271100,34.809072
באר שבע,ברנרד והרמן צונדק,29,שכונת רמות,31.270852,34.809050
באר שבע,ברנרד והרמן צונדק,36,שכונת רמות,31.270487,34.809586
באר שבע,ברנרד והרמן צונדק,12,שכונת רמות,31.269237,34.808804
באר שבע,ברנרד והרמן צונדק,23,שכונת רמות,31.270629,34.809050
באר שבע,ברנרד והרמן צונדק,33,שכונת רמות,31.271001,34.809090
באר שבע,ברנרד והרמן צונדק,15,שכונת רמות,31.270353,34.808985
באר שבע,ברנרד והרמן צונדק,34,שכונת רמות,31.270935,34.809505
באר שבע,ברנרד והרמן צונדק,38,שכונת רמות,31.270695,34.809769
באר שבע,ברנרד והרמן צונדק,32,שכונת רמות,31.270674,34.809419
באר שבע,ברנרד והרמן צונדק,25,שכונת רמות,31.270693,34.809039
באר שבע,ברנרד והרמן צונדק,42,שכונת רמות,31.271145,34.810070
באר שבע,ברנרד והרמן צונדק,26,שכונת רמות,31.269926,34.809137
באר שבע,ברנרד והרמן צונדק,40,שכונת רמות,31.270887,34.809882
באר שבע,ברנרד והרמן צונדק,16,שכונת רמות,31.269404,34.808845
באר שבע,ברנרד והרמן צונדק,20,שכונת רמות,31.269793,34.809021
באר שבע,ברנרד והרמן צונדק,44,שכונת רמות,31.271110,34.809728
באר שבע,צוקית,9,שכונת פלח שבע,31.232201,34.762106
באר שבע,צוקית,24,שכונת פלח שבע,31.232472,34.761877
באר שבע,צוקית,30,שכונת פלח שבע,31.232467,34.761463
באר שבע,צוקית,18,שכונת פלח שבע,31.232436,34.762082
באר שבע,צוקית,40,שכונת פלח שבע,31.232624,34.761041
באר שבע,צוקית,34,שכונת פלח שבע,31.232476,34.761257
באר שבע,צוקית,5,שכונת פלח שבע,31.232111,34.762904
באר שבע,צוקית,12,שכונת פלח שבע,31.232426,34.762798
באר שבע,צוקית,2,שכונת פלח שבע,31.232472,34.763693
באר שבע,צוקית,8,שכונת פלח שבע,31.232430,34.763170
באר שבע,צוקית,28,שכונת פלח שבע,31.232484,34.761670
באר שבע,ציזלינג,15,שכונת יא,31.258329,34.762391
באר שבע,ציזלינג,18,שכונת יא,31.258186,34.761850
באר שבע,ציזלינג,8,שכונת יא,31.259154,34.762992
באר שבע,ציזלינג,13,שכונת יא,31.258509,34.762370
באר שבע,ציזלינג,11,שכונת יא,31.258690,34.762753
באר שבע,ציזלינג,4,שכונת יא,31.259212,34.763971
באר שבע,ציזלינג,5,שכונת יא,31.258748,34.763542
באר שבע,ציזלינג,6,שכונת יא,31.259204,34.763560
באר שבע,ציזלינג,16,שכונת יא,31.258395,34.761884
באר שבע,ציזלינג,7,שכונת יא,31.258720,34.763205
באר שבע,ציזלינג,9,שכונת יא,31.258700,34.762957
באר שבע,ציזלינג,3,שכונת יא,31.258780,34.763778
באר שבע,ציזלינג,12,שכונת יא,31.259075,34.762511
באר שבע,ציזלינג,2,שכונת יא,31.259425,34.763925
באר שבע,ציזלינג,14,שכונת יא,31.258844,34.762100
באר שבע,ציזלינג,10,שכונת יא,31.259144,34.762856
באר שבע,יחיאל צ'לנוב,20,שכונת נווה מנחם,31.265983,34.761133
באר שבע,יחיאל צ'לנוב,2,שכונת נווה מנחם,31.265485,34.761812
באר שבע,יחיאל צ'לנוב,6,שכונת נווה מנחם,31.265573,34.761668
באר שבע,יחיאל צ'לנוב,16,שכונת נווה מנחם,31.265853,34.761278
באר שבע,יחיאל צ'לנוב,12,שכונת נווה מנחם,31.265762,34.761461
באר שבע,ציפורה,14,שכונת נווה מנחם,31.268497,34.763482
באר שבע,ציפורה,9,שכונת נווה מנחם,31.268201,34.763422
באר שבע,צפת,10,שכונת ט,31.247997,34.774896
באר שבע,צפת,28,שכונת ט,31.248644,34.775642
באר שבע,צפת,38,שכונת ט,31.247675,34.776599
באר שבע,צפת,32,שכונת ט,31.248189,34.776148
באר שבע,צפת,20,שכונת ט,31.248985,34.775203
באר שבע,צפת,34,שכונת ט,31.248099,34.776422
באר שבע,צפת,22,שכונת ט,31.248769,34.775030
באר שבע,צפת,46,שכונת ט,31.247330,34.777026
באר שבע,צפת,44,שכונת ט,31.247555,34.777170
באר שבע,צפת,14,שכונת ט,31.248405,34.774758
באר שבע,צפת,40,שכונת ט,31.247627,34.776850
באר שבע,צפת,2,שכונת ט,31.247308,34.774447
באר שבע,צפת,26,שכונת ט,31.248662,34.775388
באר שבע,צפת,12,שכונת ט,31.248221,34.774825
באר שבע,צפת,6,שכונת ט,31.247756,34.774711
באר שבע,צפת,24,שכונת ט,31.248719,34.775287
באר שבע,צפת,42,שכונת ט,31.247598,34.776930
באר שבע,צפת,4,שכונת ט,31.247529,34.774579
באר שבע,צפת,30,שכונת ט,31.248306,34.775895
באר שבע,צפת,8,שכונת ט,31.247895,34.774850
באר שבע,צקלג,5,שכונת ד,31.265104,34.795901
באר שבע,צקלג,7,שכונת ד,31.265337,34.795504
באר שבע,צקלג,6,שכונת ד,31.265188,34.795670
באר שבע,קדושי בגדד,1,שכונת ה,31.253084,34.782121
באר שבע,קדושי בגדד,6,שכונת ה,31.252936,34.781175
באר שבע,קדושי בגדד,4,שכונת ה,31.253073,34.781501
באר שבע,קדושי בגדד,11,שכונת ה,31.252500,34.780799
באר שבע,קדושי בגדד,10,שכונת ה,31.252566,34.780367
באר שבע,קדושי בגדד,13,שכונת ה,31.252348,34.780666
באר שבע,קדושי יאסי,10,שכונת נווה מנחם,31.266110,34.760585
באר שבע,קדושי יאסי,4,שכונת נווה מנחם,31.266255,34.760828
באר שבע,קדושי סלוניקי,6,שכונת נווה מנחם,31.266054,34.757652
באר שבע,קדושי סלוניקי,11,שכונת נווה מנחם,31.265368,34.757414
באר שבע,קדושי סלוניקי,20,שכונת נווה מנחם,31.265529,34.757176
באר שבע,קדושי סלוניקי,16,שכונת נווה מנחם,31.265647,34.757323
באר שבע,קדושי סלוניקי,13,שכונת נווה מנחם,31.265314,34.757398
באר שבע,קדושי סלוניקי,2,שכונת נווה מנחם,31.266240,34.757860
באר שבע,קדושי סלוניקי,9,שכונת נווה מנחם,31.265463,34.757532
באר שבע,קדיש לוז,12,שכונת יא,31.257094,34.764067
באר שבע,קדיש לוז,4,שכונת יא,31.257020,34.763727
באר שבע,קדיש לוז,20,שכונת יא,31.257110,34.764440
באר שבע,קדש,22,שכונת ד,31.267585,34.797575
באר שבע,קדש,28,שכונת ד,31.268045,34.797413
באר שבע,קדש,3,שכונת ד,31.268213,34.797185
באר שבע,קדש,8,שכונת ד,31.266658,34.797145
באר שבע,קדש,16,שכונת ד,31.267351,34.797291
באר שבע,משה,8,שכונת רמות הרכס,31.285472,34.801028
באר שבע,משה,40,שכונת רמות הרכס,31.283742,34.801216
באר שבע,משה,35,שכונת רמות הרכס,31.283307,34.801808
באר שבע,משה,4,שכונת רמות הרכס,31.285246,34.801353
באר שבע,משה,36,שכונת רמות הרכס,31.284228,34.801706
באר שבע,משה,34,שכונת רמות הרכס,31.284058,34.801553
באר שבע,משה,27,שכונת רמות הרכס,31.283478,34.802594
באר שבע,משה,25,שכונת רמות הרכס,31.283670,34.802644
באר שבע,משה,5,שכונת רמות הרכס,31.284444,34.802017
באר שבע,משה,44,שכונת רמות הרכס,31.283430,34.801393
באר שבע,משה,22,שכונת רמות הרכס,31.285168,34.800453
באר שבע,משה,42,שכונת רמות הרכס,31.283507,34.801215
באר שבע,משה,14,שכונת רמות הרכס,31.284814,34.800922
באר שבע,משה,17,שכונת רמות הרכס,31.284094,34.802696
באר שבע,משה,26,שכונת רמות הרכס,31.284380,34.801067
באר שבע,משה,13,שכונת רמות הרכס,31.284408,34.802716
באר שבע,משה,15,שכונת רמות הרכס,31.284271,34.802713
באר שבע,אבא קובנר,16,שכונת נחל בקע,31.225006,34.779755
באר שבע,אבא קובנר,8,שכונת נחל בקע,31.224647,34.779882
באר שבע,אבא קובנר,5,שכונת נחל בקע,31.224459,34.779634
באר שבע,אבא קובנר,7,שכונת נחל בקע,31.224591,34.779622
באר שבע,אבא קובנר,9,שכונת נחל בקע,31.224637,34.779550
באר שבע,קויפמן,20,שכונת ה,31.253438,34.773705
באר שבע,קויפמן,18,שכונת ה,31.253410,34.773597
באר שבע,קויפמן,9,שכונת ה,31.253654,34.773529
באר שבע,קויפמן,12,שכונת ה,31.253231,34.773479
באר שבע,קויפמן,36,שכונת ה,31.253897,34.774151
באר שבע,קול מבשר,14,שכונת נווה זאב,31.234122,34.762023
באר שבע,קול מבשר,2,שכונת נווה זאב,31.234467,34.763004
באר שבע,קול מבשר,13,שכונת נווה זאב,31.233899,34.762383
באר שבע,קול מבשר,1,שכונת נווה זאב,31.234202,34.763190
באר שבע,קול מבשר,5,שכונת נווה זאב,31.234149,34.762852
באר שבע,קורא,1,שכונת ה,31.248827,34.781623
באר שבע,קורא,2,שכונת ה,31.248752,34.781788
באר שבע,קורא הדורות,16,שכונת נאות לון,31.251094,34.760052
באר שבע,קורא הדורות,21,שכונת נאות לון,31.250603,34.759760
באר שבע,קורא הדורות,23,שכונת נאות לון,31.250522,34.759593
באר שבע,קורא הדורות,18,שכונת נאות לון,31.251011,34.759884
באר שבע,קורא הדורות,24,שכונת נאות לון,31.250723,34.759402
באר שבע,קטורה,11,שכונת עיר עתיקה,31.240086,34.786589
באר שבע,קיסריה,33,שכונת נאות לון,31.248496,34.765052
באר שבע,קיסריה,10,שכונת נאות לון,31.249613,34.765833
באר שבע,קיסריה,34,שכונת נאות לון,31.249406,34.764407
באר שבע,קיסריה,25,שכונת נאות לון,31.248931,34.764650
באר שבע,קיסריה,9,שכונת נאות לון,31.249491,34.765440
באר שבע,קיסריה,4,שכונת נאות לון,31.249195,34.765749
באר שבע,קיפוד,5,שכונת ה,31.249916,34.777310
באר שבע,קיפוד,3,שכונת ה,31.249878,34.777273
באר שבע,קיפוד,1,שכונת ה,31.249846,34.777228
באר שבע,לוין קיפניס,31,שכונת נווה זאב,31.239158,34.780180
באר שבע,לוין קיפניס,2,שכונת נווה זאב,31.237907,34.779878
באר שבע,לוין קיפניס,37,שכונת נווה זאב,31.239384,34.780119
באר שבע,לוין קיפניס,19,שכונת נווה זאב,31.238642,34.780282
באר שבע,לוין קיפניס,33,שכונת נווה זאב,31.239208,34.780155
באר שבע,לוין קיפניס,21,שכונת נווה זאב,31.238694,34.780252
באר שבע,קיפניס לוין,14,שכונת נווה זאב,31.239734,34.780118
באר שבע,לוין קיפניס,7,שכונת נווה זאב,31.238095,34.780398
באר שבע,קיפניס לוין,16,שכונת נווה זאב,31.239739,34.779895
באר שבע,לוין קיפניס,1,שכונת נווה זאב,31.238189,34.779924
באר שבע,לוין קיפניס,17,שכונת נווה זאב,31.238505,34.780304
באר שבע,קלאוזנר,2,שכונת ד,31.267431,34.799683
באר שבע,קלאוזנר,4,שכונת ד,31.267446,34.799530
באר שבע,קלישר,54,שכונת ג,31.254042,34.811037
באר שבע,קלישר,21,שכונת ג,31.254008,34.811356
באר שבע,קלישר,19,שכונת ג,31.254215,34.811321
באר שבע,קלישר,22,שכונת ג,31.255406,34.810990
באר שבע,קלישר,48,שכונת ג,31.254526,34.811084
באר שבע,קלישר,44,שכונת ג,31.254058,34.810724
באר שבע,קלישר,11,שכונת ג,31.255337,34.811530
באר שבע,קלישר,52,שכונת ג,31.254229,34.811058
באר שבע,קלישר,30,שכונת ג,31.255002,34.810978
באר שבע,קלישר,56,שכונת ג,31.253860,34.811013
באר שבע,קלישר,17,שכונת ג,31.254587,34.811371
באר שבע,קלישר,15,שכונת ג,31.254815,34.811399
באר שבע,קלישר,24,שכונת ג,31.255077,34.811118
באר שבע,קלישר,4,שכונת ג,31.256645,34.811621
באר שבע,קלישר,28,שכונת ג,31.255149,34.810880
באר שבע,קלישר,9,שכונת ג,31.255685,34.811597
באר שבע,קלישר,10,שכונת ג,31.255986,34.811412
באר שבע,קלישר,18,שכונת ג,31.255527,34.811176
באר שבע,קלישר,2,שכונת ג,31.256835,34.811822
באר שבע,קלישר,50,שכונת ג,31.254391,34.811065
באר שבע,קלישר,26,שכונת ג,31.255112,34.811000
באר שבע,קלישר,20,שכונת ג,31.255372,34.811102
באר שבע,קלישר,7,שכונת ג,31.255963,34.811691
באר שבע,קלישר,34,שכונת ג,31.254784,34.810878
באר שבע,קלישר,32,שכונת ג,31.254926,34.810935
באר שבע,רפאל קלצ'קין,14,שכונת נווה מנחם,31.269670,34.771913
באר שבע,רפאל קלצ'קין,47,שכונת נווה מנחם,31.268368,34.768227
באר שבע,רפאל קלצ'קין,16,שכונת נווה מנחם,31.269555,34.771834
באר שבע,רפאל קלצ'קין,44,שכונת נווה מנחם,31.268576,34.770207
באר שבע,רפאל קלצ'קין,37,שכונת נווה מנחם,31.267521,34.768652
באר שבע,רפאל קלצ'קין,18,שכונת נווה מנחם,31.269560,34.771736
באר שבע,רפאל קלצ'קין,39,שכונת נווה מנחם,31.267318,34.768609
באר שבע,רפאל קלצ'קין,36,שכונת נווה מנחם,31.268803,34.770529
באר שבע,רפאל קלצ'קין,84,שכונת נווה מנחם,31.268806,34.768434
באר שבע,רפאל קלצ'קין,19,שכונת נווה מנחם,31.268468,34.770528
באר שבע,קלצ'קין רפאל,17,שכונת נווה מנחם,31.268708,34.770914
באר שבע,רפאל קלצ'קין,88,שכונת נווה מנחם,31.268971,34.768340
באר שבע,רפאל קלצ'קין,3,שכונת נווה מנחם,31.269530,34.772477
באר שבע,קלצ'קין רפאל,11,שכונת נווה מנחם,31.269059,34.771525
באר שבע,רפאל קלצ'קין,76,שכונת נווה מנחם,31.268476,34.768678
באר שבע,רפאל קלצ'קין,1,שכונת נווה מנחם,31.269620,34.772720
באר שבע,קלצ'קין רפאל,31,שכונת נווה מנחם,31.267645,34.769338
באר שבע,קלצ'קין רפאל,27,שכונת נווה מנחם,31.267933,34.769755
באר שבע,רפאל קלצ'קין,51,שכונת נווה מנחם,31.268017,34.768071
באר שבע,קלצ'קין רפאל,25,שכונת נווה מנחם,31.268046,34.769920
באר שבע,רפאל קלצ'קין,53,שכונת נווה מנחם,31.268212,34.767898
באר שבע,קלצ'קין רפאל,15,שכונת נווה מנחם,31.268820,34.771103
באר שבע,רפאל קלצ'קין,62,שכונת נווה מנחם,31.268139,34.769458
באר שבע,רפאל קלצ'קין,5,שכונת נווה מנחם,31.269434,34.772225
באר שבע,קלצ'קין רפאל,7,שכונת נווה מנחם,31.269307,34.772010
באר שבע,רפאל קלצ'קין,20,שכונת נווה מנחם,31.269417,34.771574
באר שבע,קלצ'קין רפאל,33,שכונת נווה מנחם,31.267532,34.769181
באר שבע,רפאל קלצ'קין,8,שכונת נווה מנחם,31.269779,34.772179
באר שבע,קלצ'קין רפאל,35,שכונת נווה מנחם,31.267435,34.769063
באר שבע,קלצ'קין רפאל,9,שכונת נווה מנחם,31.269192,34.771782
באר שבע,קלצ'קין רפאל,13,שכונת נווה מנחם,31.268949,34.771295
באר שבע,רפאל קלצ'קין,48,שכונת נווה מנחם,31.268484,34.770042
באר שבע,רפאל קלצ'קין,49,שכונת נווה מנחם,31.268144,34.768416
באר שבע,רפאל קלצ'קין,70,שכונת נווה מנחם,31.268155,34.768857
באר שבע,רפאל קלצ'קין,40,שכונת נווה מנחם,31.268688,34.770369
באר שבע,רפאל קלצ'קין,60,שכונת נווה מנחם,31.268141,34.769530
באר שבע,רפאל קלצ'קין,58,שכונת נווה מנחם,31.268267,34.769647
באר שבע,רפאל קלצ'קין,68,שכונת נווה מנחם,31.268140,34.768935
באר שבע,רפאל קלצ'קין,12,שכונת נווה מנחם,31.269646,34.772003
באר שבע,קלצ'קין רפאל,29,שכונת נווה מנחם,31.267829,34.769595
באר שבע,הנרי קנדל,10,שכונת עיר עתיקה,31.244975,34.783473
באר שבע,הנרי קנדל,4,שכונת עיר עתיקה,31.244407,34.784442
באר שבע,הנרי קנדל,6,שכונת עיר עתיקה,31.244721,34.784174
באר שבע,הנרי קנדל,3,שכונת עיר עתיקה,31.245084,34.784403
באר שבע,הנרי קנדל,8,שכונת עיר עתיקה,31.244794,34.783866
באר שבע,הנרי קנדל,5,שכונת עיר עתיקה,31.245259,34.784028
באר שבע,קפלן,12,שכונת א,31.249548,34.791020
באר שבע,קפלן,2,שכונת א,31.249185,34.791913
באר שבע,קפריסין,9,שכונת ה,31.253052,34.780164
באר שבע,קפריסין,28,שכונת ה,31.253407,34.778316
באר שבע,קפריסין,26,שכונת ה,31.253331,34.778433
באר שבע,קפריסין,16,שכונת ה,31.253332,34.779076
באר שבע,קפריסין,3,שכונת ה,31.253513,34.781260
באר שבע,קפריסין,24,שכונת ה,31.253237,34.778554
באר שבע,קפריסין,18,שכונת ה,31.253414,34.778796
באר שבע,קפריסין,10,שכונת ה,31.253384,34.780313
באר שבע,קפריסין,12,שכונת ה,31.253195,34.780126
באר שבע,קפריסין,22,שכונת ה,31.253162,34.778654
באר שבע,קפריסין,7,שכונת ה,31.253162,34.780554
באר שבע,אהרון קציר,35,שכונת רמות,31.272785,34.808467
באר שבע,אהרון קציר,67,שכונת רמות,31.273979,34.807481
באר שבע,אהרון קציר,1,שכונת רמות,31.271396,34.809133
באר שבע,אהרון קציר,33,שכונת רמות,31.272768,34.808524
באר שבע,אהרון קציר,11,שכונת רמות,31.271753,34.809030
באר שבע,אהרון קציר,29,שכונת רמות,31.272621,34.808648
באר שבע,אהרון קציר,13,שכונת רמות,31.271843,34.808996
באר שבע,אהרון קציר,36,שכונת רמות,31.273534,34.808220
באר שבע,אהרון קציר,14,שכונת רמות,31.271863,34.809429
באר שבע,אהרון קציר,37,שכונת רמות,31.272932,34.808396
באר שבע,אהרון קציר,28,שכונת רמות,31.273077,34.808595
באר שבע,אהרון קציר,49,שכונת רמות,31.273451,34.807978
באר שבע,אהרון קציר,2,שכונת רמות,31.271594,34.809483
באר שבע,אהרון קציר,15,שכונת רמות,31.271906,34.808951
באר שבע,אהרון קציר,8,שכונת רמות,31.271705,34.809923
באר שבע,אהרון קציר,4,שכונת רמות,31.271480,34.809695
באר שבע,אהרון קציר,44,שכונת רמות,31.273999,34.807861
באר שבע,אהרון קציר,10,שכונת רמות,31.271917,34.809761
באר שבע,אהרון קציר,12,שכונת רמות,31.272115,34.809551
באר שבע,אהרון קציר,6,שכונת רמות,31.271454,34.810044
באר שבע,אהרון קציר,25,שכונת רמות,31.272471,34.808746
באר שבע,אהרון קציר,18,שכונת רמות,31.272360,34.809263
באר שבע,אהרון קציר,43,שכונת רמות,31.273080,34.808231
באר שבע,גרטרוד קראוס,5,שכונת נאות לון,31.248781,34.756520
באר שבע,קרייתי,5,שכונת ג,31.256789,34.804794
באר שבע,קריתי,10,שכונת ג,31.257000,34.804300
באר שבע,קרייתי,6,שכונת ג,31.257069,34.804815
באר שבע,קרייתי,3,שכונת ג,31.256786,34.805061
באר שבע,קרייתי,8,שכונת ג,31.257047,34.804506
באר שבע,קרן היסוד,7,שכונת מרכז אזרחי,31.246311,34.800344
באר שבע,קרן היסוד,17,שכונת מרכז אזרחי,31.245336,34.800353
באר שבע,קרן היסוד,9,שכונת מרכז אזרחי,31.246198,34.800344
באר שבע,קרן היסוד,5,שכונת מרכז אזרחי,31.246453,34.800340
באר שבע,קרן היסוד,11,שכונת מרכז אזרחי,31.246060,34.800347
באר שבע,קרן היסוד,1,שכונת מרכז אזרחי,31.246715,34.800332
באר שבע,קרן היסוד,13,שכונת מרכז אזרחי,31.245868,34.800338
באר שבע,קרן היסוד,3,שכונת מרכז אזרחי,31.246600,34.800316
באר שבע,ראובן,21,שכונת עיר עתיקה,31.239013,34.782123
באר שבע,ראובן,23,שכונת עיר עתיקה,31.239200,34.782044
באר שבע,ראובן,22,שכונת עיר עתיקה,31.239450,34.781946
באר שבע,רב האי גאון,18,שכונת נאות לון,31.250132,34.760945
באר שבע,רבי טרפון,4,שכונת ד,31.259642,34.793261
באר שבע,רבי טרפון,6,שכונת ד,31.260009,34.793164
באר שבע,רבי עקיבא,11,שכונת ד,31.259061,34.792732
באר שבע,רבי עקיבא,64,שכונת ד,31.260589,34.790899
באר שבע,רבי עקיבא,42,שכונת ד,31.259325,34.791555
באר שבע,רבי עקיבא,3,שכונת ד,31.259043,34.794002
באר שבע,רבי עקיבא,70,שכונת ד,31.261311,34.790520
באר שבע,רבי עקיבא,10,שכונת ד,31.259334,34.793766
באר שבע,רבי עקיבא,68,שכונת ד,31.261081,34.790628
באר שבע,רבי עקיבא,4,שכונת ד,31.259359,34.794075
באר שבע,רבי עקיבא,72,שכונת ד,31.261564,34.790395
באר שבע,רבי עקיבא,5,שכונת ד,31.259043,34.793662
באר שבע,רבי עקיבא,66,שכונת ד,31.260833,34.790732
באר שבע,רבי עקיבא,12,שכונת ד,31.259352,34.793656
באר שבע,רבי עקיבא,7,שכונת ד,31.259046,34.793308
באר שבע,רבי עקיבא,78,שכונת ד,31.262133,34.790141
באר שבע,רבי עקיבא,16,שכונת ד,31.259358,34.793398
באר שבע,רבי עקיבא,76,שכונת ד,31.261919,34.790195
באר שבע,רבי עקיבא,8,שכונת ד,31.259356,34.793885
באר שבע,רבי עקיבא,6,שכונת ד,31.259336,34.793970
באר שבע,רבי עקיבא,14,שכונת ד,31.259336,34.793527
באר שבע,רבי עקיבא,74,שכונת ד,31.261732,34.790253
באר שבע,רבי עקיבא,18,שכונת ד,31.259333,34.793293
באר שבע,רבנו תם,50,שכונת ד,31.270985,34.783714
באר שבע,רבנו תם,16,שכונת ד,31.271199,34.785534
באר שבע,רבנו תם,8,שכונת ד,31.271323,34.786059
באר שבע,רבנו תם,60,שכונת ד,31.270514,34.783520
באר שבע,רבנו תם,48,שכונת ד,31.270937,34.783665
באר שבע,רבנו תם,24,שכונת ד,31.271135,34.785016
באר שבע,רבנו תם,45,שכונת ד,31.270673,34.784258
באר שבע,רבנו תם,46,שכונת ד,31.271010,34.783879
באר שבע,רבנו תם,6,שכונת ד,31.271382,34.786040
באר שבע,רבנו תם,38,שכונת ד,31.271065,34.784297
באר שבע,רבנו תם,42,שכונת ד,31.271026,34.784070
באר שבע,רבנו תם,31,שכונת ד,31.270775,34.784875
באר שבע,רבנו תם,30,שכונת ד,31.271089,34.784690
באר שבע,רבנו תם,35,שכונת ד,31.270722,34.784748
באר שבע,רבנו תם,19,שכונת ד,31.270987,34.786054
באר שבע,רבנו תם,25,שכונת ד,31.270935,34.785699
באר שבע,רבנו תם,27,שכונת ד,31.270870,34.785629
באר שבע,רבנו תם,5,שכונת ד,31.271427,34.786391
באר שבע,רבנו תם,32,שכונת ד,31.271042,34.784575
באר שבע,רבנו תם,15,שכונת ד,31.271035,34.786250
באר שבע,רבנו תם,21,שכונת ד,31.270972,34.785944
באר שבע,רבקה,2,שכונת נווה מנחם,31.267873,34.765092
באר שבע,רבקה,47,שכונת נווה מנחם,31.269913,34.762089
באר שבע,רבקה,51,שכונת נווה מנחם,31.270041,34.761926
באר שבע,רבקה,15,שכונת נווה מנחם,31.268516,34.763872
באר שבע,רבקה,14,שכונת נווה מנחם,31.268955,34.763847
באר שבע,רבקה,49,שכונת נווה מנחם,31.269974,34.761969
באר שבע,רבקה,30,שכונת נווה מנחם,31.269727,34.762937
באר שבע,רבקה,38,שכונת נווה מנחם,31.269941,34.762605
באר שבע,רבקה,33,שכונת נווה מנחם,31.269508,34.762658
באר שבע,רבקה,34,שכונת נווה מנחם,31.269841,34.762769
באר שבע,רבקה,19,שכונת נווה מנחם,31.268689,34.763788
באר שבע,רבקה,45,שכונת נווה מנחם,31.269881,34.762167
באר שבע,יצחק רגר,154,שכונת ד,31.270207,34.798296
באר שבע,יצחק רגר,109,שכונת ד,31.262969,34.797905
באר שבע,יצחק רגר,108,שכונת ד,31.264837,34.798391
באר שבע,יצחק רגר,145,שכונת ד,31.265082,34.797813
באר שבע,יצחק רגר,22,שכונת מרכז אזרחי,31.246386,34.797334
באר שבע,יצחק רגר,89,שכונת ד,31.261292,34.797827
באר שבע,יצחק רגר,144,שכונת ד,31.268550,34.798336
באר שבע,יצחק רגר,30,שכונת מרכז אזרחי,31.247962,34.798385
באר שבע,יצחק רגר,195,שכונת ד,31.272366,34.797611
באר שבע,יצחק רגר,117,שכונת ד,31.263702,34.797860
באר שבע,יצחק רגר,123,שכונת ד,31.263948,34.797852
באר שבע,יצחק רגר,28,שכונת מרכז אזרחי,31.247604,34.798499
באר שבע,יצחק רגר,177,שכונת ד,31.268726,34.797831
באר שבע,יצחק רגר,120,שכונת ד,31.265951,34.798374
באר שבע,יצחק רגר,171,שכונת ד,31.268471,34.797772
באר שבע,יצחק רגר,114,שכונת ד,31.265425,34.798341
באר שבע,יצחק רגר,137,שכונת ד,31.264790,34.797867
באר שבע,יצחק רגר,102,שכונת ד,31.264224,34.798398
באר שבע,יצחק רגר,138,שכונת ד,31.267993,34.798344
באר שבע,יצחק רגר,130,שכונת ד,31.267157,34.798457
באר שבע,יצחק רגר,129,שכונת ד,31.264185,34.797923
באר שבע,יצחק רגר,132,שכונת ד,31.267424,34.798308
באר שבע,יצחק רגר,187,שכונת ד,31.270762,34.797745
באר שבע,יצחק רגר,157,שכונת ד,31.267019,34.797852
באר שבע,יצחק רגר,53,שכונת ב,31.253806,34.798377
באר שבע,יצחק רגר,150,שכונת ד,31.269181,34.798400
באר שבע,יצחק רגר,57,שכונת ב,31.254636,34.798320
באר שבע,יצחק רגר,101,שכונת ד,31.262270,34.797946
באר שבע,יצחק רגר,189,שכונת ד,31.271829,34.797739
באר שבע,יצחק רגר,95,שכונת ד,31.261591,34.797877
באר שבע,יצחק רגר,169,שכונת ד,31.268165,34.797800
באר שבע,יצחק רגר,164,שכונת ד,31.271351,34.798271
באר שבע,"רד""ק",28,שכונת יא,31.256540,34.771420
באר שבע,"רד""ק",30,שכונת יא,31.256013,34.771894
באר שבע,"רד""ק",23,שכונת יא,31.256171,34.773106
באר שבע,"רד""ק",5,שכונת יא,31.257175,34.772937
באר שבע,"רד""ק",8,שכונת יא,31.257486,34.772600
באר שבע,"רד""ק",16,שכונת יא,31.256988,34.771925
באר שבע,"רד""ק",9,שכונת יא,31.257029,34.772785
באר שבע,"רד""ק",7,שכונת יא,31.257130,34.772837
באר שבע,"רד""ק",14,שכונת יא,31.257215,34.772171
באר שבע,"רד""ק",15,שכונת יא,31.256599,34.772614
באר שבע,"רד""ק",3,שכונת יא,31.257277,34.773000
באר שבע,"רד""ק",11,שכונת יא,31.256774,34.772801
באר שבע,"רד""ק",13,שכונת יא,31.256676,34.772734
באר שבע,חנה רובינא,45,שכונת נווה מנחם,31.269202,34.768297
באר שבע,חנה רובינא,28,שכונת נווה מנחם,31.269963,34.769014
באר שבע,חנה רובינא,13,שכונת נווה מנחם,31.270641,34.771321
באר שבע,רובינא חנה,22,שכונת נווה מנחם,31.270250,34.769667
באר שבע,חנה רובינא,1,שכונת נווה מנחם,31.270920,34.771976
באר שבע,חנה רובינא,23,שכונת נווה מנחם,31.270423,34.770843
באר שבע,חנה רובינא,21,שכונת נווה מנחם,31.270429,34.770919
באר שבע,חנה רובינא,41,שכונת נווה מנחם,31.269337,34.768454
באר שבע,חנה רובינא,14,שכונת נווה מנחם,31.270605,34.770335
באר שבע,חנה רובינא,44,שכונת נווה מנחם,31.269562,34.768248
באר שבע,חנה רובינא,32,שכונת נווה מנחם,31.269873,34.768832
באר שבע,חנה רובינא,43,שכונת נווה מנחם,31.269288,34.768453
באר שבע,שמואל רודנסקי,116,שכונת נווה מנחם,31.271381,34.768152
באר שבע,שמואל רודנסקי,51,שכונת נווה מנחם,31.271709,34.770589
באר שבע,שמואל רודנסקי,112,שכונת נווה מנחם,31.271448,34.768390
באר שבע,שמואל רודנסקי,44,שכונת נווה מנחם,31.271681,34.771887
באר שבע,שמואל רודנסקי,17,שכונת נווה מנחם,31.270586,34.772205
באר שבע,שמואל רודנסקי,13,שכונת נווה מנחם,31.270440,34.772355
באר שבע,שמואל רודנסקי,58,שכונת נווה מנחם,31.271919,34.771252
באר שבע,שמואל רודנסקי,79,שכונת נווה מנחם,31.271291,34.768872
באר שבע,שמואל רודנסקי,41,שכונת נווה מנחם,31.271631,34.771192
באר שבע,שמואל רודנסקי,88,שכונת נווה מנחם,31.271955,34.769600
באר שבע,שמואל רודנסקי,92,שכונת נווה מנחם,31.271866,34.769421
באר שבע,שמואל רודנסקי,8,שכונת נווה מנחם,31.270215,34.772869
באר שבע,שמואל רודנסקי,96,שכונת נווה מנחם,31.271774,34.769241
באר שבע,שמואל רודנסקי,39,שכונת נווה מנחם,31.271566,34.771256
באר שבע,שמואל רודנסקי,83,שכונת נווה מנחם,31.271226,34.768668
באר שבע,שמואל רודנסקי,15,שכונת נווה מנחם,31.270559,34.772304
באר שבע,שמואל רודנסקי,101,שכונת נווה מנחם,31.270850,34.767787
באר שבע,שמואל רודנסקי,108,שכונת נווה מנחם,31.271517,34.768533
באר שבע,שמואל רודנסקי,14,שכונת נווה מנחם,31.270474,34.772807
באר שבע,שמואל רודנסקי,4,שכונת נווה מנחם,31.270039,34.772944
באר שבע,שמואל רודנסקי,85,שכונת נווה מנחם,31.271212,34.768515
באר שבע,שמואל רודנסקי,76,שכונת נווה מנחם,31.272098,34.770230
באר שבע,שמואל רודנסקי,47,שכונת נווה מנחם,31.271711,34.770798
באר שבע,שמואל רודנסקי,6,שכונת נווה מנחם,31.270092,34.772911
באר שבע,שמואל רודנסקי,42,שכונת נווה מנחם,31.271610,34.772022
באר שבע,שמואל רודנסקי,69,שכונת נווה מנחם,31.271622,34.769671
באר שבע,שמואל רודנסקי,65,שכונת נווה מנחם,31.271710,34.769852
באר שבע,שמואל רודנסקי,48,שכונת נווה מנחם,31.271810,34.771712
באר שבע,שמואל רודנסקי,68,שכונת נווה מנחם,31.272045,34.770673
באר שבע,שמואל רודנסקי,10,שכונת נווה מנחם,31.270286,34.772850
באר שבע,שמואל רודנסקי,33,שכונת נווה מנחם,31.271528,34.771640
באר שבע,שמואל רודנסקי,120,שכונת נווה מנחם,31.271307,34.767980
באר שבע,שמואל רודנסקי,36,שכונת נווה מנחם,31.271425,34.772174
באר שבע,שמואל רודנסקי,80,שכונת נווה מנחם,31.272059,34.770000
באר שבע,פנחס רוזן,10,שכונת יא,31.262366,34.764447
באר שבע,פנחס רוזן,22,שכונת יא,31.261607,34.764068
באר שבע,פנחס רוזן,1,שכונת יא,31.262887,34.765126
באר שבע,פנחס רוזן,2,שכונת יא,31.262957,34.764960
באר שבע,פנחס רוזן,9,שכונת יא,31.262162,34.764571
באר שבע,פנחס רוזן,8,שכונת יא,31.262527,34.764595
באר שבע,פנחס רוזן,12,שכונת יא,31.262208,34.764321
באר שבע,הרצל רוזנבלום,15,שכונת נווה זאב,31.238080,34.766994
באר שבע,רוזנבלום הרצל,13,שכונת נווה זאב,31.237620,34.766650
באר שבע,רוטנברג,18,שכונת ד,31.259436,34.808248
באר שבע,רוטנברג,15,שכונת ג,31.258892,34.808400
באר שבע,רוטנברג,24,שכונת ד,31.259155,34.808024
באר שבע,רוטנברג,16,שכונת ד,31.259447,34.808405
באר שבע,רוטנברג,22,שכונת ד,31.259443,34.807908
באר שבע,רוטנברג,3,שכונת ד,31.258899,34.809023
באר שבע,רוטנברג,7,שכונת ד,31.259192,34.809018
באר שבע,רוטנברג,14,שכונת ד,31.259649,34.808645
באר שבע,רוטנברג,6,שכונת ד,31.259361,34.809286
באר שבע,רוטנברג,20,שכונת ד,31.259442,34.808093
באר שבע,רוטנברג,12,שכונת ד,31.259645,34.808788
באר שבע,רוטנברג,8,שכונת ד,31.259640,34.809139
באר שבע,רוטנברג,5,שכונת ד,31.259045,34.809021
באר שבע,רוטנברג,10,שכונת ד,31.259636,34.808964
באר שבע,רוטנשטרייך,10,שכונת רמות הרכס,31.280785,34.797604
באר שבע,רוטנשטרייך,12,שכונת רמות הרכס,31.280870,34.797727
באר שבע,רוטנשטרייך,9,שכונת רמות הרכס,31.280763,34.797036
באר שבע,רוטנשטרייך,8,שכונת רמות הרכס,31.280631,34.797561
באר שבע,רוטנשטרייך,6,שכונת רמות הרכס,31.280850,34.797960
באר שבע,רוטנשטרייך,13,שכונת רמות הרכס,31.281083,34.797406
באר שבע,רוטנשטרייך,17,שכונת רמות הרכס,31.281312,34.797339
באר שבע,רוטנשטרייך,21,שכונת רמות הרכס,31.281358,34.797251
באר שבע,רוטנשטרייך,11,שכונת רמות הרכס,31.280965,34.797114
באר שבע,רוטנשטרייך,5,שכונת רמות הרכס,31.280718,34.797179
באר שבע,רוטנשטרייך,35,שכונת רמות הרכס,31.282104,34.797158
באר שבע,רוטנשטרייך,31,שכונת רמות הרכס,31.281853,34.797201
באר שבע,רוטנשטרייך,19,שכונת רמות הרכס,31.281151,34.797217
באר שבע,רוטנשטרייך,29,שכונת רמות הרכס,31.281795,34.797306
באר שבע,רוטנשטרייך,15,שכונת רמות הרכס,31.281196,34.797512
באר שבע,רוטנשטרייך,7,שכונת רמות הרכס,31.280881,34.797323
באר שבע,רוטנשטרייך,2,שכונת רמות הרכס,31.280561,34.797807
באר שבע,דב רונאל,29,שכונת נווה זאב,31.240179,34.772019
באר שבע,דב רונאל,37,שכונת נווה זאב,31.239948,34.770564
באר שבע,רונאל דב,13,שכונת נווה זאב,31.240117,34.772663
באר שבע,דב רונאל,1,שכונת נווה זאב,31.240777,34.772706
באר שבע,דב רונאל,39,שכונת נווה זאב,31.239934,34.770278
באר שבע,דב רונאל,19,שכונת נווה זאב,31.240062,34.772402
באר שבע,רונאל דב,11,שכונת נווה זאב,31.240202,34.772762
באר שבע,דב רונאל,27,שכונת נווה זאב,31.240224,34.772118
באר שבע,אלפרד רוסי,3,שכונת ד,31.264437,34.794988
באר שבע,אלפרד רוסי,4,שכונת ד,31.264402,34.795295
באר שבע,אלפרד רוסי,1,שכונת ד,31.264214,34.794991
באר שבע,אלפרד רוסי,2,שכונת ד,31.264238,34.795684
באר שבע,ארתור רופין,19,שכונת יא,31.264384,34.768620
באר שבע,ארתור רופין,2,שכונת יא,31.263527,34.768294
באר שבע,ארתור רופין,22,שכונת יא,31.265178,34.769033
באר שבע,ארתור רופין,33,שכונת יא,31.265566,34.768288
באר שבע,ארתור רופין,48,שכונת יא,31.264756,34.766596
באר שבע,ארתור רופין,44,שכונת יא,31.265059,34.767018
באר שבע,ארתור רופין,52,שכונת יא,31.264399,34.766386
באר שבע,ארתור רופין,26,שכונת יא,31.265587,34.768822
באר שבע,ארתור רופין,32,שכונת יא,31.265844,34.768256
באר שבע,ארתור רופין,53,שכונת יא,31.264794,34.767497
באר שבע,ישראל רוקח,9,שכונת יא,31.262067,34.766797
באר שבע,ישראל רוקח,15,שכונת יא,31.262614,34.767291
באר שבע,ישראל רוקח,7,שכונת יא,31.261951,34.766537
באר שבע,ישראל רוקח,13,שכונת יא,31.262320,34.767038
באר שבע,ישראל רוקח,3,שכונת יא,31.262245,34.765966
באר שבע,ישראל רוקח,8,שכונת יא,31.261985,34.765575
באר שבע,ישראל רוקח,5,שכונת יא,31.262000,34.766116
באר שבע,רות,1,שכונת נווה מנחם,31.268547,34.766091
באר שבע,רות,3,שכונת נווה מנחם,31.268419,34.765905
באר שבע,רות,24,שכונת נווה מנחם,31.269451,34.765058
באר שבע,רות,18,שכונת נווה מנחם,31.269189,34.765321
באר שבע,רותם,17,שכונת נווה נוי,31.230024,34.795667
באר שבע,רותם,1,שכונת נווה נוי,31.230540,34.796755
באר שבע,רותם,47,שכונת נווה נוי,31.229284,34.793352
באר שבע,רותם,14,שכונת נווה נוי,31.230228,34.795644
באר שבע,רותם,48,שכונת נווה נוי,31.229501,34.792909
באר שבע,רותם,4,שכונת נווה נוי,31.230738,34.796415
באר שבע,רותם,10,שכונת נווה נוי,31.230386,34.795940
באר שבע,רותם,50,שכונת נווה נוי,31.229395,34.792657
באר שבע,רותם,35,שכונת נווה נוי,31.229454,34.794233
באר שבע,רותם,22,שכונת נווה נוי,31.229976,34.794942
באר שבע,רותם,37,שכונת נווה נוי,31.229455,34.794106
באר שבע,רותם,25,שכונת נווה נוי,31.229750,34.795036
באר שבע,רותם,24,שכונת נווה נוי,31.229937,34.794798
באר שבע,רותם,19,שכונת נווה נוי,31.229922,34.795532
באר שבע,רותם,42,,31.229562,34.793352
באר שבע,רותם,23,שכונת נווה נוי,31.229847,34.795307
באר שבע,רותם,29,שכונת נווה נוי,31.229633,34.794743
באר שבע,רותם,26,שכונת נווה נוי,31.229852,34.794583
באר שבע,רותם,2,שכונת נווה נוי,31.230681,34.796629
באר שבע,רותם,32,שכונת נווה נוי,31.229731,34.794279
באר שבע,רזיאל,1,שכונת ג,31.258125,34.810073
באר שבע,אלוף,27,שכונת רמות הרכס,31.284901,34.806650
באר שבע,רחבעם זאבי,13,שכונת רמות הרכס,31.284129,34.806845
באר שבע,רחבעם זאבי,18,שכונת רמות הרכס,31.285041,34.807030
באר שבע,רחל אימנו,24,שכונת נווה מנחם,31.270266,34.765208
באר שבע,רחל אימנו,16,שכונת נווה מנחם,31.269723,34.766173
באר שבע,רחל אימנו,49,שכונת נווה מנחם,31.270878,34.763685
באר שבע,רחל אימנו,42,שכונת נווה מנחם,31.271016,34.764600
באר שבע,רחל אימנו,20,שכונת נווה מנחם,31.269798,34.765686
באר שבע,רחל אימנו,62,שכונת נווה מנחם,31.271782,34.763273
באר שבע,רחל אימנו,1,שכונת נווה מנחם,31.268834,34.766024
באר שבע,רחל אימנו,45,שכונת נווה מנחם,31.270757,34.763874
באר שבע,רחל אימנו,8,שכונת נווה מנחם,31.269235,34.766586
באר שבע,רחל אימנו,9,שכונת נווה מנחם,31.269154,34.765807
באר שבע,רחל אימנו,43,שכונת נווה מנחם,31.270751,34.763955
באר שבע,רחל אימנו,4,שכונת נווה מנחם,31.268859,34.766634
באר שבע,רחל אימנו,18,שכונת נווה מנחם,31.270061,34.765817
באר שבע,רחל אימנו,2,שכונת נווה מנחם,31.268888,34.766391
באר שבע,רחל אימנו,14,שכונת נווה מנחם,31.269207,34.766177
באר שבע,רחל אימנו,12,שכונת נווה מנחם,31.269381,34.766210
באר שבע,רחל אימנו,10,שכונת נווה מנחם,31.269429,34.766438
באר שבע,רחל אימנו,37,שכונת נווה מנחם,31.270510,34.764190
באר שבע,רחל אימנו,6,שכונת נווה מנחם,31.269039,34.766700
באר שבע,רחל אימנו,21,שכונת נווה מנחם,31.269574,34.765342
באר שבע,רחל אימנו,64,שכונת נווה מנחם,31.271586,34.763344
באר שבע,רחל אימנו,54,שכונת נווה מנחם,31.271583,34.763805
באר שבע,רחל אימנו,13,שכונת נווה מנחם,31.269294,34.765688
באר שבע,רחל אימנו,56,שכונת נווה מנחם,31.271728,34.763700
באר שבע,רחל אימנו,58,שכונת נווה מנחם,31.271848,34.763524
באר שבע,רחל אימנו,40,שכונת נווה מנחם,31.270851,34.764453
באר שבע,רחל אימנו,39,שכונת נווה מנחם,31.270644,34.764120
באר שבע,רחל אימנו,44,שכונת נווה מנחם,31.271183,34.764421
באר שבע,רחל אימנו,46,שכונת נווה מנחם,31.271025,34.764072
באר שבע,רחל המשוררת,4,שכונת ב,31.253531,34.793493
באר שבע,רחל המשוררת,13,שכונת ב,31.253726,34.794024
באר שבע,איזידור ריבי,11,שכונת רמות,31.273811,34.801208
באר שבע,איזידור ריבי,12,שכונת רמות,31.273340,34.800912
באר שבע,רפאל רייס,15,שכונת נחל בקע,31.226146,34.778509
באר שבע,רפאל רייס,16,שכונת נחל בקע,31.226173,34.778768
באר שבע,רפאל רייס,18,שכונת נחל בקע,31.226245,34.778788
באר שבע,רפאל רייס,6,שכונת נחל בקע,31.225710,34.778936
באר שבע,רפאל רייס,4,שכונת נחל בקע,31.225626,34.778928
באר שבע,רפאל רייס,11,שכונת נחל בקע,31.225983,34.778560
באר שבע,חביבה רייק,1,שכונת ג,31.256568,34.807877
באר שבע,חביבה רייק,10,שכונת ג,31.257799,34.808472
באר שבע,חביבה רייק,6,שכונת ג,31.257297,34.808290
באר שבע,חביבה רייק,15,שכונת ג,31.257359,34.807860
באר שבע,חביבה רייק,12,שכונת ג,31.258113,34.808499
באר שבע,חביבה רייק,25,שכונת ג,31.257949,34.808039
באר שבע,חביבה רייק,8,שכונת ג,31.257571,34.808332
באר שבע,חביבה רייק,4,שכונת ג,31.257010,34.808197
באר שבע,רימון,61,שכונת רמות הרכס,31.286471,34.799034
באר שבע,רימון,67,שכונת רמות הרכס,31.286448,34.798685
באר שבע,רימון,60,שכונת רמות הרכס,31.286710,34.798946
באר שבע,רימון,63,שכונת רמות הרכס,31.286460,34.798938
באר שבע,רימון,49,שכונת רמות הרכס,31.286527,34.799901
באר שבע,רימון,52,שכונת רמות הרכס,31.286796,34.799564
באר שבע,אלימלך רימלט,13,שכונת יא,31.261802,34.765263
באר שבע,אלימלך רימלט,14,שכונת יא,31.261920,34.765341
באר שבע,אלימלך רימלט,2,שכונת יא,31.261446,34.766067
באר שבע,אלימלך רימלט,1,שכונת יא,31.261352,34.765969
באר שבע,רינגלבלום,20,שכונת ד,31.267476,34.800769
באר שבע,רינגלבלום,1,שכונת ד,31.266248,34.799035
באר שבע,רינגלבלום,11,שכונת ד,31.267066,34.800120
באר שבע,רינגלבלום,72,שכונת ד,31.268894,34.800818
באר שבע,רינגלבלום,7,שכונת ד,31.266294,34.799733
באר שבע,רינגלבלום,9,שכונת ד,31.266345,34.800127
באר שבע,רינגלבלום,33,שכונת ד,31.268772,34.799621
באר שבע,רינגלבלום,5,שכונת ד,31.266295,34.799394
באר שבע,רינגלבלום,35,שכונת ד,31.268747,34.799493
באר שבע,רינגלבלום,25,שכונת ד,31.268374,34.800159
באר שבע,רינגלבלום,43,שכונת ד,31.268789,34.798851
באר שבע,רינגלבלום,114,שכונת ד,31.269484,34.799364
באר שבע,רינגלבלום,21,שכונת ד,31.268043,34.800163
באר שבע,רינגלבלום,45,שכונת ד,31.268910,34.798852
באר שבע,רינגלבלום,84,שכונת ד,31.269191,34.800911
באר שבע,רינגלבלום,39,שכונת ד,31.268751,34.799149
באר שבע,רינגלבלום,100,שכונת ד,31.269327,34.799811
באר שבע,רינגלבלום,112,שכונת ד,31.269597,34.799805
באר שבע,רינגלבלום,17,שכונת ד,31.267738,34.800150
באר שבע,רינגלבלום,37,שכונת ד,31.268770,34.799356
באר שבע,רינגלבלום,78,שכונת ד,31.268968,34.800939
באר שבע,רינגלבלום,41,שכונת ד,31.269049,34.799123
באר שבע,רינגלבלום,126,שכונת ד,31.269555,34.798823
באר שבע,רינגלבלום,86,שכונת ד,31.269011,34.800533
באר שבע,רינגלבלום,19,שכונת ד,31.267899,34.800166
באר שבע,רינגלבלום,3,שכונת ד,31.266608,34.799395
באר שבע,רינגלבלום,44,שכונת ד,31.267959,34.800574
באר שבע,רינגלבלום,128,שכונת ד,31.269630,34.798446
באר שבע,רינגלבלום,49,שכונת ד,31.269177,34.798853
באר שבע,רינגלבלום,15,שכונת ד,31.267577,34.800173
באר שבע,רינגלבלום,48,שכונת ד,31.268015,34.800843
באר שבע,רינגלבלום,47,שכונת ד,31.269048,34.798848
באר שבע,רינגלבלום,13,שכונת ד,31.267459,34.800145
באר שבע,רינגלבלום,62,שכונת ד,31.268503,34.800607
באר שבע,רינגלבלום,2,שכונת ד,31.266277,34.800636
באר שבע,"רמב""ם",52,שכונת עיר עתיקה,31.244759,34.788157
באר שבע,"רמב""ם",60,שכונת עיר עתיקה,31.244582,34.786877
באר שבע,"רמב""ם",48,שכונת עיר עתיקה,31.244558,34.787539
באר שבע,"רמב""ם",34,שכונת עיר עתיקה,31.244369,34.788606
באר שבע,"רמב""ם",38,שכונת עיר עתיקה,31.244581,34.788780
באר שבע,"רמב""ם",36,שכונת עיר עתיקה,31.244429,34.788350
באר שבע,"רמב""ם",50,שכונת עיר עתיקה,31.244611,34.787323
באר שבע,"רמב""ם",59,שכונת עיר עתיקה,31.244132,34.786542
באר שבע,"רמב""ם",40,שכונת עיר עתיקה,31.244626,34.788555
באר שבע,"רמב""ם",46,שכונת עיר עתיקה,31.244514,34.787743
באר שבע,"רמב""ן",24,שכונת ד,31.271757,34.785128
באר שבע,"רמב""ן",90,שכונת ד,31.270226,34.782624
באר שבע,"רמב""ן",78,שכונת ד,31.270913,34.782123
באר שבע,"רמב""ן",76,שכונת ד,31.271113,34.782103
באר שבע,"רמב""ן",80,שכונת ד,31.270765,34.782275
באר שבע,"רמב""ן",39,שכונת ד,31.271312,34.784143
באר שבע,"רמב""ן",60,שכונת ד,31.271469,34.782720
באר שבע,"רמב""ן",84,שכונת ד,31.270792,34.782607
באר שבע,"רמב""ן",82,שכונת ד,31.270957,34.782691
באר שבע,"רמב""ן",86,שכונת ד,31.270567,34.782601
באר שבע,"רמב""ן",46,שכונת ד,31.271605,34.783649
באר שבע,"רמב""ן",45,שכונת ד,31.271247,34.783879
באר שבע,"רמב""ן",6,שכונת ד,31.271935,34.786229
באר שבע,"רמב""ן",66,שכונת ד,31.271481,34.782448
באר שבע,"רמב""ן",74,שכונת ד,31.271268,34.781966
באר שבע,"רמב""ן",48,שכונת ד,31.271527,34.783351
באר שבע,"רמב""ן",70,שכונת ד,31.271428,34.782260
באר שבע,"רמב""ן",72,שכונת ד,31.271439,34.782096
באר שבע,"רמב""ן",53,שכונת ד,31.271275,34.783364
באר שבע,"רמב""ן",43,שכונת ד,31.271258,34.783933
באר שבע,"רמב""ן",59,שכונת ד,31.271197,34.783076
באר שבע,"רמב""ן",3,שכונת ד,31.271739,34.786398
באר שבע,"רמב""ן",15,שכונת ד,31.271452,34.785469
באר שבע,"רמב""ן",42,שכונת ד,31.271609,34.784067
באר שבע,"רמב""ן",69,שכונת ד,31.270543,34.783071
באר שבע,"רמב""ן",26,שכונת ד,31.271693,34.784865
באר שבע,"רמב""ן",28,שכונת ד,31.271703,34.784766
באר שבע,"רמח""ל",4,שכונת ב,31.257118,34.791500
באר שבע,"רמח""ל",1,שכונת ב,31.257399,34.791798
באר שבע,"רמח""ל",7,שכונת ב,31.256665,34.791753
באר שבע,"רמח""ל",6,שכונת ב,31.256872,34.791531
באר שבע,"רמח""ל",5,שכונת ב,31.256922,34.791703
באר שבע,"רמח""ל",3,שכונת ב,31.257155,34.791803
באר שבע,"רמח""ל",8,שכונת ב,31.256657,34.791473
באר שבע,רמלה,33,שכונת נאות לון,31.242006,34.765596
באר שבע,רמלה,22,שכונת נאות לון,31.241882,34.765259
באר שבע,רמלה,31,שכונת נאות לון,31.242179,34.765593
באר שבע,רמלה,3,שכונת ט,31.243229,34.765680
באר שבע,רמלה,15,שכונת ט,31.242428,34.766043
באר שבע,יואל רקח,1,שכונת רמות,31.272787,34.806902
באר שבע,"רש""י",102,שכונת ד,31.268079,34.789116
באר שבע,"רש""י",80,שכונת ד,31.268027,34.788589
באר שבע,"רש""י",20,שכונת ד,31.268155,34.787353
באר שבע,"רש""י",17,שכונת ד,31.268964,34.789003
באר שבע,"רש""י",13,שכונת ד,31.268869,34.788793
באר שבע,"רש""י",11,שכונת ד,31.268824,34.788677
באר שבע,"רש""י",15,שכונת ד,31.268917,34.788916
באר שבע,"רש""י",7,שכונת ד,31.268337,34.788290
באר שבע,"רש""י",5,שכונת ד,31.268341,34.788003
באר שבע,"רש""י",25,שכונת ד,31.269281,34.789612
באר שבע,"רש""י",3,שכונת ד,31.268420,34.787689
באר שבע,"רש""י",66,שכונת ד,31.267894,34.788214
באר שבע,"רש""י",12,שכונת ד,31.268316,34.787278
באר שבע,"רש""י",36,שכונת ד,31.268020,34.787696
באר שבע,"רש""י",104,שכונת ד,31.268223,34.789117
באר שבע,"רש""י",96,שכונת ד,31.268167,34.788914
באר שבע,"רש""ל",9,שכונת רמות הרכס,31.284392,34.797921
באר שבע,"רש""ל",11,שכונת רמות הרכס,31.284558,34.797629
באר שבע,"רש""ל",13,שכונת רמות הרכס,31.284666,34.797759
באר שבע,"רש""ל",4,שכונת רמות הרכס,31.283475,34.798390
באר שבע,"רשב""א",2,שכונת ו,31.267439,34.781955
באר שבע,"רשב""א",4,שכונת ו,31.267529,34.782030
באר שבע,"רשב""א",6,שכונת ו,31.267630,34.782093
באר שבע,"רשב""א",8,שכונת ו,31.267669,34.782183
באר שבע,שאול המלך,87,שכונת ו,31.262598,34.778309
באר שבע,שאול המלך,135,שכונת יא,31.258730,34.770001
באר שבע,שאול המלך,71,שכונת ו,31.263084,34.779998
באר שבע,שאול המלך,4,שכונת ד,31.264349,34.786803
באר שבע,שאול המלך,6,שכונת ו,31.264343,34.785918
באר שבע,שאול המלך,109,שכונת ו,31.261376,34.774642
באר שבע,שאול המלך,153,שכונת יא,31.256460,34.767803
באר שבע,שאול המלך,111,שכונת ו,31.261388,34.774518
באר שבע,שאול המלך,143,שכונת יא,31.257216,34.768404
באר שבע,שאול המלך,49,שכונת ו,31.263363,34.782259
באר שבע,שאול המלך,17,שכונת ו,31.263937,34.786113
באר שבע,שאול המלך,131,שכונת יא,31.259226,34.770655
באר שבע,שאול המלך,95,שכונת ו,31.261770,34.776140
באר שבע,שאול המלך,20,שכונת ו,31.263965,34.783207
באר שבע,שאול המלך,137,שכונת יא,31.257979,34.769118
באר שבע,שאול המלך,34,שכונת ו,31.263448,34.780007
באר שבע,שאול המלך,10,שכונת ו,31.264176,34.784677
באר שבע,שאול המלך,161,שכונת יא,31.255907,34.767348
באר שבע,שאול המלך,145,שכונת יא,31.257104,34.768297
באר שבע,שאול המלך,139,שכונת יא,31.257448,34.768626
באר שבע,שאול המלך,33,שכונת ו,31.263756,34.784293
באר שבע,שאול המלך,11,שכונת ד,31.263990,34.786821
באר שבע,שאול המלך,129,שכונת יא,31.259720,34.771380
באר שבע,שאול המלך,22,שכונת ו,31.263737,34.781998
באר שבע,שאול המלך,93,שכונת ו,31.261955,34.776321
באר שבע,שאול המלך,26,שכונת ו,31.263684,34.781653
באר שבע,שאול המלך,89,שכונת ו,31.262299,34.777445
באר שבע,שאול המלך,163,שכונת יא,31.255779,34.767312
באר שבע,שאול המלך,65,שכונת ו,31.263170,34.780437
באר שבע,שאול המלך,149,שכונת יא,31.256802,34.767928
באר שבע,שאול המלך,147,שכונת יא,31.256925,34.768001
באר שבע,שאול המלך,125,שכונת יא,31.259732,34.772308
באר שבע,שאול המלך,18,שכונת ו,31.263975,34.783348
באר שבע,שאול המלך,157,שכונת יא,31.256188,34.767660
באר שבע,שאול המלך,67,שכונת ו,31.263125,34.780287
באר שבע,שאול המלך,85,שכונת ו,31.262872,34.779183
באר שבע,שאול המלך,69,שכונת ו,31.263127,34.780160
באר שבע,שאול המלך,15,שכונת ו,31.263933,34.786355
באר שבע,שאול המלך,24,שכונת ו,31.263713,34.781824
באר שבע,שאול המלך,16,שכונת ו,31.264001,34.783525
באר שבע,שאול המלך,165,שכונת יא,31.255666,34.767245
באר שבע,שאול המלך,51,שכונת ו,31.263399,34.782054
באר שבע,שאול המלך,155,שכונת יא,31.256324,34.767723
באר שבע,שאול המלך,32,שכונת ו,31.263472,34.780196
באר שבע,שאול המלך,47,שכונת ו,31.263448,34.782429
באר שבע,שאול המלך,36,שכונת ו,31.263409,34.779793
באר שבע,שאול המלך,141,שכונת יא,31.257327,34.768469
באר שבע,שאול המלך,27,שכונת ו,31.263849,34.785014
באר שבע,שאול המלך,19,שכונת ו,31.263917,34.785906
באר שבע,שאול המלך,101,שכונת ו,31.261603,34.775292
באר שבע,שאול המלך,151,שכונת יא,31.256683,34.767833
באר שבע,שאול המלך,5,שכונת ד,31.263960,34.787153
באר שבע,שאול המלך,38,שכונת ו,31.263233,34.778586
באר שבע,שאול המלך,159,שכונת יא,31.256076,34.767562
באר שבע,שאול המלך,127,שכונת יא,31.259898,34.771628
באר שבע,שאול המלך,3,שכונת ד,31.263920,34.787191
באר שבע,שאר ישוב,9,שכונת ה,31.251908,34.782099
באר שבע,שאר ישוב,7,שכונת ה,31.252099,34.782106
באר שבע,שאר ישוב,12,שכונת ה,31.251650,34.781930
באר שבע,שאר ישוב,11,שכונת ה,31.251650,34.782101
באר שבע,שאר ישוב,8,שכונת ה,31.252151,34.781942
באר שבע,שבזי,13,שכונת א,31.248222,34.796472
באר שבע,שבזי,11,שכונת א,31.248306,34.796265
באר שבע,יצחק שדה,9,שכונת עיר עתיקה,31.242201,34.782643
באר שבע,יצחק שדה,20,שכונת עיר עתיקה,31.242283,34.783153
באר שבע,יצחק שדה,6,שכונת עיר עתיקה,31.241347,34.782255
באר שבע,יצחק שדה,14,שכונת עיר עתיקה,31.241864,34.782759
באר שבע,יצחק שדה,4,שכונת עיר עתיקה,31.241207,34.782182
באר שבע,שולמית,5,שכונת נווה מנחם,31.266556,34.764263
באר שבע,שולמית,3,שכונת נווה מנחם,31.266235,34.764050
באר שבע,שולמית,1,שכונת נווה מנחם,31.266004,34.764306
באר שבע,שומרון,52,שכונת נאות לון,31.247989,34.765971
באר שבע,שומרון,62,שכונת נאות לון,31.245845,34.765583
באר שבע,שומרון,47,שכונת נאות לון,31.248548,34.766440
באר שבע,שומרון,70,שכונת נאות לון,31.245048,34.765580
באר שבע,שומרון,44,שכונת נאות לון,31.248610,34.766036
באר שבע,שומרון,41,שכונת נאות לון,31.249033,34.766569
באר שבע,שומרון,67,שכונת נאות לון,31.245836,34.766115
באר שבע,שועלי שמשון,10,שכונת ג,31.256364,34.804349
באר שבע,שועלי שמשון,5,שכונת ג,31.256095,34.804873
באר שבע,שועלי שמשון,8,שכונת ג,31.256380,34.804538
באר שבע,שועלי שמשון,2,שכונת ג,31.256375,34.805217
באר שבע,גרשון שופמן,6,שכונת נווה זאב,31.238647,34.774649
באר שבע,גרשון שופמן,1,שכונת נווה זאב,31.237784,34.775633
באר שבע,גרשון שופמן,9,שכונת נווה זאב,31.238419,34.774384
באר שבע,גרשון שופמן,3,שכונת נווה זאב,31.237906,34.775177
באר שבע,גרשון שופמן,4,שכונת נווה זאב,31.238048,34.775648
באר שבע,שופמן גרשון,2,שכונת נווה זאב,31.237987,34.775839
באר שבע,שופמן גרשון,4,שכונת נווה זאב,31.238048,34.775648
באר שבע,שושנה דמארי,11,שכונת קרית פנחס איילון,32.007959,34.775600
באר שבע,שושנה דמארי,25,שכונת קרית פנחס איילון,32.007195,34.774657
באר שבע,שושנה דמארי,8,שכונת נווה זמר,32.194563,34.871725
באר שבע,שושנה דמארי,13,שכונת קרית פנחס איילון,32.007903,34.775528
באר שבע,"זלמן שז""ר",5,שכונת מרכז אזרחי,31.247981,34.803202
באר שבע,"זלמן שז""ר",9,שכונת מרכז אזרחי,31.248218,34.803284
באר שבע,"זלמן שז""ר",33,שכונת מרכז אזרחי,31.246348,34.804486
באר שבע,"זלמן שז""ר",7,שכונת מרכז אזרחי,31.247911,34.803471
באר שבע,"שח""ל",19,שכונת א,31.244907,34.794758
באר שבע,"שח""ל",18,שכונת א,31.244838,34.793111
באר שבע,"שח""ל",13,שכונת א,31.245612,34.795236
באר שבע,"שח""ל",8,שכונת א,31.245574,34.795013
באר שבע,"שח""ל",38,שכונת א,31.246086,34.790807
באר שבע,"שח""ל",15,שכונת א,31.245341,34.795192
באר שבע,"שח""ל",27,שכונת א,31.244602,34.793707
באר שבע,"שח""ל",23,שכונת א,31.244691,34.794241
באר שבע,"שח""ל",53,שכונת א,31.245856,34.790309
באר שבע,"שח""ל",24,שכונת א,31.245189,34.792345
באר שבע,"שח""ל",36,שכונת א,31.245724,34.790637
באר שבע,"שח""ל",41,שכונת א,31.245186,34.791685
באר שבע,"שח""ל",25,שכונת א,31.244547,34.794042
באר שבע,"שח""ל",9,שכונת א,31.246120,34.795386
באר שבע,"שח""ל",2,שכונת א,31.246242,34.795249
באר שבע,"שח""ל",55,שכונת א,31.246172,34.790481
באר שבע,"שח""ל",29,שכונת א,31.244630,34.793405
באר שבע,"שח""ל",47,שכונת א,31.245517,34.790822
באר שבע,"שח""ל",49,שכונת א,31.245613,34.790518
באר שבע,"שח""ל",39,שכונת א,31.245018,34.791917
באר שבע,"שח""ל",30,שכונת א,31.245515,34.791505
באר שבע,"שח""ל",31,שכונת א,31.244592,34.793098
באר שבע,"שח""ל",11,שכונת א,31.245839,34.795294
באר שבע,"שח""ל",6,שכונת א,31.245876,34.795131
באר שבע,"שח""ל",3,שכונת א,31.246543,34.795364
באר שבע,שיטה,22,שכונת נווה נוי,31.232406,34.790892
באר שבע,שיטה,24,שכונת נווה נוי,31.232424,34.790998
באר שבע,שיטה,37,שכונת נווה נוי,31.230859,34.791468
באר שבע,שיטה,38,שכונת נווה נוי,31.231342,34.791035
באר שבע,שיטה,18,שכונת נווה נוי,31.232809,34.791013
באר שבע,שיטה,7,שכונת נווה נוי,31.233690,34.791372
באר שבע,שיטה,51,שכונת נווה נוי,31.230013,34.791790
באר שבע,שיטה,11,שכונת נווה נוי,31.233280,34.791352
באר שבע,שיטה,32,שכונת נווה נוי,31.231750,34.790972
באר שבע,שיטה,29,שכונת נווה נוי,31.231730,34.791246
באר שבע,שיטה,15,שכונת נווה נוי,31.233017,34.791333
באר שבע,ריכרד שטיין,9,שכונת ו,31.265730,34.771144
באר שבע,ריכרד שטיין,38,שכונת ו,31.266748,34.769294
באר שבע,ריכרד שטיין,1,שכונת ו,31.266574,34.771634
באר שבע,ריכרד שטיין,3,שכונת ו,31.266278,34.771499
באר שבע,ריכרד שטיין,5,שכונת ו,31.265919,34.771437
באר שבע,ריכרד שטיין,43,שכונת ו,31.265549,34.769602
באר שבע,ריכרד שטיין,51,שכונת ו,31.265877,34.769413
באר שבע,ריכרד שטיין,37,שכונת ו,31.265274,34.769712
באר שבע,ריכרד שטיין,8,שכונת ו,31.266074,34.770914
באר שבע,ריכרד שטיין,14,שכונת ו,31.265631,34.770312
באר שבע,יהודה שטיינברג,36,שכונת ו,31.268269,34.771592
באר שבע,יהודה שטיינברג,21,שכונת ו,31.268313,34.772384
באר שבע,יהודה שטיינברג,1,שכונת ו,31.267725,34.772696
באר שבע,יהודה שטיינברג,2,שכונת ו,31.267533,34.773041
באר שבע,יהודה שטיינברג,8,שכונת ו,31.268450,34.773341
באר שבע,יהודה שטיינברג,44,שכונת ו,31.268035,34.771271
באר שבע,יהודה שטיינברג,4,שכונת ו,31.267867,34.773545
באר שבע,יהודה שטיינברג,12,שכונת ו,31.268839,34.772769
באר שבע,יהודה שטיינברג,52,שכונת ו,31.267815,34.770936
באר שבע,יהודה שטיינברג,62,שכונת ו,31.267505,34.770504
באר שבע,יהודה שטיינברג,48,שכונת ו,31.267926,34.771101
באר שבע,יהודה שטיינברג,20,שכונת ו,31.268657,34.772315
באר שבע,יהודה שטיינברג,6,שכונת ו,31.268103,34.773151
באר שבע,יהודה שטיינברג,10,שכונת ו,31.268447,34.772929
באר שבע,יהודה שטיינברג,16,שכונת ו,31.268743,34.772504
באר שבע,יהודה שטיינברג,58,שכונת ו,31.267616,34.770682
באר שבע,יהודה שטיינברג,46,שכונת ו,31.267955,34.771159
באר שבע,יהודה שטיינברג,19,שכונת ו,31.268336,34.772456
באר שבע,יהודה שטיינברג,60,שכונת ו,31.267591,34.770607
באר שבע,שטרוק,6,שכונת ב,31.253496,34.789540
באר שבע,שטרוק,5,שכונת ב,31.253498,34.789252
באר שבע,שטרוק,8,שכונת ב,31.253776,34.789579
באר שבע,שטרוק,4,שכונת ב,31.253291,34.789562
באר שבע,שטרוק,3,שכונת ב,31.253255,34.789283
באר שבע,יוסף שטרן,7,שכונת רמות הרכס,31.279965,34.800024
באר שבע,יוסף שטרן,3,,31.280059,34.801270
באר שבע,שיזף,53,שכונת נווה נוי,31.231273,34.788605
באר שבע,שיזף,52,,31.231402,34.788245
באר שבע,שיזף,51,שכונת נווה נוי,31.231388,34.788746
באר שבע,שיזף,70,שכונת נווה נוי,31.230271,34.787649
באר שבע,שיזף,66,,31.230559,34.787743
באר שבע,שיזף,63,שכונת נווה נוי,31.230723,34.788109
באר שבע,שיזף,69,,31.230210,34.787927
באר שבע,שיזף,4,שכונת נווה נוי,31.232381,34.792937
באר שבע,שיזף,6,שכונת נווה נוי,31.232537,34.792756
באר שבע,שיזף,44,,31.231661,34.788837
באר שבע,שיזף,54,שכונת נווה נוי,31.231245,34.788193
באר שבע,שיזף,33,שכונת נווה נוי,31.231722,34.790144
באר שבע,שיזף,56,שכונת נווה נוי,31.231210,34.788083
באר שבע,שיזף,7,שכונת נווה נוי,31.231941,34.792758
באר שבע,שיזף,10,שכונת נווה נוי,31.232325,34.792355
באר שבע,שיזף,31,שכונת נווה נוי,31.231786,34.790284
באר שבע,שיזף,36,שכונת נווה נוי,31.231894,34.789368
באר שבע,שיזף,59,שכונת נווה נוי,31.231005,34.788275
באר שבע,שיזף,19,שכונת נווה נוי,31.231886,34.791845
באר שבע,שיזף,62,שכונת נווה נוי,31.230793,34.787854
באר שבע,שיזף,45,שכונת נווה נוי,31.231601,34.789241
באר שבע,שיזף,57,שכונת נווה נוי,31.231054,34.788370
באר שבע,שיזף,50,,31.231426,34.788395
באר שבע,שיטרית,11,שכונת יא,31.254011,34.765950
באר שבע,שיטרית,1,שכונת יא,31.255033,34.765974
באר שבע,שיטרית,31,שכונת יא,31.254232,34.763431
באר שבע,שיטרית,15,שכונת יא,31.253806,34.765419
באר שבע,שיטרית,69,שכונת יא,31.255755,34.761926
באר שבע,שיטרית,28,שכונת יא,31.254534,34.763336
באר שבע,שיטרית,23,שכונת יא,31.254045,34.764133
באר שבע,שיטרית,3,שכונת יא,31.254998,34.766204
באר שבע,שיטרית,13,שכונת יא,31.253929,34.765641
באר שבע,שיטרית,22,שכונת יא,31.254390,34.763847
באר שבע,שיטרית,59,שכונת יא,31.254888,34.761603
באר שבע,שיטרית,5,שכונת יא,31.254679,34.766109
באר שבע,שיטרית,9,שכונת יא,31.254189,34.765982
באר שבע,שיטרית,7,שכונת יא,31.254485,34.766098
באר שבע,שיטרית,67,שכונת יא,31.255596,34.762299
באר שבע,שיטרית,40,שכונת יא,31.254887,34.762290
באר שבע,שיטרית,14,שכונת יא,31.254216,34.764510
באר שבע,שיטרית,21,שכונת יא,31.253995,34.764316
באר שבע,שיטרית,32,שכונת יא,31.254569,34.762942
באר שבע,שיטרית,20,שכונת יא,31.254370,34.764020
באר שבע,אוסקר שינדלר,6,שכונת רמות הרכס,31.282496,34.802109
באר שבע,אוסקר שינדלר,18,שכונת רמות הרכס,31.282977,34.800881
באר שבע,אוסקר שינדלר,10,שכונת רמות הרכס,31.282573,34.801448
באר שבע,אוסקר שינדלר,36,שכונת רמות הרכס,31.283011,34.798035
באר שבע,אוסקר שינדלר,32,שכונת רמות הרכס,31.283252,34.798633
באר שבע,יצחק שיפר,19,שכונת ד,31.271047,34.798941
באר שבע,יצחק שיפר,1,שכונת ד,31.271517,34.798525
באר שבע,יצחק שיפר,17,שכונת ד,31.271196,34.798660
באר שבע,שיפר יצחק,6,שכונת ד,31.270740,34.799195
באר שבע,יצחק שיפר,23,שכונת ד,31.270953,34.799519
באר שבע,שיפר יצחק,10,שכונת ד,31.270748,34.799486
באר שבע,יצחק שיפר,21,שכונת ד,31.271235,34.799204
באר שבע,שיפר יצחק,12,שכונת ד,31.270733,34.799640
באר שבע,שיפר יצחק,8,שכונת ד,31.270719,34.799357
באר שבע,שיפר יצחק,13,שכונת ד,31.270920,34.798483
באר שבע,שיפר יצחק,11,שכונת ד,31.270929,34.798316
באר שבע,שיפר יצחק,15,שכונת ד,31.270931,34.798659
באר שבע,שיפר יצחק,4,שכונת ד,31.270723,34.799027
באר שבע,יצחק שיפר,2,שכונת ד,31.270702,34.798736
באר שבע,חיים שירמן,25,שכונת רמות,31.272887,34.805551
באר שבע,חיים שירמן,15,שכונת רמות,31.272632,34.805056
באר שבע,חיים שירמן,27,שכונת רמות,31.272934,34.805568
באר שבע,חיים שירמן,33,שכונת רמות,31.273079,34.805878
באר שבע,חיים שירמן,37,שכונת רמות,31.273118,34.806080
באר שבע,חיים שירמן,29,שכונת רמות,31.272956,34.805757
באר שבע,חיים שירמן,10,שכונת רמות,31.272242,34.804933
באר שבע,חיים שירמן,32,שכונת רמות,31.272836,34.806142
באר שבע,חיים שירמן,5,שכונת רמות,31.272517,34.804641
באר שבע,חיים שירמן,18,שכונת רמות,31.272446,34.805356
באר שבע,חיים שירמן,24,שכונת רמות,31.272690,34.805804
באר שבע,שכם,1,שכונת ט,31.244599,34.779000
באר שבע,שכם,11,שכונת ט,31.244754,34.777765
באר שבע,שכם,2,שכונת ט,31.244848,34.779053
באר שבע,שכם,28,שכונת ט,31.244915,34.777146
באר שבע,שכם,26,שכונת ט,31.245105,34.777176
באר שבע,שכם,14,שכונת ט,31.245048,34.778109
באר שבע,שכם,6,שכונת ט,31.244937,34.778581
באר שבע,שלדג,7,שכונת פלח שבע,31.231292,34.764163
באר שבע,שלדג,10,שכונת פלח שבע,31.231368,34.763834
באר שבע,שלדג,6,שכונת פלח שבע,31.231581,34.764090
באר שבע,שלום עליכם,6,שכונת ב,31.256189,34.794258
באר שבע,שלום עליכם,3,שכונת ב,31.255940,34.794010
באר שבע,שלום עליכם,4,שכונת ב,31.256011,34.794324
באר שבע,שלומציון,3,שכונת ו,31.263637,34.780609
באר שבע,שלומציון,4,שכונת ו,31.264060,34.781684
באר שבע,שלומציון,2,שכונת ו,31.263904,34.781434
באר שבע,שלומציון,9,שכונת ו,31.263942,34.781075
באר שבע,שלומציון,14,שכונת ו,31.264597,34.782079
באר שבע,שלומציון,7,שכונת ו,31.263725,34.780942
באר שבע,שלומציון,19,שכונת ו,31.264583,34.781477
באר שבע,שלומציון,1,שכונת ו,31.263618,34.780454
באר שבע,שלומציון,11,שכונת ו,31.264112,34.781029
באר שבע,שלומציון,5,שכונת ו,31.263685,34.780775
באר שבע,שלומציון,13,שכונת ו,31.264251,34.781110
באר שבע,שלונסקי,15,שכונת ה,31.252888,34.774998
באר שבע,שלונסקי,9,שכונת ה,31.252597,34.774698
באר שבע,שליו,5,שכונת ה,31.249137,34.781496
באר שבע,שליו,2,שכונת ה,31.248982,34.781477
באר שבע,שלמה המלך,7,שכונת ד,31.261189,34.796985
באר שבע,שלמה המלך,13,שכונת ד,31.260463,34.796857
באר שבע,שלמה המלך,9,שכונת ד,31.261042,34.797391
באר שבע,שלמה המלך,24,שכונת ד,31.260088,34.795955
באר שבע,שלמה המלך,66,שכונת ד,31.260205,34.794233
באר שבע,שלמה המלך,72,שכונת ד,31.260210,34.793734
באר שבע,שלמה המלך,75,שכונת ד,31.260009,34.793764
באר שבע,שלמה המלך,8,שכונת ד,31.260768,34.796504
באר שבע,שלמה המלך,11,שכונת ד,31.260766,34.796913
באר שבע,שלמה המלך,51,שכונת ד,31.259806,34.795499
באר שבע,שלמה המלך,49,שכונת ד,31.259796,34.795612
באר שבע,שלמה המלך,37,שכונת ד,31.259734,34.795994
באר שבע,שלמה המלך,65,שכונת ד,31.259841,34.795006
באר שבע,שלמה המלך,35,שכונת ד,31.259754,34.796073
באר שבע,שלמה המלך,10,שכונת ד,31.260442,34.796399
באר שבע,שלמה המלך,4,שכונת ד,31.261366,34.796533
באר שבע,אליעזר שמאלי,1,שכונת נווה זאב,31.238331,34.772670
באר שבע,שמאלי אליעזר,4,שכונת נווה זאב,31.239022,34.772470
באר שבע,שמאלי אליעזר,8,שכונת נווה זאב,31.239723,34.771977
באר שבע,אליעזר שמאלי,13,שכונת נווה זאב,31.238974,34.770740
באר שבע,אליעזר שמאלי,3,שכונת נווה זאב,31.238706,34.772318
באר שבע,אליעזר שמאלי,11,שכונת נווה זאב,31.239176,34.771016
באר שבע,שמאלי אליעזר,6,שכונת נווה זאב,31.239474,34.772159
באר שבע,שמגר השופט,14,שכונת ו,31.262586,34.775755
באר שבע,שמגר השופט,30,שכונת ו,31.263165,34.775541
באר שבע,שמגר השופט,36,שכונת ו,31.262997,34.775046
באר שבע,שמגר השופט,28,שכונת ו,31.263016,34.775615
באר שבע,שמגר השופט,18,שכונת ו,31.262805,34.775694
באר שבע,שמגר השופט,16,שכונת ו,31.262679,34.775722
באר שבע,שמגר השופט,32,שכונת ו,31.263135,34.775380
באר שבע,שמגר השופט,34,שכונת ו,31.263057,34.775197
באר שבע,שמגר השופט,2,שכונת ו,31.262217,34.775898
באר שבע,שמגר השופט,38,שכונת ו,31.262929,34.774831
באר שבע,שמחה,4,שכונת עיר עתיקה,31.241442,34.784486
באר שבע,אסף שמחוני,11,שכונת עיר עתיקה,31.243325,34.787989
באר שבע,אסף שמחוני,1,שכונת עיר עתיקה,31.242430,34.787224
באר שבע,אסף שמחוני,5,שכונת עיר עתיקה,31.242857,34.787572
באר שבע,אסף שמחוני,13,שכונת עיר עתיקה,31.243957,34.788627
באר שבע,שמחת כהן,8,שכונת ו,31.268192,34.781334
באר שבע,שמחת כהן,2,שכונת ו,31.267967,34.781135
באר שבע,שמחת כהן,5,שכונת ו,31.268268,34.781066
באר שבע,שמחת כהן,6,שכונת ו,31.268133,34.781284
באר שבע,שמחת כהן,7,שכונת ו,31.268322,34.781116
באר שבע,שמחת כהן,1,שכונת ו,31.268097,34.780928
באר שבע,שמחת כהן,3,שכונת ו,31.268143,34.780970
באר שבע,שממית,8,שכונת ה,31.249404,34.778094
באר שבע,שממית,1,שכונת ה,31.248993,34.778790
באר שבע,בר גיורא,49,שכונת ד,31.259499,34.789086
באר שבע,שמעוני,11,שכונת ב,31.253681,34.795778
באר שבע,שמעוני,13,שכונת ב,31.253220,34.795768
באר שבע,שמעוני,6,שכונת ב,31.254856,34.795348
באר שבע,שמעוני,18,שכונת ב,31.252769,34.795387
באר שבע,שמעוני,5,שכונת ב,31.254750,34.795839
באר שבע,שמעוני,3,שכונת ב,31.255046,34.795824
באר שבע,שמעוני,4,שכונת ב,31.255080,34.795369
באר שבע,שמעוני,8,שכונת ב,31.254610,34.795396
באר שבע,שמעוני,20,שכונת ב,31.252509,34.795384
באר שבע,שמעוני,12,שכונת ב,31.253527,34.795192
באר שבע,שמעוני,14,שכונת ב,31.253269,34.795194
באר שבע,שמעוני,16,שכונת ב,31.253027,34.795386
באר שבע,שמשון,10,שכונת ב,31.256123,34.780540
באר שבע,שמשון,16,שכונת ב,31.256309,34.779986
באר שבע,שמשון,28,שכונת ב,31.256748,34.779024
באר שבע,שמשון,12,שכונת ב,31.256185,34.780282
באר שבע,שמשון,20,שכונת ב,31.256487,34.779664
באר שבע,שמשון,26,שכונת ב,31.256687,34.779173
באר שבע,שמשון,1,שכונת ה,31.251893,34.785819
באר שבע,שמשון,5,שכונת ה,31.251996,34.785439
באר שבע,שמשון,22,שכונת ב,31.256540,34.779501
באר שבע,שמשון,18,שכונת ב,31.256417,34.779762
באר שבע,שמשון,24,שכונת ב,31.256639,34.779292
באר שבע,שמשון,14,שכונת ב,31.256245,34.780187
באר שבע,שנונית,1,שכונת ה,31.249840,34.779688
באר שבע,שניאור,8,שכונת ב,31.253107,34.792947
באר שבע,שניאור,1,שכונת ב,31.253974,34.793322
באר שבע,שניאור,6,שכונת ב,31.253384,34.792951
באר שבע,שניאור,12,שכונת ב,31.252928,34.792197
באר שבע,שניאור,4,שכונת ב,31.253675,34.792968
באר שבע,שער הגיא,15,שכונת נאות לון,31.246600,34.769468
באר שבע,שער הגיא,1,שכונת נאות לון,31.246530,34.770918
באר שבע,שער הגיא,5,שכונת נאות לון,31.246025,34.770432
באר שבע,שער הגיא,9,שכונת נאות לון,31.245832,34.769163
באר שבע,שער הגיא,2,שכונת נאות לון,31.246551,34.770047
באר שבע,שער הגיא,11,שכונת נאות לון,31.246037,34.768868
באר שבע,שער הגיא,3,שכונת נאות לון,31.246304,34.770803
באר שבע,שער הגיא,4,שכונת נאות לון,31.246117,34.769626
באר שבע,שער הגיא,7,שכונת ט,31.245748,34.770005
באר שבע,שפירא,7,שכונת א,31.248790,34.794345
באר שבע,שפירא,8,שכונת א,31.248644,34.794824
באר שבע,שפירא,6,שכונת א,31.248413,34.794704
באר שבע,שפירא,5,שכונת א,31.248552,34.794175
באר שבע,שפירא,2,שכונת א,31.247964,34.794341
באר שבע,שפירא,4,שכונת א,31.248193,34.794539
באר שבע,שפירא,3,שכונת א,31.248392,34.794097
באר שבע,שפרה,14,שכונת נווה מנחם,31.270540,34.763692
באר שבע,שפרה,9,שכונת נווה מנחם,31.270273,34.763629
באר שבע,שפרה,5,שכונת נווה מנחם,31.270204,34.763716
באר שבע,שפרה,8,שכונת נווה מנחם,31.270354,34.763940
באר שבע,שפרה,12,שכונת נווה מנחם,31.270516,34.763843
באר שבע,שפרינצק,4,שכונת ד,31.270154,34.793812
באר שבע,שפרינצק,2,שכונת ד,31.269963,34.794047
באר שבע,שפרינצק,8,שכונת ד,31.270678,34.793184
באר שבע,שפרינצק,10,שכונת ד,31.270900,34.792961
באר שבע,שפרינצק,12,שכונת ד,31.271080,34.792781
באר שבע,שפרינצק,6,שכונת ד,31.270327,34.793613
באר שבע,שקמה,29,שכונת רמות הרכס,31.286390,34.800101
באר שבע,שקמה,41,שכונת רמות הרכס,31.286299,34.799197
באר שבע,שרה אימנו,6,שכונת עיר עתיקה,31.239296,34.785651
באר שבע,שרה אימנו,14,שכונת עיר עתיקה,31.240396,34.786675
באר שבע,שרה אימנו,9,שכונת עיר עתיקה,31.239645,34.785704
באר שבע,שרה אימנו,10,שכונת עיר עתיקה,31.240111,34.786413
באר שבע,שרה אימנו,4,שכונת עיר עתיקה,31.239098,34.785494
באר שבע,נחום שריג,21,שכונת רמות הרכס,31.281893,34.804899
באר שבע,נחום שריג,27,שכונת רמות הרכס,31.282216,34.805260
באר שבע,נחום שריג,19,שכונת רמות הרכס,31.281695,34.804888
באר שבע,נחום שריג,41,שכונת רמות הרכס,31.284805,34.805732
באר שבע,נחום שריג,17,שכונת רמות הרכס,31.281609,34.805024
באר שבע,נחום שריג,15,שכונת רמות הרכס,31.281596,34.805277
באר שבע,נחום שריג,40,שכונת רמות הרכס,31.284347,34.806287
באר שבע,נחום שריג,31,שכונת רמות הרכס,31.282585,34.805654
באר שבע,נחום שריג,23,,31.281886,34.805184
באר שבע,נחום שריג,45,שכונת רמות הרכס,31.285339,34.805648
באר שבע,נחום שריג,36,שכונת רמות הרכס,31.284217,34.806112
באר שבע,נחום שריג,38,שכונת רמות הרכס,31.284214,34.806421
באר שבע,נחום שריג,6,שכונת רמות הרכס,31.280885,34.805063
באר שבע,נחום שריג,29,שכונת רמות הרכס,31.282449,34.805404
באר שבע,נחום שריג,43,שכונת רמות הרכס,31.285203,34.805520
באר שבע,נחום שריג,5,שכונת רמות הרכס,31.281063,34.804628
באר שבע,נחום שריג,11,שכונת רמות הרכס,31.281348,34.804668
באר שבע,נחום שריג,34,שכונת רמות הרכס,31.284072,34.806216
באר שבע,נחום שריג,22,שכונת רמות הרכס,31.282388,34.805976
באר שבע,נחום שריג,56,שכונת רמות הרכס,31.286524,34.806293
באר שבע,נחום שריג,4,שכונת רמות הרכס,31.280862,34.804960
באר שבע,נחום שריג,18,שכונת רמות הרכס,31.282074,34.805863
באר שבע,נחום שריג,12,שכונת רמות הרכס,31.281410,34.805447
באר שבע,נחום שריג,14,שכונת רמות הרכס,31.281624,34.805640
באר שבע,נחום שריג,16,שכונת רמות הרכס,31.281812,34.805740
באר שבע,נחום שריג,2,שכונת רמות הרכס,31.280763,34.804892
באר שבע,נחום שריג,50,שכונת רמות הרכס,31.285990,34.806355
באר שבע,נחום שריג,54,שכונת רמות הרכס,31.286211,34.806070
באר שבע,נחום שריג,52,שכונת רמות הרכס,31.286044,34.806042
באר שבע,שרירא גאון,16,שכונת נאות לון,31.250538,34.760382
באר שבע,שרירא גאון,4,שכונת נאות לון,31.251061,34.761378
באר שבע,שרירא גאון,3,שכונת נאות לון,31.250644,34.761279
באר שבע,שרעבי,13,שכונת ג,31.254925,34.811920
באר שבע,שרעבי,17,שכונת ג,31.254620,34.811896
באר שבע,שרעבי,6,שכונת ג,31.254593,34.811669
באר שבע,שרעבי,15,שכונת ג,31.254774,34.811955
באר שבע,שרעבי,11,שכונת ג,31.255027,34.811970
באר שבע,שרעבי,8,שכונת ג,31.254479,34.811694
באר שבע,שרעבי,19,שכונת ג,31.254414,34.811913
באר שבע,שרעבי,10,שכונת ג,31.254319,34.811639
באר שבע,משה שרת,43,שכונת יא,31.260682,34.769567
באר שבע,משה שרת,40,שכונת יא,31.258734,34.768829
באר שבע,שרת משה,16,שכונת יא,31.256504,34.767065
באר שבע,משה שרת,52,שכונת יא,31.259506,34.770267
באר שבע,שרת משה,14,שכונת יא,31.256301,34.766985
באר שבע,משה שרת,56,שכונת יא,31.260038,34.770194
באר שבע,שרת משה,12,שכונת יא,31.256043,34.766723
באר שבע,משה שרת,54,שכונת יא,31.259713,34.770322
באר שבע,משה שרת,36,שכונת יא,31.258271,34.768285
באר שבע,שרת משה,4,שכונת יא,31.255615,34.766142
באר שבע,משה שרת,39,שכונת יא,31.260380,34.768983
באר שבע,משה שרת,44,שכונת יא,31.258949,34.769462
באר שבע,משה שרת,46,שכונת יא,31.259171,34.769837
באר שבע,משה שרת,33,שכונת יא,31.260211,34.769511
באר שבע,משה שרת,48,שכונת יא,31.259382,34.769908
באר שבע,שרת משה,2,שכונת יא,31.255681,34.765915
באר שבע,שרת משה,20,שכונת יא,31.257144,34.767348
באר שבע,שרת משה,22,שכונת יא,31.257094,34.767486
באר שבע,משה שרת,42,שכונת יא,31.259033,34.769215
באר שבע,שרת משה,10,שכונת יא,31.256117,34.766480
באר שבע,שרת משה,8,שכונת יא,31.255728,34.766530
באר שבע,משה שרת,47,שכונת יא,31.260435,34.769832
באר שבע,שרת משה,6,שכונת יא,31.255537,34.766444
באר שבע,משה שרת,38,שכונת יא,31.258511,34.768605
באר שבע,משה שרת,58,שכונת יא,31.260099,34.769956
באר שבע,משה שרת,45,שכונת יא,31.260604,34.769749
באר שבע,ששון אליהו,11,שכונת יא,31.257004,34.765920
באר שבע,ששון אליהו,9,שכונת יא,31.256960,34.765970
באר שבע,יצחק שתל,10,שכונת רמות,31.276995,34.820875
באר שבע,יצחק שתל,2,שכונת רמות,31.276970,34.820316
באר שבע,יצחק שתל,31,שכונת רמות,31.278144,34.820656
באר שבע,יצחק שתל,29,שכונת רמות,31.277940,34.820449
באר שבע,יצחק שתל,26,שכונת רמות,31.277625,34.821066
באר שבע,יצחק שתל,33,שכונת רמות,31.278376,34.820578
באר שבע,יצחק שתל,20,שכונת רמות,31.277214,34.821154
באר שבע,יצחק שתל,35,שכונת רמות,31.278616,34.820738
באר שבע,יצחק שתל,22,שכונת רמות,31.277165,34.821512
באר שבע,יצחק שתל,34,שכונת רמות,31.278400,34.821233
באר שבע,יצחק שתל,6,שכונת רמות,31.276948,34.820690
באר שבע,יצחק שתל,24,שכונת רמות,31.277484,34.821509
באר שבע,יצחק שתל,28,שכונת רמות,31.278062,34.821143
באר שבע,יצחק שתל,8,שכונת רמות,31.276998,34.820779
באר שבע,יצחק שתל,4,שכונת רמות,31.276951,34.820593
באר שבע,תל חי,7,שכונת א,31.251428,34.789885
באר שבע,תל חי,12,שכונת א,31.251607,34.789537
באר שבע,תל חי,2,שכונת א,31.251328,34.790826
באר שבע,תל חי,20,שכונת א,31.251472,34.788470
באר שבע,תל חי,23,שכונת א,31.251195,34.787909
באר שבע,תל חי,26,שכונת א,31.251256,34.787726
באר שבע,תל חי,34,שכונת א,31.250994,34.786714
באר שבע,תל חי,19,שכונת א,31.251256,34.788292
באר שבע,תל חי,16,שכונת א,31.251597,34.788977
באר שבע,תל חי,30,שכונת א,31.251124,34.787152
באר שבע,תל חי,28,שכונת א,31.251202,34.787457
באר שבע,תל חי,11,שכונת א,31.251461,34.789405
באר שבע,תל חי,24,שכונת א,31.251356,34.787996
באר שבע,תל חי,32,שכונת א,31.251071,34.786992
באר שבע,תל חי,13,שכונת א,31.251440,34.789090
באר שבע,תל חי,5,שכונת א,31.251294,34.790234
באר שבע,תל חי,18,שכונת א,31.251640,34.788708
באר שבע,תל חי,22,שכונת א,31.251383,34.788226
באר שבע,תל חי,14,שכונת א,31.251583,34.789235
באר שבע,תל חי,17,שכונת א,31.251297,34.788675
באר שבע,שמואל תמיר,7,שכונת יא,31.263699,34.765886
באר שבע,שמואל תמיר,3,שכונת יא,31.263900,34.766178
באר שבע,שמואל תמיר,12,שכונת יא,31.263525,34.765456
באר שבע,שמואל תמיר,8,שכונת יא,31.263813,34.765721
באר שבע,שמואל תמיר,2,שכונת יא,31.264121,34.766122
באר שבע,תמנע,28,שכונת ט,31.241861,34.766482
באר שבע,תמנע,36,שכונת ט,31.241828,34.765817
באר שבע,תמנע,37,שכונת ט,31.241901,34.767420
באר שבע,תמנע,53,שכונת ט,31.241564,34.766305
באר שבע,תמנע,6,שכונת ט,31.242693,34.766072
באר שבע,תמנע,23,שכונת ט,31.242862,34.767460
באר שבע,תמנע,9,שכונת ט,31.243013,34.766532
באר שבע,תמנע,5,שכונת ט,31.243057,34.766154
באר שבע,תמנע,61,שכונת נאות לון,31.241502,34.765635
באר שבע,תמנע,65,שכונת נאות לון,31.241544,34.765275
באר שבע,תמנע,32,שכונת ט,31.241871,34.766126
באר שבע,תמנע,12,שכונת ט,31.242721,34.766654
באר שבע,תמר,4,שכונת נווה נוי,31.229990,34.790887
באר שבע,תמר,37,שכונת נווה נוי,31.229764,34.788614
באר שבע,תמר,23,שכונת נווה נוי,31.229674,34.789741
באר שבע,תמר,29,שכונת נווה נוי,31.229671,34.789229
באר שבע,תמר,43,שכונת נווה נוי,31.229864,34.788148
באר שבע,תמר,41,שכונת נווה נוי,31.229782,34.788296
באר שבע,יוסף תקוע,1,שכונת רמות,31.276684,34.821418
באר שבע,יוסף תקוע,99,שכונת רמות,31.277431,34.819306
באר שבע,יוסף תקוע,35,שכונת רמות,31.276595,34.819505
באר שבע,יוסף תקוע,5,שכונת רמות,31.276493,34.821150
באר שבע,יוסף תקוע,9,שכונת רמות,31.276687,34.820845
באר שבע,יוסף תקוע,7,שכונת רמות,31.276708,34.821174
באר שבע,יוסף תקוע,65,שכונת רמות,31.277118,34.818465
באר שבע,יוסף תקוע,37,שכונת רמות,31.276732,34.819320
באר שבע,יוסף תקוע,119,שכונת רמות,31.277632,34.819829
באר שבע,יוסף תקוע,59,שכונת רמות,31.277113,34.818673
באר שבע,יוסף תקוע,48,שכונת רמות,31.277794,34.821470
באר שבע,יוסף תקוע,85,שכונת רמות,31.277136,34.818953
באר שבע,יוסף תקוע,34,שכונת רמות,31.277339,34.820439
באר שבע,יוסף תקוע,83,שכונת רמות,31.277083,34.818892
באר שבע,אהרליך פאול,7,שכונת רמות,31.270073,34.808028
באר שבע,דרך שמשון,16,שכונת ב,31.256309,34.779986
באר שבע,מורדי הגטאות,111,שכונת עיר עתיקה,31.240328,34.791437
באר שבע,שד יעלים,44,שכונת ה,31.251192,34.779938
באר שבע,דרך המשחררים,117,שכונת א,31.248843,34.784092
באר שבע,קרן קיימת לישראל,106,שכונת עיר עתיקה,31.239357,34.790130
באר שבע,בז,67,,31.229557,34.771268
באר שבע,ההסתדרות,87,,31.241764,34.790807
באר שבע,יוחנן הורקנוס,72,שכונת ד,31.266864,34.796266
באר שבע,חזן יעקב,52,,31.275302,34.816079
באר שבע,אלרואי דוד,27,,31.263493,34.763454
באר שבע,דרור,95,,31.229351,34.768519
באר שבע,די זהב אפרים,23,,31.222823,34.775689
באר שבע,דרך מצדה,38,שכונת ד,31.258598,34.791922
באר שבע,שלשת בני עין חרוד,33,,31.237928,34.791260
באר שבע,סמבורסקי שמואל,2,,31.271691,34.803449
באר שבע,טרומפלדור,77,,31.239400,34.791531
באר שבע,בן יוסף שלמה,5,,31.271798,34.812135
באר שבע,מבצע חורב,29,,31.261906,34.784601
באר שבע,סמילן רות,36,,31.223065,34.774861
באר שבע,גינצבורג דוד,4,שכונת רמות,31.274113,34.807114
באר שבע,?,34,,31.248915,34.798587
באר שבע,החלוץ,39,,31.238279,34.788148
באר שבע,זרחין אלכסנדר,19,שכונת רמות,31.274622,34.804876
באר שבע,משעול גבעון,3,שכונת ט,31.245778,34.774563
באר שבע,מולכו שלמה,4,שכונת נווה מנחם,31.264313,34.763692
באר שבע,שריג נחום,12,שכונת רמות הרכס,31.281410,34.805447
באר שבע,?,9,שכונת ד,31.258196,34.796336
באר שבע,הכט ראובן,46,שכונת רמות,31.275104,34.816871
באר שבע,"החיד""א",61,שכונת יא,31.253258,34.768015
באר שבע,חבס ברכה,15,,31.269950,34.768268
באר שבע,מזר בנימין,89,שכונת נאות לון,31.247114,34.759793
באר שבע,ארניה אסוולדו,47,שכונת ד,31.266652,34.801879
באר שבע,"ד""ר טיכו",57,,31.261302,34.755925
באר שבע,אלמוג,28,שכונת נווה נוי,31.230302,34.784297
באר שבע,רחבת יעל,37,,31.262209,34.774260
באר שבע,מבצע דני,8,,31.259989,34.783018
באר שבע,?,29,שכונת ד,31.258201,34.793675
באר שבע,חובב משה,14,,31.220317,34.774194
באר שבע,הצבי,51,שכונת ה,31.249859,34.776437
באר שבע,טבנקין,22,שכונת ה,31.255507,34.773418
באר שבע,?,38,שכונת ד,31.258598,34.791922
באר שבע,מסקין אהרון,12,שכונת נווה מנחם,31.270111,34.767590
באר שבע,?,46,שכונת ד,31.258678,34.791216
באר שבע,בן יוסף שלמה,13,,31.271316,34.812687
באר שבע,?,40,שכונת ד,31.258588,34.791789
באר שבע,עין גדי,30,שכונת נאות לון,31.250770,34.768419
באר שבע,לינדנר יוחנן,16,שכונת רמות,31.274236,34.802205
באר שבע,ארניה אסוולדו,4,שכונת ד,31.266355,34.801123
באר שבע,שלמה המלך,1,שכונת ד,31.261719,34.797100
באר שבע,סטולר שמואל,2,,31.270759,34.770587
באר שבע,קרן קיימת לישראל,108,שכונת עיר עתיקה,31.239338,34.790003
באר שבע,"שח""ל",5,,31.246588,34.795557
באר שבע,הרב ריינס,7,שכונת נווה מנחם,31.263139,34.759396
באר שבע,פיינשטיין מאיר,11,שכונת רמות,31.267875,34.815046
באר שבע,המר זבולון,35,שכונת רמות,31.267725,34.812311
באר שבע,צביה ויצחק,13,,31.224386,34.778637
באר שבע,דרך המשחררים,90,שכונת ה,31.250245,34.784075
באר שבע,הר רמון,70,,31.276692,34.807809
באר שבע,ברזני משה,3,,31.268666,34.813913
באר שבע,צונדק ברנרד והרמן,14,שכונת רמות,31.269277,34.808796
באר שבע,וקסמן זלמן,3,,31.270592,34.808091
באר שבע,גוטמן נחום,13,שכונת נווה זאב,31.239550,34.778963
באר שבע,שרת משה,36,שכונת יא,31.258271,34.768285
באר שבע,אביגד,12,,31.275073,34.801217
באר שבע,שטיינברג יהודה,8,שכונת ו,31.268450,34.773341
באר שבע,סיגלון,24,שכונת נווה נוי,31.231624,34.783181
באר שבע,שיזף,68,,31.230493,34.787648
באר שבע,סוקולוב,11,שכונת א,31.246855,34.790355
באר שבע,האוזנר גדעון,37,,31.288189,34.805304
באר שבע,טיומקין זאב,2,שכונת נווה זאב,31.239108,34.766713
באר שבע,בן חיים פאול,63,שכונת נחל בקע,31.224411,34.775245
באר שבע,אבישי,15,,31.261729,34.778405
באר שבע,רחבת הרב קוק,5,שכונת יא,31.258384,34.771313
באר שבע,אביגדור המאירי,24,שכונת נווה זאב,31.241507,34.774020
באר שבע,הצנחנים,2,,31.224921,34.778112
באר שבע,האז גיאורג,7,,31.273764,34.806131
באר שבע,גוש עציון,35,,31.255716,34.807061
באר שבע,גרשם שלום,1,שכונת רמות,31.270405,34.804126
באר שבע,מודעי יצחק,11,שכונת רמות,31.265428,34.808215
באר שבע,?,79,שכונת ב,31.258899,34.785617
באר שבע,הנפח,1,,31.220477,34.811805
באר שבע,נויפלד הנרי,28,שכונת רמות,31.268386,34.808456
באר שבע,בן-חור אליהו,5,שכונת ו,31.264366,34.773793
באר שבע,התלמוד,77,שכונת ד,31.269673,34.786742
באר שבע,דינור בן-ציון,15,,31.258329,34.760770
באר שבע,לוזון אפרים,14,,31.264935,34.760339
באר שבע,אולשן יצחק,26,,31.269553,34.774440
באר שבע,אבן-שושן אברהם,31,,31.242919,34.760634
באר שבע,הוגו שמואל,15,שכונת רמות,31.271836,34.804452
באר שבע,משעול ניצנה,10,שכונת ה,31.248300,34.779579
באר שבע,"הכ""ג",14,,31.250109,34.804370
באר שבע,"שח""ל",37,שכונת א,31.244948,34.792238
באר שבע,?,28,שכונת מרכז אזרחי,31.247604,34.798499
באר שבע,ארגוב אלכסנדר,11,,31.248209,34.758029
באר שבע,רוזן פנחס,10,שכונת יא,31.262366,34.764447
באר שבע,"זק""ש נלי",4,,31.271230,34.806840
באר שבע,כהן יעקב,7,שכונת ב,31.253773,34.797114
באר שבע,רבנו תם,9,שכונת ד,31.271282,34.786443
באר שבע,חיבת ציון,27,,31.253092,34.810943
באר שבע,סרנה יחזקאל,1,,31.266116,34.778934
באר שבע,הכט ראובן,54,שכונת רמות,31.275112,34.815848
באר שבע,המרד,39,,31.272098,34.815038
באר שבע,פיינברג אבשלום,32,שכונת נווה מנחם,31.265819,34.759371
באר שבע,אלבק חנוך,30,,31.271710,34.805073
באר שבע,קרן קיימת לישראל,124,שכונת עיר עתיקה,31.239751,34.789593
באר שבע,משעול גבעון,30,שכונת ט,31.244181,34.775271
באר שבע,אלעזר בן יאיר,11,שכונת ד,31.263136,34.791420
באר שבע,ההסתדרות,36,,31.238570,34.788045
באר שבע,צונדק ברנרד והרמן,4,שכונת רמות,31.268336,34.808438
באר שבע,שלמה המלך,12,שכונת ד,31.260144,34.796369
באר שבע,דרך מצדה,31,שכונת ד,31.258152,34.793526
באר שבע,הכט ראובן,57,,31.274718,34.817318
באר שבע,?,5,שכונת ד,31.263960,34.787153
באר שבע,קרוק גלעד דורותיה,15,שכונת רמות,31.269808,34.806846
באר שבע,יוסף בן מתתיהו,37,שכונת ד,31.265444,34.799481
באר שבע,"שח""ל",51,שכונת א,31.245692,34.790272
באר שבע,סנהדרין,113,שכונת ד,31.268724,34.787982
באר שבע,?,1,שכונת ד,31.263966,34.787207
באר שבע,?,22,שכונת מרכז אזרחי,31.246386,34.797334
באר שבע,גוש עציון,33,,31.255491,34.807083
באר שבע,הר עודד,1,,31.272819,34.810981
באר שבע,?,43,שכונת ד,31.258195,34.792504
באר שבע,שרה אמנו,5,שכונת עיר עתיקה,31.239402,34.785461
באר שבע,טרומפלדור,76,,31.239800,34.792386
באר שבע,רבי טרפון,2,שכונת ד,31.259394,34.793224
באר שבע,די זהב אפרים,3,,31.221953,34.776791
באר שבע,תקוע יוסף,22,,31.277574,34.820474
באר שבע,משעול מבצע יונתן,21,שכונת ו,31.265723,34.782798
באר שבע,אדמון ידידיה,8,,31.219442,34.773889
באר שבע,השלום,62,,31.253110,34.810145
באר שבע,הכותל המערבי,6,שכונת א,31.247921,34.788161
באר שבע,בוסקוביץ אלכסנדר,38,,31.221644,34.771984
באר שבע,בית שאן,52,שכונת נאות לון,31.248922,34.767764
באר שבע,רופין ארתור,33,שכונת יא,31.265566,34.768288
באר שבע,דרך המשחררים,78,שכונת ה,31.251201,34.785320
באר שבע,נגבה,23,שכונת עיר עתיקה,31.239691,34.785309
באר שבע,מסקין אהרון,33,שכונת נווה מנחם,31.270720,34.766070
באר שבע,הר רמון,8,,31.275446,34.813957
באר שבע,הצבי,74,שכונת ה,31.253395,34.772578
באר שבע,בן יהודה,16,שכונת ב,31.254231,34.793494
באר שבע,הר מירון,33,,31.277131,34.807829
באר שבע,בן דוד יוסף,26,שכונת רמות,31.273243,34.802018
באר שבע,?,16,שכונת מרכז אזרחי,31.245429,34.796727
באר שבע,חטיבת הנגב,9,שכונת עיר עתיקה,31.238169,34.782291
באר שבע,הרצל,50,,31.241020,34.789400
באר שבע,אשבל מיכאל,23,שכונת נווה זאב,31.241831,34.774906
באר שבע,קרן קיימת לישראל,110,שכונת עיר עתיקה,31.239377,34.790055
באר שבע,אהוד בן גרא,42,שכונת נווה זאב,31.242161,34.778662
באר שבע,שנונית,21,שכונת ה,31.250182,34.779305
באר שבע,זלפה,3,,31.269437,34.763774
באר שבע,עפרים,9,שכונת ה,31.249808,34.777744
באר שבע,אדמון ידידיה,41,,31.220521,34.772470
באר שבע,"חת""ם סופר",6,שכונת יא,31.255402,34.768986
באר שבע,?,12,,31.245010,34.796185
באר שבע,?,6,שכונת ד,31.258744,34.795665
באר שבע,מרלא,23,,31.267076,34.758298
באר שבע,שמעון בר גיורא,20,שכונת ד,31.261048,34.792150
באר שבע,ארץ חמדה,3,,31.234977,34.764368
באר שבע,די זהב אפרים,10,,31.222332,34.776701
באר שבע,אלדד,5,שכונת רמות,31.274575,34.822258
באר שבע,דרור,1,,31.230153,34.769447
באר שבע,הדסה,70,שכונת עיר עתיקה,31.241251,34.789739
באר שבע,הלפרין,32,,31.261981,34.755278
באר שבע,רחבת מבצע ארז,17,שכונת ו,31.265489,34.781917
באר שבע,חיבת ציון,18,,31.252132,34.810342
באר שבע,המדע,30,שכונת רמות,31.269892,34.807295
באר שבע,ורד,26,שכונת נווה נוי,31.230846,34.778678
באר שבע,חבצלת הנגב,2,,31.234567,34.791884
באר שבע,עמיצור שמשון,21,שכונת רמות הרכס,31.282429,34.798319
באר שבע,קויפמן,46,,31.254365,34.773489
באר שבע,?,68,שכונת ד,31.259083,34.789368
באר שבע,"רחבת לח""י",14,,31.264325,34.775715
באר שבע,ארניה אסוולדו,31,שכונת ד,31.267019,34.801952
באר שבע,חכים אליהו,22,,31.271885,34.812953
באר שבע,?,7,שכונת ד,31.258187,34.796624
באר שבע,צבי-רן שלמה,56,,31.273184,34.817307
באר שבע,ויתקון אלפרד,50,,31.270135,34.776519
באר שבע,שיבטה,5,שכונת ט,31.244368,34.769641
באר שבע,אוליצקי אריה,28,,31.258383,34.758842
באר שבע,בורלא יהודה,61,שכונת ה,31.252191,34.774812
באר שבע,נגבה,59,שכונת עיר עתיקה,31.241661,34.781966
באר שבע,ברדיצ'בסקי,8,,31.267895,34.772550
באר שבע,מזר בנימין,14,,31.243844,34.761307
באר שבע,היילפרין ליפמן,24,שכונת נווה מנחם,31.262237,34.755607
באר שבע,?,21,שכונת ד,31.258202,34.794405
באר שבע,בן-חור אליהו,4,שכונת ו,31.264728,34.774624
באר שבע,רנה קסן,27,שכונת רמות,31.274039,34.800704
באר שבע,יוכבד בת מרים,15,,31.268864,34.769965
באר שבע,המדע,108,שכונת רמות,31.273356,34.806409
באר שבע,פייגנבאום אריה,32,,31.261463,34.756635
באר שבע,וילנסקי משה,31,,31.244816,34.759850
באר שבע,רחבת יבנה,22,שכונת ט,31.245896,34.772599
באר שבע,רודנסקי שמואל,53,שכונת נווה מנחם,31.271780,34.770555
באר שבע,פטנקין דן,19,,31.247367,34.759468
באר שבע,הר כנען,40,,31.274607,34.811225
באר שבע,רחבת איבצן,19,,31.263572,34.777236
באר שבע,אלבק חנוך,32,,31.271669,34.805146
באר שבע,יוכבד בת מרים,16,שכונת נווה מנחם,31.269044,34.769776
באר שבע,טרומפלדור,93,,31.239959,34.792160
באר שבע,משעול סוסיה,3,שכונת ט,31.243995,34.772794
באר שבע,הר רמון,24,,31.275831,34.812408
באר שבע,מבצע חירם,37,,31.260351,34.782241
באר שבע,גיבתון חנוך,40,,31.224692,34.776265
באר שבע,ברזני משה,14,,31.268976,34.815028
באר שבע,פריץ אלברט,6,שכונת ו,31.266654,34.770466
באר שבע,העליה,39,,31.254571,34.780468
באר שבע,עמיר אנדה,2,,31.270242,34.768224
באר שבע,רבקה,7,,31.268323,34.764228
באר שבע,בן יהודה,19,שכונת ב,31.254540,34.794275
באר שבע,דרך מצדה,88,שכונת ד,31.259291,34.788812
באר שבע,הרב עדני,34,שכונת נאות לון,31.253237,34.763699
באר שבע,גומא,4,שכונת נווה נוי,31.231124,34.785861
באר שבע,בן לברט,18,שכונת נאות לון,31.251320,34.762625
באר שבע,מורדי הגטאות,60,שכונת עיר עתיקה,31.238769,34.790315
באר שבע,מסקין אהרון,52,שכונת נווה מנחם,31.271781,34.765740
באר שבע,?,17,שכונת ד,31.258210,34.794657
באר שבע,גרוסמן מאיר,14,שכונת נווה זאב,31.236284,34.767492
באר שבע,אהוד בן גרא,18,שכונת עיר עתיקה,31.241547,34.780544
באר שבע,קלצ'קין רפאל,2,,31.269863,34.772537
באר שבע,אירוס הנגב,78,,31.228659,34.790314
באר שבע,בוסקוביץ אלכסנדר,21,,31.220896,34.772443
באר שבע,אדמון ידידיה,53,,31.220602,34.771804
באר שבע,צבי-רן שלמה,9,,31.273547,34.818871
באר שבע,הרב הרצוג,38,,31.260383,34.767239
באר שבע,מבצע לוט,13,שכונת ו,31.261231,34.785586
באר שבע,מרלא,20,,31.267225,34.758036
באר שבע,רחבת איבצן,11,,31.263209,34.777408
באר שבע,אנקור,7,שכונת נווה זאב,31.231640,34.772160
באר שבע,הכותל המערבי,10,שכונת א,31.247625,34.787743
באר שבע,הגאולים,17,,31.248730,34.804696
באר שבע,קורא,10,שכונת ה,31.248873,34.781903
באר שבע,ברוור אברהם,55,,31.274187,34.808030
באר שבע,"רחבת חי""ל",11,שכונת ו,31.261173,34.776836
באר שבע,רובינא חנה,5,,31.270855,34.771825
באר שבע,טביוב,2,,31.267809,34.757912
באר שבע,הר רמון,63,,31.276349,34.807362
באר שבע,כצנלסון,3,,31.250319,34.796721
באר שבע,הרב הרצוג,19,,31.261002,34.768165
באר שבע,אבידן שמעון,1,שכונת רמות,31.265021,34.809789
באר שבע,גוש עציון,11,,31.253874,34.808553
באר שבע,אדמון ידידיה,29,,31.219891,34.772635
באר שבע,?,11,שכונת ד,31.258177,34.796006
באר שבע,ויצמן,15,,31.247946,34.793674
באר שבע,אמיר אברהם,62,,31.277635,34.824609
באר שבע,ההסתדרות,14,שכונת עיר עתיקה,31.237575,34.787079
באר שבע,ורבורג,6,שכונת א,31.248681,34.785922
באר שבע,משה יצחק,13,,31.274986,34.805539
באר שבע,רודנסקי שמואל,118,שכונת נווה מנחם,31.271447,34.768171
באר שבע,בורוכוב,16,,31.250305,34.794556
באר שבע,?,14,שכונת מרכז אזרחי,31.245204,34.796575
באר שבע,כצנלסון,24,,31.251003,34.794039
באר שבע,החורש,1,,31.216971,34.814987
באר שבע,רחבת הרב קוק,14,שכונת יא,31.258180,34.770652
באר שבע,ילין דוד,65,שכונת רמות,31.271926,34.805624
באר שבע,ההסתדרות,8,שכונת עיר עתיקה,31.237349,34.786990
באר שבע,"רש""י",22,שכונת ד,31.268114,34.787292
באר שבע,פראוור יהושע,9,,31.272433,34.806109
באר שבע,חוה,36,,31.269696,34.764919
באר שבע,אלה,1,שכונת נווה נוי,31.231478,34.784949
באר שבע,עפרים,1,שכונת ה,31.249592,34.777526
באר שבע,בן יהודה,13,שכונת ב,31.254585,34.793673
באר שבע,פורת לאה,30,שכונת נחל בקע,31.224283,34.775018
באר שבע,צביה ויצחק,43,שכונת נחל בקע,31.224434,34.780643
באר שבע,דרך מצדה,119,שכונת ב,31.258695,34.778003
באר שבע,שליו,8,שכונת ה,31.249214,34.781632
באר שבע,?,4,שכונת ד,31.264349,34.786803
באר שבע,ליפמן גבריאל,10,,31.274245,34.800799
באר שבע,האבות,26,שכונת עיר עתיקה,31.238149,34.789128
באר שבע,הכותל המערבי,31,שכונת א,31.247176,34.785947
באר שבע,פיקרד,58,,31.279711,34.801826
באר שבע,צבעוני,31,,31.229707,34.779872
באר שבע,זינדר חמדה וצבי,24,,31.223572,34.776899
באר שבע,אפשטיין ישראל,9,,31.276003,34.816822
באר שבע,יוחנן הורקנוס,71,שכונת ד,31.267304,34.795892
באר שבע,חכים אליהו,33,,31.272257,34.812401
באר שבע,סמילן רות,40,,31.223150,34.774678
באר שבע,אגוז,13,שכונת נווה מנחם,31.264818,34.762175
באר שבע,שרה אמנו,4,שכונת עיר עתיקה,31.239098,34.785494
באר שבע,הדסה,56,שכונת עיר עתיקה,31.240659,34.790555
באר שבע,ברק,6,שכונת עיר עתיקה,31.241419,34.781700
באר שבע,"רחבת רמ""א",13,שכונת יא,31.259227,34.771041
באר שבע,?,90,שכונת ד,31.259280,34.788720
באר שבע,אלישר,4,,31.274456,34.820295
באר שבע,רופין ארתור,69,,31.264361,34.767688
באר שבע,הרב טנא שלמה,36,,31.235016,34.786905
באר שבע,גרשון,36,שכונת עיר עתיקה,31.242518,34.790429
באר שבע,אנקור,20,שכונת נווה זאב,31.231939,34.772777
באר שבע,רחבת אחזיה,9,שכונת ו,31.264892,34.785297
באר שבע,רוט אגון,8,,31.223643,34.780176
באר שבע,אורבך אפרים,8,,31.247914,34.758861
באר שבע,ילין דוד,79,שכונת רמות,31.272463,34.805363
באר שבע,אבן גבירול,9,שכונת ד,31.257092,34.795910
באר שבע,חגלה,38,שכונת ה,31.250203,34.782083
באר שבע,רחבת הרב קוק,26,שכונת יא,31.257309,34.770994
באר שבע,הרב קפאח,29,שכונת נאות לון,31.252510,34.762747
באר שבע,שפירא,1,,31.248248,34.793946
באר שבע,הר חרמון,39,,31.273718,34.812829
באר שבע,כפר הדרום,17,שכונת עיר עתיקה,31.236944,34.786770
באר שבע,גומא,11,שכונת נווה נוי,31.231660,34.785684
באר שבע,מבצע דני,40,,31.261356,34.781675
באר שבע,תלמי מאיר,4,שכונת רמות,31.265723,34.810510
באר שבע,המכתשים,18,שכונת ד,31.268787,34.795116
באר שבע,המסילה,7,,31.253443,34.818598
באר שבע,ברטונוב יהושע,14,,31.269724,34.770625
באר שבע,בנימין מטודלה,1,שכונת ד,31.268297,34.800584
באר שבע,שמחוני אסף,5,שכונת עיר עתיקה,31.242857,34.787572
באר שבע,המדע,48,שכונת רמות,31.270794,34.807717
באר שבע,?,39,שכונת ד,31.258195,34.792848
באר שבע,דוד הראובני,42,שכונת נווה מנחם,31.263399,34.763718
באר שבע,הרב אסף שמחה,7,שכונת ד,31.265233,34.802187
באר שבע,נורית,5,שכונת נווה נוי,31.232434,34.778305
באר שבע,בן אשר,3,שכונת ו,31.267362,34.776675
באר שבע,אלחריזי,3,שכונת נאות לון,31.251297,34.765268
באר שבע,אבן עזרא,30,,31.270547,34.785260
באר שבע,אורות ישראל,59,שכונת נווה זאב,31.236182,34.763233
באר שבע,הכותל המערבי,33,שכונת א,31.247304,34.785721
באר שבע,"הפלמ""ח",56,,31.239078,34.789017
באר שבע,יהושפט,3,,31.263428,34.783100
באר שבע,התלמוד,63,שכונת ד,31.269813,34.787396
באר שבע,פורת לאה,22,,31.223424,34.776269
באר שבע,גרוסמן מאיר,16,שכונת נווה זאב,31.236039,34.768016
באר שבע,חובב משה,36,,31.221760,34.775629
באר שבע,צביה ויצחק,8,שכונת נחל בקע,31.224544,34.778315
באר שבע,ארלוזורוב,51,שכונת ד,31.258409,34.805289
באר שבע,ויצמן,13,,31.247736,34.793912
באר שבע,אדמון ידידיה,39,,31.220530,34.772544
באר שבע,רובינא חנה,48,,31.269526,34.768035
באר שבע,מבצע חורב,25,,31.261669,34.784329
באר שבע,אבן-שושן אברהם,64,שכונת נאות לון,31.247097,34.757731
באר שבע,היילפרין ליפמן,6,,31.262494,34.756530
באר שבע,שמחוני אסף,18,שכונת עיר עתיקה,31.244129,34.790660
באר שבע,בן סרוק מנחם,16,שכונת נאות לון,31.251983,34.761876
באר שבע,?,10,שכונת ו,31.264176,34.784677
באר שבע,רייק חביבה,1,שכונת ג,31.256568,34.807877
באר שבע,אולשן יצחק,9,,31.268610,34.774512
באר שבע,צונדק ברנרד והרמן,19,שכונת רמות,31.270543,34.808978
באר שבע,בר אילן,4,,31.246274,34.793956
באר שבע,אורות ישראל,38,,31.235666,34.761695
באר שבע,חזן יעקב,31,,31.275418,34.818074
באר שבע,סולד הנריאטה,1,שכונת מרכז אזרחי,31.247543,34.802844
באר שבע,קהירי,43,,31.282867,34.802487
באר שבע,טרומפלדור,71,שכונת עיר עתיקה,31.239020,34.791290
באר שבע,בית שאן,2,שכונת נאות לון,31.250042,34.766809
באר שבע,מורדי הגטאות,103,,31.239973,34.791022
באר שבע,פלדברג שמואל,42,,31.275048,34.825998
באר שבע,ברוידס אברהם,25,שכונת נווה מנחם,31.265489,34.755842
באר שבע,סמילן רות,9,,31.221760,34.776149
באר שבע,?,55,שכונת ב,31.254180,34.798334
באר שבע,חסמן מרק,31,שכונת נווה מנחם,31.264876,34.753631
באר שבע,הרצל,92,שכונת עיר עתיקה,31.242356,34.790685
באר שבע,וקסמן זלמן,12,שכונת רמות,31.270274,34.808258
באר שבע,קציר אהרון,42,,31.273708,34.808168
באר שבע,תקוע יוסף,117,,31.277703,34.819939
באר שבע,משעול גבעון,5,שכונת ט,31.245810,34.774683
באר שבע,סימון ארנסט דוד,25,שכונת רמות,31.269681,34.807291
באר שבע,עבדת,72,שכונת ט,31.244640,34.766269
באר שבע,גרשם שלום,18,שכונת רמות,31.270221,34.804554
באר שבע,בנטוב מרדכי,1,,31.256496,34.766135
באר שבע,המלכים,19,,31.264285,34.758051
באר שבע,שירמן חיים,29,שכונת רמות,31.272956,34.805757
באר שבע,גלזמן יוסף,16,,31.224883,34.779147
באר שבע,הר כנען,12,,31.274033,34.813734
באר שבע,הר חרמון,18,,31.273772,34.811627
באר שבע,מנשה,1,שכונת עיר עתיקה,31.238636,34.782628
באר שבע,בר יוחאי,16,שכונת ד,31.273179,34.795252
באר שבע,הרב גבאי מנחם,15,שכונת ד,31.271535,34.794675
באר שבע,קדיש לוז,8,שכונת יא,31.257035,34.763869
באר שבע,אבישי,51,,31.260332,34.778436
באר שבע,יסקי,1,שכונת עיר עתיקה,31.242517,34.787268
באר שבע,הקנאים,31,שכונת ד,31.268827,34.792522
באר שבע,סנש חנה,11,שכונת ג,31.257543,34.809587
באר שבע,ברני רוברט,6,שכונת רמות,31.270648,34.808665
באר שבע,הרצל,61,,31.241483,34.789440
באר שבע,קורא הדורות,1,שכונת נאות לון,31.251406,34.761351
באר שבע,רחבת מבצע ברוש,3,שכונת ו,31.265750,34.785131
באר שבע,נויפלד הנרי,11,שכונת רמות,31.268968,34.807680
באר שבע,כפר הדרום,6,שכונת עיר עתיקה,31.236317,34.788057
באר שבע,גרינשפן הרשל,33,,31.267815,34.757347
באר שבע,האבות,25,,31.238318,34.788548
באר שבע,ארלוזורוב,31,,31.254963,34.805633
באר שבע,אסר טוביאס,12,שכונת רמות,31.271907,34.801859
באר שבע,פלדברג שמואל,60,שכונת רמות,31.276128,34.825629
באר שבע,ירקוני עמוס,12,,31.266607,34.775330
באר שבע,שד ירושלים,59,שכונת ט,31.245942,34.775426
באר שבע,פריד אלפרד,27,שכונת רמות,31.272063,34.802732
באר שבע,כלנית,3,שכונת נווה נוי,31.230710,34.781016
באר שבע,טרומפלדור,70,,31.239633,34.792146
באר שבע,חיבת ציון,20,,31.252088,34.810561
באר שבע,דרור,85,,31.228417,34.768644
באר שבע,יוסף בן מתתיהו,25,שכונת ד,31.265697,34.799994
באר שבע,צביה המלכה,2,שכונת ד,31.263517,34.795483
באר שבע,רבי עקיבא,2,שכונת ד,31.259333,34.794348
באר שבע,דולצ'ין אריה,15,שכונת יא,31.262572,34.766059
באר שבע,גוטמן נחום,10,שכונת נווה זאב,31.238698,34.779740
באר שבע,נרקיס,49,,31.229235,34.796708
באר שבע,הר בוקר,16,שכונת רמות,31.274008,34.809966
באר שבע,גומא,30,שכונת נווה נוי,31.232198,34.786181
באר שבע,אהרוני יוחנן,4,,31.274202,34.805924
באר שבע,ביאליק,42,שכונת ב,31.252235,34.791078
באר שבע,שד רגר יצחק,142,שכונת ד,31.268322,34.798348
באר שבע,ברק,48,שכונת עיר עתיקה,31.242809,34.779779
באר שבע,חרצית,15,,31.233156,34.788349
באר שבע,רחבת מבצע ארז,1,שכונת ו,31.266241,34.782057
באר שבע,בת שבע,13,שכונת נווה מנחם,31.269772,34.761323
באר שבע,גולדשטיין פרץ,7,שכונת נחל בקע,31.225998,34.779873
באר שבע,טרומפלדור,37,שכונת עיר עתיקה,31.238403,34.790660
באר שבע,השלום,135,,31.257911,34.811101
באר שבע,חוה,29,,31.269778,34.764519
באר שבע,העצמאות,27,שכונת עיר עתיקה,31.239129,34.791206
באר שבע,גולדברג לאה,23,שכונת ב,31.253424,34.794524
באר שבע,גרשם שלום,37,שכונת רמות,31.271069,34.805821
באר שבע,שמעון בר גיורא,21,שכונת ד,31.262091,34.792682
באר שבע,שינדלר אוסקר,22,,31.283307,34.800949
באר שבע,?,2,,31.264385,34.788136
באר שבע,דיין משה,14,,31.265073,34.772434
באר שבע,נטר,22,,31.272749,34.826384
באר שבע,שיפר יצחק,25,שכונת ד,31.271077,34.799514
באר שבע,תלמה,23,,31.220796,34.773548
באר שבע,סדנא,5,שכונת אזור תעשיה,31.251286,34.821954
באר שבע,בן חיים פאול,36,שכונת נחל בקע,31.223517,34.774784
באר שבע,חכים אליהו,41,,31.272616,34.812983
באר שבע,בורן מכס,19,שכונת רמות,31.273889,34.802980
באר שבע,"הפלמ""ח",13,שכונת עיר עתיקה,31.237147,34.791281
באר שבע,גרשון,26,שכונת עיר עתיקה,31.242077,34.791010
באר שבע,אבידום מנחם,14,,31.220863,34.774827
באר שבע,רחבת הרב קוק,10,שכונת יא,31.258466,34.770887
באר שבע,פרץ י ל,7,שכונת נווה זאב,31.240332,34.779218
באר שבע,טרומפלדור,60,שכונת עיר עתיקה,31.239355,34.791931
באר שבע,יאיר,13,שכונת עיר עתיקה,31.239718,34.792621
באר שבע,רונאל דב,23,שכונת נווה זאב,31.240238,34.772393
באר שבע,שטיינברג יהודה,16,שכונת ו,31.268743,34.772504
באר שבע,ז'בוטינסקי זאב,13,שכונת ג,31.249373,34.809074
באר שבע,"החיד""א",85,שכונת יא,31.253564,34.766523
באר שבע,?,97,שכונת ד,31.261620,34.797664
באר שבע,בר כוכבא,16,,31.243683,34.781448
באר שבע,גרוסמן מאיר,12,שכונת נווה זאב,31.235894,34.767350
באר שבע,בן יעקב צבי,18,,31.226109,34.778162
באר שבע,רחל אמנו,56,שכונת נווה מנחם,31.271728,34.763700
באר שבע,"הפלמ""ח",7,,31.237115,34.791481
באר שבע,שד יעלים,68,שכונת ה,31.254162,34.777281
באר שבע,בת שבע,18,,31.269663,34.761901
באר שבע,בלקינד נעמן,10,שכונת נווה מנחם,31.266863,34.759771
באר שבע,אהרונסון,31,שכונת נווה מנחם,31.266548,34.760791
באר שבע,גינצבורג דוד,10,,31.274307,34.806919
באר שבע,סבידור מנחם,7,שכונת יא,31.257305,34.762157
באר שבע,איילת השחר,34,שכונת נווה זאב,31.237233,34.764955
באר שבע,משעול מבצע יונתן,5,שכונת ו,31.266268,34.782508
באר שבע,"רמב""ן",71,שכונת ד,31.270497,34.783134
באר שבע,?,26,שכונת ד,31.258578,34.793021
באר שבע,טרומפלדור,40,שכונת עיר עתיקה,31.238706,34.791252
באר שבע,ברטונוב יהושע,23,,31.271176,34.769246
באר שבע,ויניק זאב,30,,31.259303,34.758858
באר שבע,חזן יעקב,24,שכונת רמות,31.275688,34.819036
באר שבע,מיכל,7,,31.267731,34.763059
באר שבע,העליה,1,שכונת ה,31.249840,34.780850
באר שבע,אנקור,18,שכונת נווה זאב,31.231874,34.772808
באר שבע,אלמוג,26,שכונת נווה נוי,31.230332,34.784368
באר שבע,יפה אברהם,10,שכונת רמות הרכס,31.284710,34.808332
באר שבע,אגוז,16,שכונת נווה מנחם,31.264844,34.761785
באר שבע,בורלא יהודה,15,שכונת ה,31.251192,34.775886
באר שבע,אורות ישראל,22,,31.236600,34.762476
באר שבע,עמיר אנדה,54,,31.272391,34.765820
באר שבע,סמבורסקי שמואל,23,,31.272233,34.804148
באר שבע,?,48,שכונת ד,31.258684,34.791062
באר שבע,אוסישקין,16,,31.251028,34.792850
באר שבע,צבי-רן שלמה,32,,31.273803,34.817937
באר שבע,דובדבן,34,שכונת רמות הרכס,31.287190,34.798780
באר שבע,שד רגר יצחק,155,שכונת ד,31.266423,34.797774
באר שבע,פארן,9,שכונת ד,31.267361,34.794293
באר שבע,פרץ י ל,37,שכונת נווה זאב,31.241150,34.778175
באר שבע,?,27,שכונת ד,31.258154,34.793838
באר שבע,רודנסקי שמואל,29,,31.271350,34.771797
באר שבע,מונטיפיורי,23,,31.249562,34.793874
באר שבע,יוחנן הורקנוס,5,שכונת ד,31.265249,34.793976
באר שבע,מורדי הגטאות,121,שכונת עיר עתיקה,31.240830,34.791851
באר שבע,הדעת,76,שכונת רמות,31.270110,34.804287
באר שבע,אלדד,60,שכונת רמות,31.275169,34.823767
באר שבע,חביב אבשלום,19,,31.268738,34.815206
באר שבע,ביאליק,51,שכונת ב,31.253294,34.792450
באר שבע,צבר,18,,31.232231,34.794197
באר שבע,"החיד""א",87,שכונת יא,31.253730,34.766465
באר שבע,"רחבת לח""י",2,,31.264488,34.775639
באר שבע,קדושי בגדד,7,,31.252708,34.781311
באר שבע,גרוסמן מאיר,23,שכונת נווה זאב,31.236585,34.766967
באר שבע,אלקחי מרדכי,4,,31.269366,34.813797
באר שבע,הנחושת,15,,31.226437,34.808423
באר שבע,שורק,32,,31.221955,34.815225
באר שבע,שועלי שמשון,17,שכונת ג,31.256227,34.805259
באר שבע,סלנט שמואל,4,שכונת ו,31.267854,34.780648
באר שבע,ממשית,5,שכונת ט,31.243766,34.769477
באר שבע,המדע,25,,31.271768,34.807284
באר שבע,רחבת הרב עוזיאל,18,שכונת יא,31.255441,34.769832
באר שבע,מבצע לוט,16,,31.260750,34.785873
באר שבע,צפורה,15,,31.268383,34.763250
באר שבע,אמיר אברהם,24,שכונת רמות,31.275952,34.823459
באר שבע,רודנסקי שמואל,114,שכונת נווה מנחם,31.271476,34.768335
באר שבע,ציזלינג,24,שכונת יא,31.257843,34.761864
באר שבע,פרומקין גד,2,שכונת ו,31.269992,34.778967
באר שבע,מבצע יואב,26,שכונת ו,31.259705,34.781011
באר שבע,יהוא,5,,31.262358,34.782205
באר שבע,חכים אליהו,59,,31.273445,34.814529
באר שבע,האבות,13,שכונת עיר עתיקה,31.237366,34.789985
באר שבע,יהואש,9,,31.262423,34.786547
באר שבע,קדושי סלוניקי,18,שכונת נווה מנחם,31.265620,34.757290
באר שבע,הכותל המערבי,14,שכונת א,31.247362,34.787304
באר שבע,רחבת מבצע קדם,26,שכונת ו,31.265643,34.783070
באר שבע,?,35,שכונת ד,31.258195,34.793163
באר שבע,שד יעלים,76,שכונת ה,31.255199,34.777033
באר שבע,רינגלבלום,92,שכונת ד,31.269336,34.800317
באר שבע,שרת משה,33,שכונת יא,31.260211,34.769511
באר שבע,שאול המלך,61,,31.263203,34.780733
באר שבע,ארלנגר ג'וזף,19,שכונת רמות,31.269384,34.808332
באר שבע,שלדג,3,,31.231518,34.764427
באר שבע,הרב ריינס,31,,31.263315,34.759637
באר שבע,גויטיין דוד,13,,31.269730,34.776018
באר שבע,רמלה,10,שכונת נאות לון,31.242535,34.765283
באר שבע,צבי-רן שלמה,14,,31.273875,34.818861
באר שבע,בזל,25,שכונת א,31.248499,34.786978
באר שבע,"חז""ל",29,שכונת ד,31.257531,34.793693
באר שבע,ארץ חמדה,29,,31.234561,34.763980
באר שבע,שמעון בר גיורא,7,שכונת ד,31.263122,34.792685
באר שבע,עפרוני,108,שכונת פלח שבע,31.230590,34.768590
באר שבע,רחבת הרב קוק,19,שכונת יא,31.257232,34.771468
באר שבע,סיגלון,5,שכונת נווה נוי,31.230744,34.783938
באר שבע,פרופ' שיבא,49,,31.259912,34.757105
באר שבע,העליה,44,,31.254852,34.781053
באר שבע,המעפילים,22,שכונת ג,31.250194,34.807973
באר שבע,ולבר יצחק,39,,31.241473,34.763179
באר שבע,החורש,22,שכונת עמק שרה,31.217416,34.811106
באר שבע,?,32,,31.248696,34.798645
באר שבע,גרינשפן הרשל,23,שכונת נווה מנחם,31.268242,34.757996
באר שבע,הצנחנים,21,,31.225784,34.780839
באר שבע,?,8,שכונת ו,31.264199,34.784837
באר שבע,אולשן יצחק,22,,31.269358,34.774519
באר שבע,הרב חביב חיים,18,שכונת נאות לון,31.251461,34.759389
באר שבע,משעול פנקס דוד,22,שכונת יא,31.254771,34.764131
באר שבע,ארן זלמן,19,שכונת יא,31.255407,34.760959
באר שבע,מורדי הגטאות,67,שכונת עיר עתיקה,31.238651,34.789901
באר שבע,הכשרת הישוב,22,שכונת עמק שרה,31.222860,34.812572
באר שבע,וילנאי זאב,14,שכונת רמות,31.276553,34.803904
באר שבע,יריחו,6,שכונת ט,31.244380,34.778510
באר שבע,משעול פנקס דוד,11,שכונת יא,31.254621,34.764031
באר שבע,אש שלום,19,שכונת נווה זאב,31.238534,34.776275
באר שבע,חוחית,85,,31.228867,34.764618
באר שבע,אמנון,38,,31.267359,34.766517
באר שבע,עבדת,60,שכונת נאות לון,31.244952,34.766770
באר שבע,מורדי הגטאות,116,שכונת עיר עתיקה,31.240802,34.792234
באר שבע,טרומפלדור,33,,31.238345,34.790483
באר שבע,זריצקי יוסף,21,,31.260475,34.760961
באר שבע,שדרת הערים התאומות,12,שכונת רמות הרכס,31.279044,34.799598
באר שבע,סמילנסקי,65,שכונת עיר עתיקה,31.239100,34.784793
באר שבע,גלעד,7,שכונת ד,31.267784,34.793613
באר שבע,אפשטיין ישראל,21,שכונת רמות,31.275385,34.815799
באר שבע,העצמאות,12,,31.238518,34.792403
באר שבע,ורד,20,שכונת נווה נוי,31.231320,34.778735
באר שבע,נשר,4,,31.227099,34.765454
באר שבע,לברי מרק,10,שכונת נחל בקע,31.221150,34.775456
באר שבע,אבן-שושן אברהם,32,,31.243625,34.759884
באר שבע,ניב דוד,26,שכונת נווה זאב,31.239192,34.769455
באר שבע,רחבת יותם,5,שכונת ו,31.264113,34.782586
באר שבע,גולדשטיין פרץ,10,,31.226261,34.780040
באר שבע,אבישי,3,,31.261653,34.777332
באר שבע,הכותל המערבי,58,שכונת א,31.250526,34.786397
באר שבע,אבידום מנחם,5,,31.220415,34.775043
באר שבע,ההסתדרות,57,שכונת עיר עתיקה,31.240557,34.789645
באר שבע,רודנסקי שמואל,40,שכונת נווה מנחם,31.271587,34.772101
באר שבע,"הרא""ש",5,שכונת יא,31.258306,34.773429
באר שבע,בן חיים פאול,19,,31.222069,34.772823
באר שבע,רופין ארתור,24,,31.265403,34.768921
באר שבע,אסר טוביאס,13,שכונת רמות,31.272289,34.801919
באר שבע,פריד אלפרד,28,שכונת רמות,31.271737,34.802938
באר שבע,"הפלמ""ח",14,,31.238278,34.790336
באר שבע,נרקיס,26,,31.228082,34.794663
באר שבע,רייק חביבה,12,שכונת ג,31.258113,34.808499
באר שבע,חטיבת הנגב,16,שכונת עיר עתיקה,31.238157,34.783222
באר שבע,דנציגר יצחק,15,,31.244635,34.761844
באר שבע,שד יעלים,72,שכונת ה,31.254365,34.777002
באר שבע,אלה,9,שכונת נווה נוי,31.231784,34.785031
באר שבע,לוריא צבי,5,שכונת רמות,31.267187,34.810976
באר שבע,פיינברג אבשלום,22,שכונת נווה מנחם,31.266122,34.759697
באר שבע,המרד,56,,31.273949,34.816221
באר שבע,אהוד בן גרא,30,,31.242178,34.779588
באר שבע,שליו,10,שכונת ה,31.249233,34.781728
באר שבע,דיה,59,,31.232008,34.762474
באר שבע,רחבת יעל,31,שכונת ו,31.261958,34.774101
באר שבע,ההסתדרות,40,,31.238808,34.788366
באר שבע,בזל,6,שכונת א,31.248744,34.790036
באר שבע,דותן,7,,31.264891,34.762860
באר שבע,הס משה,5,שכונת א,31.250646,34.793237
באר שבע,הכותל המערבי,65,שכונת א,31.250574,34.785449
באר שבע,הצבי,68,,31.253141,34.772952
באר שבע,ילין דוד,14,שכונת רמות,31.270303,34.806190
באר שבע,זלפה,17,,31.269860,34.763115
באר שבע,זרחין אלכסנדר,14,,31.274792,34.805323
באר שבע,פיקרד,60,,31.279782,34.801814
באר שבע,תמיר שמואל,16,,31.263234,34.765214
באר שבע,משעול סוסיה,1,שכונת ט,31.243893,34.772487
באר שבע,מנשה,4,שכונת עיר עתיקה,31.238947,34.783265
באר שבע,ויצמן,1,שכונת א,31.246855,34.795794
באר שבע,המרד,13,,31.268893,34.815870
באר שבע,קהירי,23,שכונת רמות הרכס,31.283763,34.802306
באר שבע,צביה ויצחק,34,,31.223813,34.779202
באר שבע,"רש""י",108,שכונת ד,31.268315,34.789351
באר שבע,ילן-שטקליס מרים,10,שכונת נווה מנחם,31.271276,34.771276
באר שבע,שד ירושלים,52,שכונת ט,31.246716,34.775460
באר שבע,פיינשטיין מאיר,9,שכונת רמות,31.267746,34.815107
באר שבע,שלמה המלך,46,שכונת ד,31.260130,34.795308
באר שבע,יוכבד בת מרים,6,שכונת נווה מנחם,31.269291,34.770212
באר שבע,רודנסקי שמואל,34,,31.271324,34.772278
באר שבע,אלדד,27,שכונת רמות,31.275276,34.822539
באר שבע,רחבת איבצן,15,שכונת ו,31.263390,34.777333
באר שבע,אבן-שושן אברהם,65,,31.244111,34.759010
באר שבע,קובנר אבא,6,,31.224530,34.779870
באר שבע,החלוץ,30,,31.237543,34.788055
באר שבע,קיפוד,8,שכונת ה,31.249921,34.777423
באר שבע,גולומב,44,שכונת ג,31.257119,34.804251
באר שבע,הר עצמון,2,,31.274532,34.813861
באר שבע,?,3,שכונת ד,31.263920,34.787191
באר שבע,אמיר אברהם,56,שכונת רמות,31.277318,34.825012
באר שבע,בורלא יהודה,5,שכונת ה,31.250923,34.776231
באר שבע,מבצע עובדה,88,,31.261111,34.775155
באר שבע,גרינשפן הרשל,36,,31.268008,34.757101
באר שבע,בני אור,72,שכונת ב,31.257709,34.781393
באר שבע,סמילנסקי,23,שכונת עיר עתיקה,31.237275,34.787536
באר שבע,יסעור,17,,31.228660,34.766237
באר שבע,פינקל שמעון,34,,31.264688,34.755982
באר שבע,"רמב""ן",18,,31.271870,34.785562
באר שבע,ניב דוד,30,שכונת נווה זאב,31.239867,34.769310
באר שבע,הכותל המערבי,26,שכונת א,31.247562,34.785784
באר שבע,השלום,54,,31.251554,34.808886
באר שבע,ברנפלד שמעון,13,שכונת ד,31.270439,34.799014
באר שבע,כצנלסון,19,,31.250652,34.794442
באר שבע,יהואש,28,,31.262403,34.783899
באר שבע,רודנסקי שמואל,97,,31.270970,34.767969
באר שבע,רופין ארתור,59,,31.264778,34.767059
באר שבע,ז'בוטינסקי זאב,27,שכונת ג,31.250898,34.808721
באר שבע,אינשטיין,12,שכונת ב,31.255629,34.791232
באר שבע,החלוץ,82,,31.239498,34.789947
באר שבע,אינשטיין,10,שכונת ב,31.255436,34.791373
באר שבע,לסקר פרץ,16,שכונת נווה מנחם,31.266019,34.756754
באר שבע,די זהב אפרים,5,,31.222045,34.776716
באר שבע,גרונר דב,17,,31.269688,34.812810
באר שבע,נאות הככר,4,שכונת ה,31.247585,34.780446
באר שבע,נגבה,45,שכונת עיר עתיקה,31.240512,34.783771
באר שבע,סגל צבי,23,שכונת רמות,31.271190,34.804770
באר שבע,משעול מצפה,12,שכונת ט,31.246300,34.778633
באר שבע,שלשת בני עין חרוד,20,שכונת עיר עתיקה,31.237413,34.791029
באר שבע,לוזון אפרים,22,,31.265183,34.759999
באר שבע,משעול יודפת,2,שכונת ד,31.259043,34.790582
באר שבע,פינקל שמעון,24,,31.264330,34.757120
באר שבע,הפחח,1,שכונת עמק שרה,31.224535,34.811345
באר שבע,ולבר יצחק,27,,31.241466,34.764211
באר שבע,גוזלן,3,,31.221247,34.800895
באר שבע,המדע,80,שכונת רמות,31.272264,34.807233
באר שבע,אחד העם,17,,31.247007,34.791680
באר שבע,זהרי מיכאל,9,שכונת רמות,31.273905,34.802226
באר שבע,תלמה,20,,31.220880,34.773900
באר שבע,"שח""ל",14,,31.244748,34.793937
באר שבע,?,56,שכונת ד,31.259025,34.790355
באר שבע,המרד,41,,31.272176,34.815175
באר שבע,גבולות,12,שכונת ט,31.244490,34.771676
באר שבע,?,25,שכונת ד,31.258203,34.793993
באר שבע,זהרי מיכאל,3,,31.273688,34.802007
באר שבע,פינקל שמעון,74,שכונת נווה מנחם,31.265475,34.754247
באר שבע,שנונית,28,שכונת ה,31.251213,34.778092
באר שבע,משעול עקרון,18,שכונת ט,31.244498,34.774782
באר שבע,אשבל מיכאל,25,שכונת נווה זאב,31.241762,34.775011
באר שבע,רבקה,22,,31.269442,34.763273
באר שבע,החלוץ,5,שכונת עיר עתיקה,31.236228,34.786256
באר שבע,רמלה,1,שכונת ט,31.243401,34.765702
באר שבע,טרומפלדור,113,,31.240710,34.792936
באר שבע,"שח""ל",22,,31.244950,34.792666
באר שבע,אבידן שמעון,4,שכונת רמות,31.265373,34.809955
באר שבע,טביוב,13,,31.267305,34.757650
באר שבע,ברוור אברהם,67,,31.274602,34.807701
באר שבע,פיינשטיין מאיר,34,,31.269917,34.813840
באר שבע,רחבת יותם,10,שכונת ו,31.264623,34.783411
באר שבע,?,52,שכונת ד,31.258757,34.790753
באר שבע,הר רמון,57,,31.276142,34.807649
באר שבע,גלזמן יוסף,9,שכונת נחל בקע,31.224511,34.778974
באר שבע,רחבת ימית,12,שכונת ט,31.244348,34.772243
באר שבע,רחבת פל-ים,13,,31.264566,34.777566
באר שבע,זמיר ישעיהו,42,,31.274436,34.817732
באר שבע,מבצע חורב,15,,31.260638,34.784186
באר שבע,?,85,שכונת ו,31.262872,34.779183
באר שבע,ארדון מרדכי,7,,31.248343,34.757148
באר שבע,העליה,6,שכונת ה,31.249841,34.781457
באר שבע,אברמסון שרגא,8,שכונת רמות הרכס,31.276970,34.798342
באר שבע,"רחבת השל""ה",4,שכונת יא,31.257978,34.769494
באר שבע,דוד המלך,18,שכונת ד,31.264272,34.790660
באר שבע,לאה,22,שכונת נווה מנחם,31.268571,34.760907
באר שבע,מורדי הגטאות,4,שכונת עיר עתיקה,31.235822,34.787457
באר שבע,אורן,21,שכונת נווה נוי,31.231653,34.783463
באר שבע,שינדלר אוסקר,10,שכונת רמות הרכס,31.282573,34.801448
באר שבע,משעול פנקס דוד,13,שכונת יא,31.254677,34.763765
באר שבע,סתונית,54,,31.227452,34.778528
באר שבע,בן חיים פאול,18,,31.222146,34.773335
באר שבע,עורב,18,שכונת ה,31.249656,34.781716
באר שבע,סגל צבי,29,,31.271420,34.805190
באר שבע,אולשן יצחק,20,,31.269289,34.774538
באר שבע,רבי עקיבא,30,שכונת ד,31.259328,34.792333
באר שבע,עמיר אנדה,1,,31.270082,34.767987
באר שבע,ברגסון אנרי,12,,31.271720,34.806656
באר שבע,גיבתון חנוך,60,,31.225302,34.775497
באר שבע,וילנסקי משה,55,,31.246610,34.760023
באר שבע,סגל צבי,14,שכונת רמות,31.270822,34.804606
באר שבע,שירמן חיים,8,,31.272227,34.804796
באר שבע,רחבת פל-ים,20,שכונת ו,31.264639,34.776887
באר שבע,בורן מכס,38,שכונת רמות,31.274425,34.803933
באר שבע,אבידוב צבי,2,,31.270428,34.771654
באר שבע,אבשלום,45,,31.266576,34.767069
באר שבע,הלפרין,10,,31.250981,34.803677
באר שבע,גוטמן נחום,8,שכונת נווה זאב,31.238501,34.779101
באר שבע,רחבת מבצע ארז,16,שכונת ו,31.265933,34.781091
באר שבע,בלוך רודולף,52,שכונת רמות,31.273490,34.807559
באר שבע,ישעיהו ישראל,9,,31.256816,34.763956
באר שבע,הכותל המערבי,53,שכונת א,31.249496,34.784553
באר שבע,וינגייט,26,שכונת ג,31.256619,34.807554
באר שבע,זמיר ישעיהו,51,,31.274010,34.817339
באר שבע,חזמה יעקב,41,,31.223301,34.773141
באר שבע,גולדברג לאה,1,שכונת ב,31.253280,34.793382
באר שבע,סמילנסקי,73,שכונת עיר עתיקה,31.239850,34.783981
באר שבע,ויטנברג יצחק,1,,31.224426,34.780334
באר שבע,ארלוזורוב,47,שכונת ג,31.257248,34.805288
באר שבע,ארבע הגיבורות,7,,31.223688,34.780504
באר שבע,דרך מצדה,26,שכונת ד,31.258578,34.793021
באר שבע,אורות ישראל,53,,31.236089,34.762763
באר שבע,תלמה,45,,31.221843,34.772264
באר שבע,אנקור,32,שכונת נווה זאב,31.232175,34.772357
באר שבע,שד יעלים,18,שכונת ה,31.250158,34.780377
באר שבע,אבן ארי מיכאל,6,,31.274531,34.807422
באר שבע,השלום,125,שכונת ג,31.256636,34.810525
באר שבע,יהואש,12,,31.262624,34.786330
באר שבע,"רמב""ן",23,,31.271455,34.785308
באר שבע,בורן מכס,39,,31.274729,34.803749
באר שבע,חבצלת הנגב,15,,31.234046,34.792714
באר שבע,רב האי גאון,16,שכונת נאות לון,31.250234,34.761098
באר שבע,צוקית,36,שכונת פלח שבע,31.232514,34.761257
באר שבע,שד רגר יצחק,105,שכונת ד,31.262608,34.797944
באר שבע,אסתר המלכה,19,,31.267487,34.763636
באר שבע,נאות הככר,5,שכונת ה,31.247796,34.780894
באר שבע,ארניה אסוולדו,57,שכונת ד,31.266427,34.801779
באר שבע,קדושי סלוניקי,19,,31.265120,34.757775
באר שבע,הכותל המערבי,19,שכונת א,31.247136,34.787353
באר שבע,ז'בוטינסקי זאב,16,שכונת ג,31.248306,34.808620
באר שבע,קרן קיימת לישראל,107,שכונת עיר עתיקה,31.238795,34.790341
באר שבע,סיגלון,33,שכונת נווה נוי,31.231589,34.782851
באר שבע,דורי יעקב,5,שכונת ו,31.266848,34.783410
באר שבע,הקוצר,20,,31.213745,34.810866
באר שבע,ולבר יצחק,5,שכונת נאות לון,31.242531,34.764825
באר שבע,אנקור,25,שכונת נווה זאב,31.231845,34.772059
באר שבע,זמיר ישעיהו,71,,31.273215,34.816896
באר שבע,?,23,שכונת ד,31.258171,34.794206
באר שבע,צונדק ברנרד והרמן,20,שכונת רמות,31.269793,34.809021
באר שבע,פרופ' שיבא,67,,31.260493,34.756437
באר שבע,אמיר אברהם,3,שכונת רמות,31.276964,34.821993
באר שבע,שלמה המלך,3,שכונת ד,31.261554,34.797063
באר שבע,?,30,שכונת מרכז אזרחי,31.247962,34.798385
באר שבע,דונקלבלום מנחם,3,שכונת ו,31.268700,34.774022
באר שבע,הכט ראובן,14,,31.275115,34.820081
באר שבע,דרך מצדה,21,שכונת ד,31.258202,34.794405
באר שבע,ביאליק,45,שכונת ב,31.253415,34.791897
באר שבע,מודעי יצחק,63,שכונת רמות,31.268315,34.810068
באר שבע,גרשון,10,שכונת עיר עתיקה,31.240882,34.792733
באר שבע,הנוטר,7,,31.253428,34.803202
באר שבע,גרינשפן הרשל,18,,31.268936,34.758084
באר שבע,רופין ארתור,49,,31.265042,34.767854
באר שבע,נשר,26,,31.225426,34.765627
באר שבע,דוד המלך,11,שכונת ד,31.263920,34.792297
באר שבע,טור סיני נפתלי,12,שכונת רמות,31.270157,34.806643
באר שבע,אמיר אברהם,74,שכונת רמות,31.277704,34.823687
באר שבע,הכנסת,22,שכונת ד,31.271150,34.794600
באר שבע,בלוך רודולף,42,,31.273100,34.807915
באר שבע,זלפה,12,שכונת נווה מנחם,31.270032,34.763415
באר שבע,?,62,שכונת ד,31.259088,34.789890
באר שבע,הר כנען,28,,31.274180,34.812257
באר שבע,עמיר אנדה,52,,31.272394,34.765846
באר שבע,ברדיצ'ב אבא,7,,31.225871,34.779262
באר שבע,נקר מאיר,3,שכונת רמות,31.267609,34.815140
באר שבע,מוריה,5,שכונת א,31.247785,34.784132
באר שבע,ברוד מקס,1,שכונת נווה מנחם,31.265097,34.758594
באר שבע,גרינפלד,10,שכונת רמות הרכס,31.281260,34.800223
באר שבע,אורלנד יעקב,4,,31.248547,34.756819
באר שבע,ריבי איזידור,10,,31.273328,34.800800
באר שבע,בית אשל,15,,31.237506,34.791789
באר שבע,האיילה,34,שכונת ה,31.250940,34.777479
באר שבע,רייק חביבה,4,שכונת ג,31.257010,34.808197
באר שבע,אולנדורף פרנץ,4,שכונת רמות,31.275069,34.804979
באר שבע,חגלה,4,שכונת ה,31.248358,34.782524
באר שבע,סנש חנה,14,שכונת ג,31.257503,34.810019
באר שבע,רחבעם זאבי,23,שכונת רמות הרכס,31.284902,34.806152
באר שבע,רחבת אופירה,32,שכונת ט,31.245013,34.771847
באר שבע,"חז""ל",114,שכונת ב,31.257638,34.789428
באר שבע,קציר אהרון,18,שכונת רמות,31.272360,34.809263
באר שבע,קלצ'קין רפאל,45,,31.267789,34.768380
באר שבע,בזל,35,שכונת א,31.249849,34.786631
באר שבע,אבידום מנחם,4,שכונת נחל בקע,31.220537,34.775312
באר שבע,סמילן רות,39,,31.223105,34.774374
באר שבע,שטיינברג יהודה,60,שכונת ו,31.267591,34.770607
באר שבע,ברזני משה,6,,31.268542,34.814328
באר שבע,חזמה יעקב,9,שכונת נחל בקע,31.221355,34.775729
באר שבע,זמיר ישעיהו,38,,31.274440,34.817946
באר שבע,אבן-שושן אברהם,55,,31.243446,34.759368
באר שבע,שנונית,29,שכונת ה,31.250346,34.779106
באר שבע,תקוע יוסף,46,,31.277626,34.820813
באר שבע,הרצל,80,,31.241928,34.790295
באר שבע,ילן-שטקליס מרים,8,שכונת נווה מנחם,31.271319,34.771355
באר שבע,האיילה,13,שכונת ה,31.251067,34.777134
באר שבע,זריצקי יוסף,14,,31.259610,34.760826
באר שבע,רותם,20,,31.230085,34.795284
באר שבע,מקור חיים,28,שכונת נווה זאב,31.239064,34.763734
באר שבע,רופין ארתור,19,שכונת יא,31.264384,34.768620
באר שבע,הזוהר,30,,31.271750,34.788338
באר שבע,אמיר אברהם,58,שכונת רמות,31.277413,34.824913
באר שבע,קרוק גלעד דורותיה,12,שכונת רמות,31.269647,34.806435
באר שבע,הכותל המערבי,37,,31.247643,34.785414
באר שבע,רייס רפאל,15,שכונת נחל בקע,31.226146,34.778509
באר שבע,חזמה יעקב,3,שכונת נחל בקע,31.221142,34.775963
באר שבע,הרצל,25,שכונת עיר עתיקה,31.239009,34.787057
באר שבע,מזר בנימין,70,שכונת נאות לון,31.247309,34.760738
באר שבע,סמילן רות,33,,31.222861,34.774731
באר שבע,רחבת שלומציון,12,שכונת ו,31.264395,34.782077
באר שבע,אסר טוביאס,23,שכונת רמות,31.272487,34.802267
באר שבע,חטיבת הנגב,54,,31.240847,34.786073
באר שבע,טרומפלדור,91,,31.239904,34.792100
באר שבע,אבן-שושן אברהם,51,,31.243217,34.759463
באר שבע,החלוץ,33,שכונת עיר עתיקה,31.238024,34.788167
באר שבע,הרב עדני,3,שכונת נאות לון,31.252485,34.765268
באר שבע,שטה,56,,31.229621,34.791717
באר שבע,הדסה,44,שכונת עיר עתיקה,31.240304,34.791057
באר שבע,סתונית,20,שכונת נווה נוי,31.228868,34.780252
באר שבע,אבידוב צבי,9,,31.269849,34.770793
באר שבע,המדע,98,שכונת רמות,31.272985,34.806708
באר שבע,פיינשטיין מאיר,7,שכונת רמות,31.267700,34.815241
באר שבע,סמילן רות,23,שכונת נחל בקע,31.222413,34.775267
באר שבע,זנגויל ישראל,10,שכונת נווה מנחם,31.265291,34.760849
באר שבע,אלישבע,10,,31.270533,34.769297
באר שבע,בן צבי יצחק,2,שכונת מרכז אזרחי,31.244138,34.795801
באר שבע,?,66,שכונת ד,31.259013,34.789382
באר שבע,אבידוב צבי,24,שכונת נווה מנחם,31.270053,34.770580
באר שבע,אדמון ידידיה,42,,31.221476,34.771309
באר שבע,אלרואי דוד,26,שכונת נווה מנחם,31.263597,34.763106
באר שבע,זרובבל,5,שכונת נווה מנחם,31.264969,34.763955
באר שבע,אלדד,68,שכונת רמות,31.275362,34.823315
באר שבע,אלדד,48,שכונת רמות,31.274569,34.824203
באר שבע,הקנאים,24,שכונת ד,31.269580,34.792952
באר שבע,משעול מבצע יונתן,9,שכונת ו,31.266090,34.782630
באר שבע,בר ניסן,27,שכונת נווה זאב,31.240376,34.764633
באר שבע,חטיבת הנגב,33,שכונת עיר עתיקה,31.239725,34.784666
באר שבע,מבצע עובדה,44,שכונת ו,31.260531,34.776381
באר שבע,יאיר,28,שכונת עיר עתיקה,31.240916,34.791452
באר שבע,הרצל,55,,31.241217,34.789001
באר שבע,שד ירושלים,69,שכונת ט,31.246124,34.774557
באר שבע,?,73,שכונת ב,31.258760,34.788406
באר שבע,ורטהיימר חיים,3,שכונת רמות,31.271318,34.808192
באר שבע,חטיבת הנגב,17,שכונת עיר עתיקה,31.238586,34.783261
באר שבע,הכותל המערבי,36,שכונת א,31.248785,34.785244
באר שבע,צביה ויצחק,21,,31.224025,34.779002
באר שבע,תקוע יוסף,63,שכונת רמות,31.277079,34.818391
באר שבע,רופין ארתור,21,,31.264779,34.768393
באר שבע,בית שאן,38,שכונת נאות לון,31.249460,34.766749
באר שבע,אמיר אברהם,46,שכונת רמות,31.276795,34.825226
באר שבע,שד יעלים,25,,31.247789,34.781784
באר שבע,פייגנבאום אריה,2,,31.260291,34.757393
באר שבע,וקסמן זלמן,9,שכונת רמות,31.270333,34.808861
באר שבע,דרזנר יחיאל,2,שכונת רמות,31.266946,34.815344
באר שבע,גוטמן נחום,30,שכונת נווה זאב,31.239421,34.779442
באר שבע,ברוד מקס,11,,31.265525,34.757862
באר שבע,"חז""ל",95,שכונת ב,31.257432,34.790130
באר שבע,בורן מכס,10,שכונת רמות,31.273393,34.803041
באר שבע,שד רגר יצחק,102,שכונת ד,31.264224,34.798398
באר שבע,"רמב""ן",16,,31.271844,34.785670
באר שבע,שד מרש יעקב,19,שכונת רמות,31.266768,34.810051
באר שבע,שדרת הערים התאומות,14,שכונת רמות הרכס,31.279320,34.799554
באר שבע,אלישבע,7,שכונת נווה מנחם,31.270502,34.768967
באר שבע,"רמב""ן",65,,31.270741,34.783045
באר שבע,קשאני אליעזר,12,,31.270619,34.813359
באר שבע,סגל צבי,26,שכונת רמות,31.271117,34.805270
באר שבע,המדע,33,שכונת רמות,31.272689,34.806528
באר שבע,לינדנר יוחנן,28,,31.274828,34.802685
באר שבע,"רמב""ן",2,,31.272060,34.786485
באר שבע,רחבת הראל,33,שכונת ו,31.263882,34.775391
באר שבע,חכים אליהו,50,,31.273310,34.815358
באר שבע,שדרת הערים התאומות,25,שכונת רמות הרכס,31.280514,34.799140
באר שבע,אהרליך פאול,12,שכונת רמות,31.269739,34.808113
באר שבע,קציר אהרון,47,,31.273228,34.808147
באר שבע,הכותל המערבי,44,,31.249666,34.784946
באר שבע,פרטוש עדן,25,,31.221644,34.773844
באר שבע,זוסמן יואל,2,,31.269263,34.777373
באר שבע,שאול המלך,43,שכונת ו,31.263460,34.782793
באר שבע,קיפניס לוין,19,שכונת נווה זאב,31.238642,34.780282
באר שבע,אירוס הנגב,34,,31.229177,34.794713
באר שבע,דוד הראובני,3,שכונת נווה מנחם,31.265176,34.764506
באר שבע,"זק""ש נלי",14,,31.271409,34.807279
באר שבע,דנציגר יצחק,14,,31.245450,34.762223
באר שבע,שטה,57,,31.229547,34.792066
באר שבע,שלמה המלך,16,שכונת ד,31.260079,34.796272
באר שבע,החורש,24,,31.217411,34.810845
באר שבע,גבעתי,5,,31.256858,34.807316
באר שבע,תקוע יוסף,137,,31.277850,34.820177
באר שבע,ברטונוב יהושע,6,,31.269373,34.770805
באר שבע,שבזי,7,שכונת א,31.248475,34.795931
באר שבע,אלכסנדר ינאי,1,שכונת ד,31.262347,34.796506
באר שבע,גירית,34,שכונת ה,31.250342,34.778652
באר שבע,תקוע יוסף,23,,31.276572,34.820255
באר שבע,רחבת יעל,27,,31.261719,34.774199
באר שבע,יוחנן הורקנוס,66,שכונת ד,31.266707,34.796225
באר שבע,רחבת מבצע קדם,32,שכונת ו,31.265409,34.783322
באר שבע,דביר,20,שכונת נווה מנחם,31.263912,34.762309
באר שבע,השלום,3,שכונת ב,31.251848,34.801787
באר שבע,שלשת בני עין חרוד,43,שכונת עיר עתיקה,31.238334,34.791641
באר שבע,הגדודים,33,,31.235325,34.783831
באר שבע,משעול מבצע יונתן,29,שכונת ו,31.265399,34.782946
באר שבע,הכותל המערבי,20,שכונת א,31.247196,34.786455
באר שבע,הרצל,86,,31.242004,34.790340
באר שבע,גורדון א ד,5,שכונת א,31.248048,34.794880
באר שבע,טרומפלדור,5,שכונת עיר עתיקה,31.236311,34.788594
באר שבע,גינצבורג דוד,18,שכונת רמות,31.274567,34.806701
באר שבע,ברגסון אנרי,4,שכונת רמות,31.271603,34.806291
באר שבע,אסא,8,,31.262526,34.780750
באר שבע,בוסקוביץ אלכסנדר,2,,31.219677,34.774510
באר שבע,עמיצור שמשון,13,שכונת רמות הרכס,31.282067,34.798927
באר שבע,קויפמן,4,,31.253397,34.773013
באר שבע,העצמאות,23,,31.238673,34.791845
באר שבע,גוש עציון,3,שכונת ג,31.254018,34.809408
באר שבע,ברש אשר,9,שכונת נווה זאב,31.239945,34.776261
באר שבע,אלתרמן,9,,31.252922,34.773722
באר שבע,האיילה,18,שכונת ה,31.250558,34.777130
באר שבע,הכותל המערבי,30,שכונת א,31.247969,34.785515
באר שבע,אבן-שושן אברהם,133,,31.247917,34.758334
באר שבע,רחבת עשהאל,3,שכונת ו,31.262393,34.778088
באר שבע,הרמלין יוסף,6,שכונת רמות,31.266254,34.813184
באר שבע,צביה ויצחק,9,שכונת נחל בקע,31.224569,34.778574
באר שבע,אפרים,2,שכונת עיר עתיקה,31.239906,34.780948
באר שבע,רחבת שלומציון,14,שכונת ו,31.264597,34.782079
באר שבע,"חז""ל",94,שכונת ב,31.257850,34.790156
באר שבע,אורבך אפרים,27,,31.246795,34.758192
באר שבע,מנדלסון,23,שכונת ב,31.256118,34.789042
באר שבע,חרדון,28,שכונת ה,31.249643,34.778314
באר שבע,דה-שליט עמוס,9,שכונת רמות,31.271684,34.807727
באר שבע,הר מירון,22,,31.277110,34.808671
באר שבע,עמיר אנדה,33,שכונת נווה מנחם,31.271601,34.766465
באר שבע,צבעוני,42,,31.229062,34.779526
באר שבע,שיזף,37,,31.231751,34.789838
באר שבע,ירקוני עמוס,20,,31.267107,34.773227
באר שבע,קהירי,5,,31.284444,34.802017
באר שבע,"הע""ל",30,,31.232697,34.796174
באר שבע,אקצין בנימין,1,,31.270090,34.778598
באר שבע,רחבת הראל,3,,31.264094,34.774841
באר שבע,התלמוד,78,,31.269366,34.784272
באר שבע,רובינא חנה,20,,31.270509,34.770106
באר שבע,צבי-רן שלמה,12,,31.273802,34.819013
באר שבע,שועלי שמשון,4,,31.256428,34.805099
באר שבע,אביגד,10,,31.274982,34.801207
באר שבע,תלמי מאיר,6,,31.265859,34.810385
באר שבע,מסקין אהרון,19,,31.269839,34.766929
באר שבע,האוזנר גדעון,17,,31.287001,34.804919
באר שבע,בנטואיץ יוסף,9,,31.269414,34.806219
באר שבע,שד ירושלים,77,,31.245815,34.773561
באר שבע,עפרים,15,,31.249997,34.777847
באר שבע,מבצע משה,15,,31.237808,34.778245
באר שבע,ולבר יצחק,45,,31.241736,34.762820
באר שבע,ירקוני עמוס,14,,31.266723,34.774796
באר שבע,צפורה,12,,31.268416,34.763570
באר שבע,פריבס משה,21,,31.279393,34.797917
באר שבע,בזל,50,,31.250740,34.789056
באר שבע,בר-לב חיים,7,,31.265773,34.774817
באר שבע,האוזנר גדעון,65,,31.287541,34.807619
באר שבע,אש שלום,16,שכונת נווה זאב,31.237444,34.777324
באר שבע,אלעזר בן יאיר,4,שכונת ד,31.263586,34.791034
באר שבע,לוזון אפרים,52,,31.266891,34.757471
באר שבע,ברוור אברהם,107,שכונת רמות,31.275805,34.806484
באר שבע,חזן יעקב,40,,31.275736,34.817156
באר שבע,לנדאו חיים,12,שכונת יא,31.256938,34.761010
באר שבע,יוחנן הורקנוס,33,שכונת ד,31.265789,34.795193
באר שבע,אחד העם,1,שכונת א,31.248132,34.793223
באר שבע,הדעת,102,שכונת רמות,31.274213,34.804320
באר שבע,דרזנר יחיאל,3,שכונת רמות,31.266866,34.814967
באר שבע,חובב משה,32,,31.221360,34.775318
באר שבע,ילן-שטקליס מרים,28,שכונת נווה מנחם,31.271492,34.770246
באר שבע,יהושפט,8,,31.262712,34.782701
באר שבע,בורן מכס,11,,31.273635,34.802766
באר שבע,יערה,19,שכונת נווה נוי,31.231586,34.786341
באר שבע,סדן דב,11,שכונת רמות,31.268848,34.806033
באר שבע,יוחנן הורקנוס,23,שכונת ד,31.265300,34.794557
באר שבע,דרויאנוב אברהם,8,שכונת נווה מנחם,31.266616,34.756743
באר שבע,רודנסקי שמואל,31,שכונת נווה מנחם,31.271454,34.771654
באר שבע,רבקה,1,שכונת נווה מנחם,31.267677,34.764867
באר שבע,פייגנבאום אריה,34,,31.261411,34.756589
באר שבע,תקוע יוסף,35,שכונת רמות,31.276595,34.819505
באר שבע,שינדלר אוסקר,36,שכונת רמות הרכס,31.283011,34.798035
באר שבע,רב האי גאון,1,שכונת נאות לון,31.249701,34.761704
באר שבע,יציאת אירופה,21,שכונת ה,31.252004,34.784551
באר שבע,דרור,20,,31.228756,34.769298
באר שבע,טרומפלדור,52,שכונת עיר עתיקה,31.239163,34.791759
באר שבע,רודנסקי שמואל,60,,31.271945,34.771049
באר שבע,המכתשים,23,שכונת ד,31.269015,34.795083
באר שבע,חגלה,9,שכונת ה,31.248616,34.782461
באר שבע,צביה ויצחק,14,שכונת נחל בקע,31.224300,34.778399
באר שבע,מנשה,5,שכונת עיר עתיקה,31.239071,34.783450
באר שבע,אדמון ידידיה,12,,31.219568,34.773747
באר שבע,הרב סילברט,8,שכונת ד,31.270811,34.787868
באר שבע,?,31,שכונת ד,31.258152,34.793526
באר שבע,אמנון,5,,31.266900,34.766402
באר שבע,טשרניחובסקי,7,שכונת ב,31.256555,34.794808
באר שבע,הר חרמון,25,,31.274025,34.811527
באר שבע,הכותל המערבי,63,שכונת א,31.250463,34.785200
באר שבע,שופמן גרשון,11,שכונת נווה זאב,31.238591,34.774240
באר שבע,נרקיס עוזי,9,שכונת רמות הרכס,31.282213,34.803116
באר שבע,מסקין אהרון,60,שכונת נווה מנחם,31.272089,34.765307
באר שבע,דוידוביץ לב,19,שכונת רמות,31.272907,34.801819
באר שבע,משעול גבעון,15,שכונת ט,31.245442,34.775643
באר שבע,אדמון ידידיה,18,,31.220021,34.773145
באר שבע,פיינשטיין מאיר,24,,31.269106,34.814440
באר שבע,גיבתון חנוך,10,,31.223464,34.777878
באר שבע,שטיינברג יהודה,4,שכונת ו,31.267867,34.773545
באר שבע,סרן דב,7,שכונת נווה זאב,31.235678,34.779731
באר שבע,אביגדור המאירי,3,שכונת נווה זאב,31.238330,34.777367
באר שבע,הדסה,63,שכונת עיר עתיקה,31.241099,34.789620
באר שבע,הרצל,3,,31.237797,34.786072
באר שבע,יחיל חיים,1,,31.244227,34.800694
באר שבע,אבן ארי מיכאל,36,שכונת רמות,31.275940,34.805836
באר שבע,"חז""ל",32,שכונת ד,31.257803,34.793253
באר שבע,עפרוני,96,,31.230638,34.767894
באר שבע,אלישר,16,,31.273311,34.819469
באר שבע,פנחס החוצב,12,,31.245471,34.808559
באר שבע,טור סיני נפתלי,1,שכונת רמות,31.270595,34.806368
באר שבע,?,19,שכונת ד,31.258175,34.794556
באר שבע,חגי,3,שכונת עיר עתיקה,31.237585,34.783762
באר שבע,שופט אברהם,82,שכונת רמות,31.268196,34.812583
באר שבע,רזיאל,15,שכונת ג,31.258123,34.810956
באר שבע,פרטוש עדן,7,,31.220365,34.772384
באר שבע,משעול הערבה,39,שכונת ה,31.248674,34.779898
באר שבע,דותן,31,,31.264000,34.761939
באר שבע,נטר,28,,31.272908,34.826110
באר שבע,סמילן רות,41,,31.223343,34.774086
באר שבע,יוחנן הורקנוס,42,שכונת ד,31.266048,34.795795
באר שבע,הרב גורן שלמה,28,שכונת נאות לון,31.245332,34.765226
באר שבע,סטולר שמואל,11,שכונת נווה מנחם,31.271058,34.770026
באר שבע,דרזנר יחיאל,14,שכונת רמות,31.267840,34.814623
באר שבע,שמעון בר גיורא,5,שכונת ד,31.263363,34.792678
באר שבע,רחבת מבצע ברוש,11,שכונת ו,31.265431,34.783839
באר שבע,סמילן רות,7,,31.221668,34.776222
באר שבע,היילפרין ליפמן,10,שכונת נווה מנחם,31.262459,34.756318
באר שבע,פינקל שמעון,30,,31.264462,34.756511
באר שבע,תלמה,10,,31.220340,34.774590
באר שבע,השלום,70,שכונת ג,31.253914,34.810067
באר שבע,אלדד,52,שכונת רמות,31.274820,34.824095
באר שבע,רחבת אחזיה,5,שכונת ו,31.264608,34.785114
באר שבע,סוקולוב,15,,31.246340,34.790017
באר שבע,הר נס,2,,31.273125,34.810746
באר שבע,הבדיל,13,שכונת עמק שרה,31.226835,34.809776
באר שבע,תקוע יוסף,37,שכונת רמות,31.276732,34.819320
באר שבע,שד יעלים,55,שכונת ה,31.248790,34.780483
באר שבע,מקלף מרדכי,50,שכונת ו,31.268848,34.776434
באר שבע,זנגויל ישראל,4,שכונת נווה מנחם,31.265570,34.761086
באר שבע,אהרוני יוחנן,10,שכונת רמות,31.274393,34.806126
באר שבע,חזן יעקב,22,,31.275695,34.819222
באר שבע,ההסתדרות,100,,31.241478,34.790867
באר שבע,פורת לאה,4,,31.222541,34.777360
באר שבע,דרך מצדה,62,שכונת ד,31.259088,34.789890
באר שבע,עפרוני,74,,31.231329,34.767778
באר שבע,טננבוים מרדכי,12,,31.224072,34.781369
באר שבע,ויצמן,17,שכונת א,31.248116,34.793403
באר שבע,מיכאלסון יצחק,15,שכונת רמות,31.268352,34.807674
באר שבע,הר חרמון,32,,31.273473,34.812959
באר שבע,משעול פנקס דוד,24,שכונת יא,31.254916,34.763256
באר שבע,סגל צבי,1,שכונת רמות,31.270838,34.803916
באר שבע,רותם,43,,31.229336,34.793694
באר שבע,זינדר חמדה וצבי,14,שכונת נחל בקע,31.223233,34.777332
באר שבע,המדע,94,שכונת רמות,31.272859,34.806849
באר שבע,סנש חנה,13,שכונת ג,31.257656,34.809616
באר שבע,פטנקין דן,9,,31.247731,34.760282
באר שבע,העצמאות,8,,31.238346,34.792642
באר שבע,יהואש,14,,31.262614,34.786083
באר שבע,שתל יצחק,32,שכונת רמות,31.278145,34.821339
באר שבע,אלמוג,21,שכונת נווה נוי,31.229980,34.784576
באר שבע,ארגוב אלכסנדר,12,,31.248550,34.758563
באר שבע,מבצע עובדה,46,שכונת ו,31.260585,34.776280
באר שבע,חזן יעקב,2,,31.275519,34.820898
באר שבע,אפשטיין ישראל,6,,31.276059,34.817665
באר שבע,?,24,שכונת ד,31.258593,34.793147
באר שבע,אפשטיין ישראל,5,,31.276042,34.817206
באר שבע,רינגלבלום,60,שכונת ד,31.268576,34.800536
באר שבע,מיכל,4,,31.267863,34.763490
באר שבע,אלמוג,15,שכונת נווה נוי,31.230048,34.785060
באר שבע,חרדון,30,שכונת ה,31.249718,34.778296
באר שבע,חגי,8,שכונת עיר עתיקה,31.238108,34.784824
באר שבע,רופין ארתור,44,שכונת יא,31.265059,34.767018
באר שבע,רחל המשוררת,10,שכונת ב,31.253426,34.793843
באר שבע,רחבת אלכסנדרוני,15,שכונת ו,31.264691,34.778456
באר שבע,אפרים,16,שכונת עיר עתיקה,31.239723,34.782442
באר שבע,פרישמן דוד,8,שכונת נווה זאב,31.240327,34.774013
באר שבע,שופט אברהם,48,שכונת רמות,31.266760,34.814112
באר שבע,תקוע יוסף,111,,31.277569,34.819582
באר שבע,הכותל המערבי,38,שכונת א,31.248970,34.785055
באר שבע,סרלין יוסף,36,,31.260487,34.762847
באר שבע,הדסה,94,שכונת עיר עתיקה,31.242184,34.788606
באר שבע,ברטונוב יהושע,15,,31.270676,34.769507
באר שבע,"רמב""ן",20,,31.271791,34.785455
באר שבע,אלתרמן,8,,31.252934,34.774290
באר שבע,ממשית,3,שכונת ט,31.243730,34.769645
באר שבע,נרקיס עוזי,13,שכונת רמות הרכס,31.282384,34.803678
באר שבע,ילן-שטקליס מרים,25,,31.270593,34.768485
באר שבע,בובר מרטין,11,,31.267207,34.770768
באר שבע,מבצע דני,7,,31.260221,34.782739
באר שבע,רחל אמנו,3,שכונת נווה מנחם,31.268870,34.765956
באר שבע,אמיר אברהם,12,,31.276450,34.822532
באר שבע,שלשת בני עין חרוד,59,,31.238559,34.791870
באר שבע,מבצע חורב,12,,31.260659,34.784583
באר שבע,מרכז הנגב,2,,31.257345,34.806863
באר שבע,אבן-שושן אברהם,137,,31.247807,34.758641
באר שבע,האוזנר גדעון,47,שכונת רמות הרכס,31.288494,34.805737
באר שבע,לנדאו חיים,2,שכונת יא,31.256339,34.761818
באר שבע,יוסף בן מתתיהו,73,שכונת ד,31.265408,34.800803
באר שבע,אולשן יצחק,7,,31.268520,34.774562
באר שבע,טרומפלדור,36,,31.238650,34.791177
באר שבע,פקועה,22,,31.231027,34.794200
באר שבע,המרד,49,,31.272440,34.815382
באר שבע,אלעזר בן יאיר,10,שכונת ד,31.262867,34.791008
באר שבע,ברוור אברהם,113,שכונת רמות,31.275929,34.806228
באר שבע,הרב עדני,72,שכונת נאות לון,31.253738,34.761733
באר שבע,לוזון אפרים,21,שכונת נווה מנחם,31.264922,34.759834
באר שבע,שנונית,10,שכונת ה,31.250900,34.778618
באר שבע,דרך המשחררים,121,שכונת א,31.248445,34.783923
באר שבע,?,45,שכונת ד,31.258153,34.792341
באר שבע,חכים אליהו,25,,31.271757,34.812588
באר שבע,פייגנבאום אריה,20,שכונת נווה מנחם,31.261217,34.757497
באר שבע,רימלט אלימלך,2,שכונת יא,31.261446,34.766067
באר שבע,זהרי מיכאל,34,שכונת רמות,31.274632,34.803316
באר שבע,עורב,2,שכונת ה,31.249207,34.781171
באר שבע,כלנית,28,שכונת נווה נוי,31.232448,34.781346
באר שבע,התלמוד,44,שכונת ד,31.270024,34.786976
באר שבע,משה יצחק,7,,31.274827,34.805754
באר שבע,בורלא יהודה,13,שכונת ה,31.251072,34.775767
באר שבע,פלוסר דוד,4,,31.246554,34.761135
באר שבע,אדלר,6,שכונת ו,31.266720,34.770133
באר שבע,העליה,29,,31.253621,34.781651
באר שבע,שרירא גאון,20,,31.250397,34.760063
באר שבע,רימלט אלימלך,9,,31.261650,34.765501
באר שבע,ארנון יצחק,9,,31.269628,34.770950
באר שבע,קהירי,32,שכונת רמות הרכס,31.284438,34.801416
באר שבע,פרנק ג'ימס,8,שכונת רמות,31.273923,34.800410
באר שבע,אלוף יריב אהרון,12,שכונת רמות,31.266698,34.812619
באר שבע,פיקרד,36,שכונת רמות הרכס,31.277931,34.801816
באר שבע,לאה,46,שכונת נווה מנחם,31.269588,34.759906
באר שבע,ארן זלמן,15,,31.255325,34.761197
באר שבע,גוש עציון,95,שכונת ג,31.258707,34.810417
באר שבע,היילפרין ליפמן,11,שכונת נווה מנחם,31.262203,34.756232
באר שבע,רבקה,4,,31.268245,34.765101
באר שבע,נרקיס עוזי,2,שכונת רמות הרכס,31.281521,34.803725
באר שבע,פריץ אלברט,3,,31.266772,34.771117
באר שבע,"רמב""ם",43,,31.243209,34.790296
באר שבע,בר-לב חיים,27,שכונת ו,31.266251,34.772087
באר שבע,רחבת פל-ים,2,,31.265063,34.776957
באר שבע,מסקין אהרון,11,,31.269758,34.767228
באר שבע,לבון פנחס,2,שכונת רמות,31.265006,34.809352
באר שבע,גבריהו חיים,6,שכונת רמות,31.276330,34.804674
באר שבע,הרב עדני,13,שכונת נאות לון,31.252781,34.764365
באר שבע,רחבת אחזיה,4,שכונת ו,31.264634,34.785552
באר שבע,מזר בנימין,17,,31.244590,34.762625
באר שבע,מונטיפיורי,12,,31.249409,34.795533
באר שבע,הרב ריינס,30,,31.263215,34.760090
באר שבע,רבקה,12,שכונת נווה מנחם,31.268936,34.763938
באר שבע,חטיבת הנגב,12,שכונת עיר עתיקה,31.238052,34.782576
באר שבע,דרך מצדה,6,שכונת ד,31.258744,34.795665
באר שבע,הר בקע,2,,31.275566,34.808847
באר שבע,לינדנר יוחנן,2,שכונת רמות,31.273787,34.801773
באר שבע,הרב גורן שלמה,63,שכונת נאות לון,31.245367,34.764851
באר שבע,יערי מאיר,2,שכונת יא,31.257607,34.761762
באר שבע,העצמאות,29,שכונת עיר עתיקה,31.239172,34.791145
באר שבע,מנדלי מוכר ספרים,1,,31.247682,34.793854
באר שבע,סיגלון,29,שכונת נווה נוי,31.231423,34.782836
באר שבע,רזיאל,13,שכונת ג,31.258116,34.810823
באר שבע,קרן קיימת לישראל,55,,31.238037,34.791351
באר שבע,פלוסר דוד,22,,31.246157,34.760633
באר שבע,הר רמון,7,,31.275164,34.813711
באר שבע,סיני,34,שכונת ה,31.247546,34.779583
באר שבע,אדמון ידידיה,26,שכונת נחל בקע,31.220720,34.772293
באר שבע,?,86,שכונת ד,31.259250,34.788883
באר שבע,רונאל דב,7,שכונת נווה זאב,31.240546,34.772797
באר שבע,גוש עציון,26,,31.256549,34.806899
באר שבע,לוזון אפרים,57,שכונת נווה מנחם,31.266050,34.758135
באר שבע,הכותל המערבי,8,שכונת א,31.247747,34.787965
באר שבע,שלשת בני עין חרוד,4,,31.236242,34.790093
באר שבע,בנטואיץ יוסף,8,שכונת רמות,31.269167,34.806026
באר שבע,הדעת,28,שכונת רמות,31.268113,34.807217
באר שבע,ברוידס אברהם,20,שכונת נווה מנחם,31.265867,34.755891
באר שבע,פלדברג שמואל,70,שכונת רמות,31.276509,34.825340
באר שבע,אורות ישראל,29,,31.236291,34.762562
באר שבע,התיבונים,16,שכונת נאות לון,31.252671,34.763860
באר שבע,שרת משה,37,,31.260058,34.769205
באר שבע,בן חיים פאול,25,,31.222450,34.773195
באר שבע,שלשת בני עין חרוד,17,שכונת עיר עתיקה,31.237061,34.790318
באר שבע,מודעי יצחק,35,שכונת רמות,31.266520,34.808762
באר שבע,חוחית,59,,31.227729,34.762773
באר שבע,הצדיק מירושלים,62,,31.273671,34.787084
באר שבע,"שז""ר זלמן",13,שכונת מרכז אזרחי,31.248587,34.802912
באר שבע,בן דוד יוסף,5,שכונת רמות,31.273063,34.800824
באר שבע,ויתקון אלפרד,7,,31.270683,34.778096
באר שבע,דרך המשחררים,75,שכונת א,31.251343,34.786907
באר שבע,בית אשל,48,שכונת עיר עתיקה,31.238785,34.793330
באר שבע,הר חרמון,23,,31.274077,34.811334
באר שבע,הרב הרצוג,32,,31.260640,34.767533
באר שבע,רנה קסן,19,,31.273655,34.800703
באר שבע,בורן מכס,22,שכונת רמות,31.273905,34.803478
באר שבע,שדה יצחק,11,,31.242729,34.782980
באר שבע,הר עצמון,20,,31.274902,34.812203
באר שבע,רודנסקי שמואל,9,,31.270174,34.772483
באר שבע,עכו,39,שכונת נאות לון,31.251897,34.767824
באר שבע,פסמון,24,שכונת ה,31.249829,34.778651
באר שבע,עוזיה המלך,14,שכונת ד,31.261566,34.793481
באר שבע,תקוע יוסף,141,,31.277744,34.820299
באר שבע,משעול פנקס דוד,16,שכונת יא,31.254717,34.764451
באר שבע,דנציגר יצחק,9,שכונת נאות לון,31.245062,34.761630
באר שבע,בר אילן,6,,31.246023,34.793841
באר שבע,מסקין אהרון,63,שכונת נווה מנחם,31.272008,34.764632
באר שבע,בר יוחאי,38,,31.273210,34.794535
באר שבע,פרץ י ל,15,שכונת נווה זאב,31.240250,34.778829
באר שבע,הזז חיים,3,שכונת ב,31.253616,34.795992
באר שבע,דרך המשחררים,54,שכונת ב,31.252135,34.788595
באר שבע,ברוור אברהם,63,שכונת רמות,31.274465,34.807775
באר שבע,ייבין יהושע,2,שכונת נווה זאב,31.236292,34.765875
באר שבע,מבצע אסף,24,שכונת נווה זאב,31.237405,34.779943
באר שבע,ויניק זאב,20,,31.258998,34.759233
באר שבע,הצדיק מירושלים,63,,31.273160,34.786723
באר שבע,בר-לב חיים,21,שכונת ו,31.265620,34.772607
באר שבע,זילברג משה,22,,31.270002,34.775605
באר שבע,אבישג,3,שכונת נווה מנחם,31.269534,34.761520
באר שבע,מבצע נחשון,75,שכונת ד,31.263308,34.787463
באר שבע,אוליצקי אריה,4,שכונת נווה מנחם,31.259331,34.758215
באר שבע,רחל אמנו,61,,31.271048,34.763061
באר שבע,פרישמן דוד,4,שכונת נווה זאב,31.239428,34.772768
באר שבע,משעול גבעון,33,שכונת ט,31.244175,34.775414
באר שבע,אנפה,6,,31.275627,34.825223
באר שבע,חגי,4,שכונת עיר עתיקה,31.237687,34.784019
באר שבע,שרעבי,25,שכונת ג,31.254025,34.812296
באר שבע,גולדשטיין פרץ,17,שכונת נחל בקע,31.226413,34.779723
באר שבע,בז,28,,31.230665,34.770991
באר שבע,מודעי יצחק,12,שכונת רמות,31.265007,34.808498
באר שבע,זהרי מיכאל,20,,31.274023,34.802842
באר שבע,גויטיין דוד,19,,31.270068,34.775766
באר שבע,משעול מצפה,14,שכונת ט,31.246297,34.778510
באר שבע,הכותל המערבי,54,שכונת א,31.250442,34.785855
באר שבע,אפשטיין ישראל,10,שכונת רמות,31.276258,34.817351
באר שבע,שד ירושלים,82,שכונת נאות לון,31.246962,34.770311
באר שבע,בית אשל,56,שכונת עיר עתיקה,31.238962,34.793517
באר שבע,?,13,שכונת ד,31.258159,34.795666
באר שבע,טלמון יעקב,8,שכונת ו,31.266104,34.770669
באר שבע,מסקין אהרון,59,שכונת נווה מנחם,31.271735,34.764684
באר שבע,רחבת יבנה,31,שכונת ט,31.245671,34.772086
באר שבע,פראוור יהושע,5,,31.272374,34.805942
באר שבע,אירוס הנגב,25,,31.228908,34.794973
באר שבע,ברוור אברהם,25,,31.273143,34.808885
באר שבע,העליה,68,שכונת ה,31.256293,34.778358
באר שבע,יהואש,2,,31.262738,34.787455
באר שבע,דוידוביץ לב,28,,31.272732,34.802390
באר שבע,שלשת בני עין חרוד,49,,31.238448,34.791748
באר שבע,דה-שליט עמוס,34,שכונת רמות,31.272746,34.807338
באר שבע,רחל אמנו,9,שכונת נווה מנחם,31.269154,34.765807
באר שבע,"ד""ר טיכו",8,,31.260601,34.758290
באר שבע,יוכבד בת מרים,43,,31.268893,34.768722
באר שבע,שרת משה,38,שכונת יא,31.258511,34.768605
באר שבע,קרן היסוד,29,שכונת מרכז אזרחי,31.244548,34.800359
באר שבע,חוחית,55,,31.227193,34.762607
באר שבע,זוסמן יואל,11,,31.269622,34.776772
באר שבע,מודעי יצחק,36,שכונת רמות,31.267695,34.810164
באר שבע,רחבת גדעון,1,שכונת ו,31.262602,34.778901
באר שבע,שריג נחום,11,שכונת רמות הרכס,31.281348,34.804668
באר שבע,בן דוד יוסף,14,,31.273016,34.801504
באר שבע,אברמסון שרגא,2,שכונת רמות הרכס,31.276929,34.798082
באר שבע,ברזילי ישראל,9,שכונת יא,31.258803,34.761378
באר שבע,יאיר,32,,31.241329,34.790889
באר שבע,אקצין בנימין,5,,31.269951,34.778425
באר שבע,גיבתון חנוך,18,שכונת נחל בקע,31.223705,34.777556
באר שבע,הרב עדני,43,שכונת נאות לון,31.253515,34.761268
באר שבע,ההגנה,23,שכונת עיר עתיקה,31.238881,34.785926
באר שבע,הכשרת הישוב,28,שכונת עמק שרה,31.221667,34.812280
באר שבע,חזן יעקב,39,שכונת רמות,31.275450,34.817298
באר שבע,שינדלר אוסקר,30,,31.283284,34.799348
באר שבע,הכט ראובן,58,,31.275130,34.815499
באר שבע,סטרומה,23,,31.253741,34.778171
באר שבע,לברי מרק,15,שכונת נחל בקע,31.221378,34.774824
באר שבע,הגלבוע,27,שכונת ה,31.253148,34.771590
באר שבע,יוסף,3,שכונת עיר עתיקה,31.239119,34.782955
באר שבע,הצבי,58,שכונת ה,31.252785,34.773496
באר שבע,אביתר הכהן,27,,31.266671,34.764964
באר שבע,יוסף בן מתתיהו,18,שכונת ד,31.265507,34.798674
באר שבע,"רמב""ם",17,,31.241817,34.792344
באר שבע,שופט אברהם,140,,31.269766,34.811666
באר שבע,שד ירושלים,13,שכונת ט,31.245612,34.778494
באר שבע,סביון,15,שכונת נווה נוי,31.233074,34.779877
באר שבע,שמחוני אסף,6,שכונת עיר עתיקה,31.242669,34.787943
באר שבע,תמר,17,,31.229639,34.790225
באר שבע,ארדון מרדכי,4,שכונת נאות לון,31.247983,34.757684
באר שבע,אלמוג,23,שכונת נווה נוי,31.230034,34.784505
באר שבע,בזל,19,שכונת א,31.248409,34.787762
באר שבע,בסקין צבי,1,שכונת ג,31.251129,34.805403
באר שבע,בנטוב מרדכי,7,שכונת יא,31.256633,34.765881
באר שבע,וילנר אריה,7,שכונת נחל בקע,31.223409,34.779234
באר שבע,"רש""י",16,שכונת ד,31.268229,34.787143
באר שבע,אלחריזי,11,שכונת נאות לון,31.251017,34.764817
באר שבע,מקלף מרדכי,60,שכונת ו,31.268290,34.775114
באר שבע,אסא,18,,31.261293,34.780920
באר שבע,נמיר מרדכי,9,,31.259849,34.766573
באר שבע,שמעון בר גיורא,27,שכונת ד,31.261311,34.792644
באר שבע,גיבתון חנוך,50,שכונת נחל בקע,31.224985,34.775939
באר שבע,רחל אמנו,53,,31.270985,34.763500
באר שבע,אבידום מנחם,41,,31.221879,34.773101
באר שבע,הזוהר,28,,31.271713,34.788299
באר שבע,ברוור אברהם,65,שכונת רמות,31.274549,34.807752
באר שבע,שטיין ריכרד,55,,31.266030,34.769324
באר שבע,וילנסקי משה,6,,31.244647,34.761965
באר שבע,אירוס הנגב,52,,31.228802,34.793195
באר שבע,אייזנשטדט,20,,31.277028,34.823863
באר שבע,רינגלבלום,102,שכונת ד,31.269581,34.800373
באר שבע,חבצלת הנגב,103,,31.229838,34.786952
באר שבע,שטיינברג יהודה,46,שכונת ו,31.267955,34.771159
באר שבע,דודאים,26,שכונת נווה נוי,31.230674,34.780251
באר שבע,אשבל מיכאל,19,שכונת נווה זאב,31.241790,34.774628
באר שבע,גיבתון חנוך,16,שכונת נחל בקע,31.223646,34.777693
באר שבע,רודנסקי שמואל,84,,31.271972,34.769816
באר שבע,טרומפלדור,13,שכונת עיר עתיקה,31.236831,34.789013
באר שבע,הרצל,112,שכונת עיר עתיקה,31.242595,34.791204
באר שבע,אבישי,40,,31.260608,34.778580
באר שבע,חטיבת הנגב,4,שכונת עיר עתיקה,31.237716,34.781661
באר שבע,קשאני אליעזר,10,,31.270491,34.813319
באר שבע,ברוידס אברהם,37,שכונת נווה מנחם,31.265708,34.755156
באר שבע,דודאים,13,שכונת נווה נוי,31.231827,34.780623
באר שבע,השלום,25,,31.253211,34.803638
באר שבע,שד רגר יצחק,130,שכונת ד,31.267157,34.798457
באר שבע,הרצל,68,שכונת עיר עתיקה,31.241545,34.789912
באר שבע,רוקח ישראל,7,שכונת יא,31.261951,34.766537
באר שבע,?,80,שכונת ד,31.259130,34.789009
באר שבע,?,50,שכונת ד,31.258743,34.790925
באר שבע,העצמאות,32,שכונת עיר עתיקה,31.239393,34.791293
באר שבע,קראוס גרטרוד,3,,31.248896,34.756649
באר שבע,מנשה,2,שכונת עיר עתיקה,31.238712,34.782828
באר שבע,אלישר,11,,31.272995,34.819361
באר שבע,"רש""י",70,שכונת ד,31.268019,34.788400
באר שבע,בת שבע,19,,31.269917,34.761094
באר שבע,חבצלת הנגב,90,שכונת נווה נוי,31.231044,34.786866
באר שבע,רחבת אלכסנדרוני,6,,31.265083,34.777695
באר שבע,ויניק זאב,8,שכונת נווה מנחם,31.258601,34.759405
באר שבע,תקוע יוסף,3,,31.276422,34.821444
באר שבע,אלחריזי,4,שכונת נאות לון,31.251589,34.765355
באר שבע,אלרואי דוד,14,שכונת נווה מנחם,31.263983,34.763497
באר שבע,כלנית,7,שכונת נווה נוי,31.231028,34.780936
באר שבע,"ד""ר טיכו",41,,31.261689,34.756627
באר שבע,אהרונסון,11,שכונת נווה מנחם,31.265921,34.761785
באר שבע,סוקולוב,16,,31.246959,34.789947
באר שבע,הר כנען,8,,31.274252,34.814025
באר שבע,יפה אברהם,14,שכונת רמות הרכס,31.284561,34.808182
באר שבע,יוסקה,5,,31.281763,34.806039
באר שבע,זילברג משה,13,שכונת ו,31.269475,34.775491
באר שבע,אולשן יצחק,13,,31.269012,34.774356
באר שבע,עמיצור שמשון,19,שכונת רמות הרכס,31.282283,34.798508
באר שבע,פיינשטיין מאיר,29,,31.269372,34.813896
באר שבע,אינשטיין,11,שכונת ב,31.256346,34.790497
באר שבע,בן דוד יוסף,23,,31.273472,34.801667
באר שבע,ארניה אסוולדו,15,שכונת ד,31.267017,34.801701
באר שבע,נויפלד הנרי,15,שכונת רמות,31.268894,34.807860
באר שבע,אבן ארי מיכאל,10,שכונת רמות,31.274909,34.807217
באר שבע,הכותל המערבי,15,שכונת א,31.247354,34.787791
באר שבע,גיבור דניס,6,,31.267096,34.770554
באר שבע,הכותל המערבי,52,שכונת א,31.250425,34.785583
באר שבע,קרן קיימת לישראל,81,שכונת עיר עתיקה,31.238510,34.790715
באר שבע,משה יצחק,2,,31.274953,34.806224
באר שבע,הרב גורן שלמה,26,שכונת נאות לון,31.245196,34.765158
באר שבע,חגלה,20,שכונת ה,31.249363,34.783230
באר שבע,דרזנר יחיאל,6,שכונת רמות,31.267249,34.815075
באר שבע,רחבת אמציה,4,שכונת ו,31.264349,34.784288
באר שבע,צונדק ברנרד והרמן,38,שכונת רמות,31.270695,34.809769
באר שבע,פיקרד,21,שכונת רמות הרכס,31.278383,34.800773
באר שבע,הרצל,13,שכונת עיר עתיקה,31.238391,34.786657
באר שבע,רחבת ימית,11,שכונת ט,31.243926,34.772071
באר שבע,ארן זלמן,43,,31.256113,34.760132
באר שבע,זמורה משה,1,,31.269718,34.776689
באר שבע,מנדלסון,21,שכונת ב,31.256108,34.789152
באר שבע,שד רגר יצחק,166,שכונת ד,31.271531,34.798242
באר שבע,דרך מצדה,48,שכונת ד,31.258684,34.791062
באר שבע,פריבס משה,11,,31.278890,34.800368
באר שבע,נורית,8,שכונת נווה נוי,31.232100,34.777878
באר שבע,סבידור מנחם,37,שכונת יא,31.257352,34.763354
באר שבע,מבצע עובדה,53,,31.261689,34.773591
באר שבע,ויתקון אלפרד,16,,31.270962,34.777970
באר שבע,?,60,שכונת ד,31.259078,34.790053
באר שבע,"רמב""ן",63,,31.270828,34.783060
באר שבע,"רחבת לח""י",16,,31.264299,34.775646
באר שבע,יוסף בן מתתיהו,10,שכונת ד,31.265690,34.798659
באר שבע,מבצע עובדה,15,שכונת ו,31.259517,34.778226
באר שבע,חטיבת הנגב,13,שכונת עיר עתיקה,31.238396,34.782787
באר שבע,טרומפלדור,87,שכונת עיר עתיקה,31.239557,34.791721
באר שבע,הרב עדני,30,שכונת נאות לון,31.253188,34.763920
באר שבע,משעול סוסיה,8,שכונת ט,31.245148,34.773380
באר שבע,בני אור,56,שכונת ב,31.257728,34.782408
באר שבע,פיינברג אבשלום,6,,31.266710,34.760412
באר שבע,פריבס משה,25,,31.279637,34.797804
באר שבע,ברוידס אברהם,18,שכונת נווה מנחם,31.265945,34.755898
באר שבע,מסקין אהרון,41,שכונת נווה מנחם,31.271078,34.765652
באר שבע,פארן,3,שכונת ד,31.267715,34.793366
באר שבע,אורבך אפרים,5,,31.248131,34.759676
באר שבע,שמעון בר גיורא,3,שכונת ד,31.263609,34.792680
באר שבע,קציר אהרון,43,שכונת רמות,31.273080,34.808231
באר שבע,אסר טוביאס,2,שכונת רמות,31.271703,34.801466
באר שבע,?,15,שכונת ד,31.258111,34.795360
באר שבע,?,98,שכונת ד,31.259400,34.788606
באר שבע,מבצע חירם,15,,31.260833,34.784839
באר שבע,שיבטה,8,שכונת ט,31.244135,34.770073
באר שבע,פינקל שמעון,18,,31.264116,34.757706
באר שבע,הרב אסף שמחה,41,שכונת ד,31.265546,34.802969
באר שבע,וילנסקי משה,27,,31.244516,34.759970
באר שבע,השופט אלקיים,13,שכונת נאות לון,31.242269,34.764112
באר שבע,אורבך אפרים,23,,31.247069,34.758359
באר שבע,ברוד מקס,10,,31.265461,34.758409
באר שבע,משעול חפר,13,שכונת ט,31.245926,34.773017
באר שבע,רודנסקי שמואל,87,שכונת נווה מנחם,31.271154,34.768482
באר שבע,מנדלסון,35,שכונת ב,31.256348,34.788306
באר שבע,?,168,שכונת ו,31.258631,34.781867
באר שבע,גיבתון חנוך,26,שכונת נחל בקע,31.224001,34.777282
באר שבע,טולידנו,4,שכונת ו,31.267126,34.779333
באר שבע,פסמון,21,שכונת ה,31.249677,34.778733
באר שבע,פרץ י ל,9,שכונת נווה זאב,31.240319,34.779128
באר שבע,מרכוס,3,,31.250677,34.806216
באר שבע,ולבר יצחק,71,,31.242981,34.763090
באר שבע,פיקרד,78,,31.279763,34.800945
באר שבע,ליפמן גבריאל,11,,31.274791,34.800451
באר שבע,הכותל המערבי,35,שכונת א,31.247462,34.785525
באר שבע,ז'בוטינסקי זאב,36,שכונת ג,31.250292,34.809326
באר שבע,ארגוב אלכסנדר,15,שכונת נאות לון,31.248083,34.757690
באר שבע,עמיר אנדה,19,,31.271070,34.767123
באר שבע,אביגד,18,,31.275371,34.801514
באר שבע,חטיבת הנגב,42,שכונת עיר עתיקה,31.240125,34.785388
באר שבע,?,99,שכונת ד,31.261651,34.797450
באר שבע,חזמה יעקב,38,,31.223348,34.773437
באר שבע,בית שאן,32,שכונת נאות לון,31.249611,34.767104
באר שבע,סימון ארנסט דוד,1,שכונת רמות,31.268563,34.806818
באר שבע,קיפוד,6,שכונת ה,31.249854,34.777421
באר שבע,שקמה,27,,31.286396,34.800247
באר שבע,"שח""ל",33,שכונת א,31.244745,34.792796
באר שבע,בורלא יהודה,37,שכונת ה,31.251745,34.775433
באר שבע,עכו,56,שכונת נאות לון,31.251534,34.766523
באר שבע,דרזנר יחיאל,18,שכונת רמות,31.268133,34.814447
באר שבע,בצלאל,13,שכונת ב,31.252441,34.790105
באר שבע,המרד,3,,31.267936,34.816608
באר שבע,חזמה יעקב,14,,31.221679,34.775646
באר שבע,רופין ארתור,29,,31.265325,34.768632
באר שבע,הדסה,50,,31.240775,34.790446
באר שבע,בן חיים פאול,37,שכונת נחל בקע,31.223134,34.773883
באר שבע,בית שאן,74,שכונת נאות לון,31.248687,34.767355
באר שבע,גולומב,40,שכונת ג,31.256505,34.804206
באר שבע,עוזיה המלך,24,שכונת ד,31.260456,34.793642
באר שבע,הכותל המערבי,51,שכונת א,31.249291,34.784623
באר שבע,קציר אהרון,55,,31.273575,34.807792
באר שבע,פיינברג אבשלום,28,,31.265930,34.759532
באר שבע,סנהדרין,52,שכונת ד,31.271990,34.793076
באר שבע,צבעוני,4,שכונת נווה נוי,31.232580,34.779499
באר שבע,הלפרין,23,,31.261840,34.755574
באר שבע,חוחית,63,,31.228036,34.762845
באר שבע,לכיש,1,שכונת ט,31.244688,34.778229
באר שבע,יציאת אירופה,10,,31.251667,34.783592
באר שבע,מקלף מרדכי,7,שכונת ו,31.266486,34.784196
באר שבע,אלתרמן,33,,31.253402,34.774748
באר שבע,"רמב""ן",14,,31.271943,34.785758
באר שבע,גיבתון חנוך,39,,31.225227,34.775186
באר שבע,בן דוד יוסף,15,שכונת רמות,31.273339,34.801348
באר שבע,רחל אמנו,60,,31.271921,34.763373
באר שבע,מיכאלסון יצחק,7,שכונת רמות,31.268464,34.807335
באר שבע,אבן ארי מיכאל,37,שכונת רמות,31.275386,34.806135
באר שבע,חכים אליהו,47,,31.272824,34.813478
באר שבע,ברגסון אנרי,6,שכונת רמות,31.271608,34.806414
באר שבע,אבן-שושן אברהם,36,,31.244061,34.759436
באר שבע,רופין ארתור,23,,31.264842,34.768680
באר שבע,שלמה המלך,54,שכונת ד,31.260143,34.795057
באר שבע,החלוץ,54,,31.238358,34.789087
באר שבע,קורא הדורות,28,,31.250631,34.759034
באר שבע,לינדנר יוחנן,17,שכונת רמות,31.274493,34.801940
באר שבע,"הפלמ""ח",68,שכונת עיר עתיקה,31.239231,34.788809
באר שבע,הרב חביב חיים,10,שכונת נאות לון,31.251767,34.760009
באר שבע,מבצע יואב,32,שכונת ו,31.260055,34.780763
באר שבע,המכתשים,4,שכונת ד,31.268371,34.794995
באר שבע,?,183,שכונת ד,31.269316,34.797792
באר שבע,שרה אמנו,1,שכונת עיר עתיקה,31.239183,34.785278
באר שבע,?,18,שכונת ד,31.258575,34.793545
באר שבע,בלקינד נעמן,4,,31.266725,34.760053
באר שבע,ארדון מרדכי,13,,31.249294,34.756666
באר שבע,רמלה,25,שכונת ט,31.242178,34.766755
באר שבע,מיכאלסון יצחק,22,שכונת רמות,31.268016,34.807803
באר שבע,הרצל,64,שכונת עיר עתיקה,31.241404,34.789780
באר שבע,הגדודים,7,,31.236612,34.781904
באר שבע,אנפה,2,,31.275471,34.824879
באר שבע,שמעון בר גיורא,23,שכונת ד,31.261806,34.792663
באר שבע,קדושי בגדד,2,,31.253245,34.781821
באר שבע,אבישי,14,,31.261492,34.778284
באר שבע,שריג נחום,40,שכונת רמות הרכס,31.284347,34.806287
באר שבע,רחבת איבצן,8,שכונת ו,31.263120,34.778001
באר שבע,הדסה,68,שכונת עיר עתיקה,31.241196,34.789821
באר שבע,עמוס,2,שכונת עיר עתיקה,31.235869,34.785555
באר שבע,מסקין אהרון,64,שכונת נווה מנחם,31.272208,34.765144
באר שבע,הרב גורן שלמה,4,שכונת ט,31.243787,34.765040
באר שבע,חביב אבשלום,7,שכונת רמות,31.268024,34.815812
באר שבע,משעול הערבה,11,שכונת ה,31.247675,34.781535
באר שבע,רחל המשוררת,23,שכונת ב,31.253643,34.794480
באר שבע,רחבת שמגר השופט,22,שכונת ו,31.262526,34.775938
באר שבע,משה אדר,4,שכונת עיר עתיקה,31.241648,34.784246
באר שבע,אבן עזרא,67,שכונת ד,31.270130,34.784905
באר שבע,רבנו תם,1,שכונת ד,31.271613,34.786324
באר שבע,הצבי,13,שכונת ה,31.248711,34.777709
באר שבע,הוגו שמואל,11,שכונת רמות,31.271315,34.804779
באר שבע,צביה ויצחק,28,,31.223755,34.778793
באר שבע,רבנו תם,20,,31.271135,34.785331
באר שבע,רודנסקי שמואל,95,,31.270994,34.768118
באר שבע,רודנסקי שמואל,112,שכונת נווה מנחם,31.271448,34.768390
באר שבע,החלוץ,107,,31.241340,34.791488
באר שבע,יערי מאיר,18,שכונת יא,31.257598,34.762405
באר שבע,אבן ארי מיכאל,26,,31.275630,34.806305
באר שבע,ברנפלד שמעון,21,שכונת ד,31.270445,34.799638
באר שבע,הדעת,42,שכונת רמות,31.268532,34.806039
באר שבע,פייגנבאום אריה,10,שכונת נווה מנחם,31.260724,34.757621
באר שבע,אבן-שושן אברהם,20,,31.243262,34.760940
באר שבע,גרינבוים יצחק,5,שכונת יא,31.261433,34.765258
באר שבע,דנציגר יצחק,23,,31.244906,34.761386
באר שבע,אבישג,19,שכונת נווה מנחם,31.268999,34.760764
באר שבע,אבישי,22,,31.261273,34.779063
באר שבע,נרקיס עוזי,4,שכונת רמות הרכס,31.281753,34.803928
באר שבע,שד רגר יצחק,175,שכונת ד,31.268462,34.797530
באר שבע,בן יעקב צבי,10,,31.225759,34.778270
באר שבע,חבצלת הנגב,4,,31.234574,34.791613
באר שבע,חשין,22,,31.269743,34.774994
באר שבע,הגדודים,14,,31.236662,34.781346
באר שבע,דינור בן-ציון,5,,31.257777,34.760118
באר שבע,עורב,8,שכונת ה,31.249468,34.781399
באר שבע,רבי עקיבא,27,שכונת ד,31.259057,34.791865
באר שבע,ישעיהו הנביא,5,שכונת עיר עתיקה,31.238359,34.783835
באר שבע,רחבת אמציה,12,שכונת ו,31.264939,34.784689
באר שבע,שד מרש יעקב,18,שכונת רמות,31.267235,34.810160
באר שבע,רחבת אמציה,5,שכונת ו,31.264377,34.783850
באר שבע,שיפון,4,,31.223041,34.817112
באר שבע,דרבן,12,שכונת ה,31.250124,34.777226
באר שבע,חזן יעקב,7,שכונת רמות,31.275350,34.820470
באר שבע,הרב גבאי מנחם,8,שכונת ד,31.271945,34.795101
באר שבע,"רמב""ן",49,,31.271229,34.783636
באר שבע,בן סרוק מנחם,7,שכונת נאות לון,31.251816,34.762235
באר שבע,חסמן מרק,9,,31.264191,34.754886
באר שבע,שדרת הערים התאומות,32,שכונת רמות הרכס,31.283540,34.799153
באר שבע,שיפר יצחק,21,שכונת ד,31.271235,34.799204
באר שבע,זמיר ישעיהו,21,,31.274158,34.819125
באר שבע,?,102,שכונת ד,31.264224,34.798398
באר שבע,שופט אברהם,130,,31.269411,34.811382
באר שבע,גרשון,39,שכונת עיר עתיקה,31.242022,34.790650
באר שבע,הרב סילברט,12,שכונת ד,31.270707,34.787639
באר שבע,אבישי,42,,31.260636,34.778347
באר שבע,כפר הדרום,8,שכונת עיר עתיקה,31.236356,34.787985
באר שבע,אבן ארי מיכאל,21,,31.274828,34.806845
באר שבע,חזן יעקב,37,,31.275441,34.817481
באר שבע,אבן-שושן אברהם,71,,31.244387,34.758767
באר שבע,"חז""ל",80,שכונת ב,31.257764,34.790972
באר שבע,המכונאי,8,,31.221843,34.810248
באר שבע,קציר אהרון,36,שכונת רמות,31.273534,34.808220
באר שבע,פרטוש עדן,46,,31.223536,34.776293
באר שבע,הכט ראובן,29,,31.274721,34.818842
באר שבע,גוטמן נחום,7,שכונת נווה זאב,31.238194,34.778950
באר שבע,אברמסון שרגא,3,שכונת רמות הרכס,31.277355,34.798059
באר שבע,אלוף אדם יקותיאל,15,שכונת רמות,31.268131,34.811857
באר שבע,אלוף יריב אהרון,6,שכונת רמות,31.266377,34.812061
באר שבע,הר תבור,33,,31.277497,34.808576
באר שבע,טבנקין,34,,31.255706,34.774020
באר שבע,רוט אגון,12,,31.223815,34.780121
באר שבע,רחבת מבצע ארז,44,,31.265622,34.781249
באר שבע,יערי מאיר,32,שכונת יא,31.257615,34.763014
באר שבע,הרב ריינס,36,,31.263420,34.759811
באר שבע,אבישי,5,,31.261628,34.777517
באר שבע,?,20,,31.245885,34.797003
באר שבע,מבצע דני,68,,31.259856,34.782567
באר שבע,טולידנו,5,,31.267123,34.778566
באר שבע,זלפה,20,,31.270283,34.763086
באר שבע,"הפלמ""ח",93,שכונת עיר עתיקה,31.239941,34.787464
באר שבע,גרינשפן הרשל,30,שכונת נווה מנחם,31.268225,34.757380
באר שבע,חטיבת הנגב,27,שכונת עיר עתיקה,31.239196,34.784154
באר שבע,גבולות,11,שכונת ט,31.244491,34.771536
באר שבע,האבות,29,שכונת עיר עתיקה,31.238434,34.788373
באר שבע,קדושי סלוניקי,1,שכונת נווה מנחם,31.266092,34.758029
באר שבע,גרוסמן מאיר,5,שכונת נווה זאב,31.234618,34.767047
באר שבע,המכבים,21,שכונת עיר עתיקה,31.243393,34.781740
באר שבע,רחבת פל-ים,16,,31.264565,34.776660
באר שבע,צבר,8,שכונת נווה נוי,31.232993,34.793902
באר שבע,כפר הדרום,10,שכונת עיר עתיקה,31.236651,34.787724
באר שבע,זהרי מיכאל,33,שכונת רמות,31.274830,34.803043
באר שבע,עין גדי,41,שכונת נאות לון,31.250749,34.767110
באר שבע,חבקוק,4,שכונת עיר עתיקה,31.236676,34.784391
באר שבע,שלמה המלך,5,שכונת ד,31.261371,34.797030
באר שבע,דה-שליט עמוס,13,שכונת רמות,31.272027,34.807554
באר שבע,אבידום מנחם,7,,31.220464,34.774965
באר שבע,שדה יצחק,6,שכונת עיר עתיקה,31.241347,34.782255
באר שבע,חוה,9,שכונת נווה מנחם,31.268197,34.762192
באר שבע,נשר,45,,31.225089,34.765573
באר שבע,אלישבע,4,שכונת נווה מנחם,31.270316,34.769470
באר שבע,רחל אמנו,39,שכונת נווה מנחם,31.270644,34.764120
באר שבע,לאה,47,,31.269516,34.758960
באר שבע,קהירי,6,שכונת רמות הרכס,31.285515,34.801212
באר שבע,שבזי,5,שכונת א,31.248607,34.795752
באר שבע,שופט אברהם,112,שכונת רמות,31.268910,34.811815
באר שבע,דיה,24,שכונת פלח שבע,31.230730,34.761766
באר שבע,ילין דוד,22,,31.271379,34.806301
באר שבע,שופט אברהם,70,שכונת רמות,31.267599,34.813441
באר שבע,בר ניסן,54,שכונת נווה זאב,31.239711,34.766230
באר שבע,מנדלסון,15,שכונת ב,31.256278,34.789534
באר שבע,עין גדי,26,שכונת נאות לון,31.250611,34.768916
באר שבע,הר כנען,24,,31.274141,34.812611
באר שבע,עפרוני,57,שכונת פלח שבע,31.230846,34.767820
באר שבע,דרך מצדה,262,שכונת יא,31.254298,34.771636
באר שבע,מורדי הגטאות,46,,31.238639,34.790144
באר שבע,עכו,70,שכונת נאות לון,31.251403,34.767300
באר שבע,אבנר,29,,31.261152,34.778272
באר שבע,טרומפלדור,101,,31.240301,34.792522
באר שבע,מסקין אהרון,6,שכונת נווה מנחם,31.269691,34.767883
באר שבע,הגר,3,שכונת עיר עתיקה,31.240559,34.784584
באר שבע,פיינברג אבשלום,8,,31.266740,34.760337
באר שבע,הרב גבאי מנחם,20,שכונת ד,31.271663,34.794116
באר שבע,קדושי סלוניקי,36,,31.265049,34.758114
באר שבע,הרב ריינס,21,,31.263109,34.759890
באר שבע,זנגויל ישראל,1,שכונת נווה מנחם,31.265505,34.761373
באר שבע,יהואש,19,,31.262291,34.785411
באר שבע,בר ניסן,48,שכונת נווה זאב,31.239851,34.765665
באר שבע,היילפרין ליפמן,30,,31.261983,34.755355
באר שבע,ויתקון אלפרד,24,,31.270837,34.777576
באר שבע,ישעיהו ישראל,6,שכונת יא,31.256437,34.763790
באר שבע,ארץ חמדה,22,שכונת נווה זאב,31.234111,34.763249
באר שבע,אפק,4,שכונת ט,31.243625,34.767195
באר שבע,פארן,7,שכונת ד,31.267431,34.794107
באר שבע,ינשוף,19,,31.229049,34.765360
באר שבע,ההסתדרות,101,,31.242653,34.791595
באר שבע,בית שאן,86,שכונת נאות לון,31.248244,34.767869
באר שבע,בורוכוב,2,,31.249975,34.796724
באר שבע,הר כנען,38,,31.274490,34.811335
באר שבע,רודנסקי שמואל,12,שכונת נווה מנחם,31.270391,34.772768
באר שבע,הרב טנא שלמה,2,שכונת נווה זאב,31.234591,34.781790
באר שבע,שיזף,58,,31.231040,34.787994
באר שבע,שד רגר יצחק,179,שכונת ד,31.268927,34.797830
באר שבע,רחבת שמגר השופט,28,שכונת ו,31.263016,34.775615
באר שבע,ברגסון אנרי,13,שכונת רמות,31.272077,34.806538
באר שבע,בית שאן,1,שכונת נאות לון,31.250281,34.766870
באר שבע,בר הלל יהושע,10,שכונת רמות,31.269790,34.804963
באר שבע,שיפון,2,,31.223084,34.817364
באר שבע,לישנסקי יוסף,4,שכונת נווה מנחם,31.267317,34.759181
באר שבע,מבצע עובדה,42,שכונת ו,31.260524,34.776556
באר שבע,ברטונוב יהושע,11,שכונת נווה מנחם,31.270524,34.769623
באר שבע,אדמון ידידיה,31,,31.220006,34.772767
באר שבע,בדר יוחנן,35,,31.273566,34.824683
באר שבע,הקוצר,11,,31.213263,34.811884
באר שבע,אחד העם,13,,31.247246,34.792120
באר שבע,זרזיר,6,שכונת ה,31.249462,34.782275
באר שבע,לוין שמריהו,15,שכונת מרכז אזרחי,31.245270,34.797031
באר שבע,הר רמון,26,,31.275910,34.812240
באר שבע,אולשן יצחק,5,,31.268444,34.774614
באר שבע,קציר אהרון,7,,31.271602,34.809029
באר שבע,ההגנה,7,שכונת עיר עתיקה,31.237366,34.784017
באר שבע,שאול המלך,169,שכונת יא,31.254661,34.766818
באר שבע,סנהדרין,134,שכונת ד,31.269878,34.788300
באר שבע,שלמה המלך,44,שכונת ד,31.260093,34.795308
באר שבע,בר ניסן,13,שכונת נווה זאב,31.239678,34.763125
באר שבע,הר מירון,18,,31.277073,34.809092
באר שבע,אדמון ידידיה,24,,31.220808,34.772381
באר שבע,סמילנסקי,34,,31.237652,34.787518
באר שבע,דרך מצדה,192,שכונת ו,31.259114,34.777223
באר שבע,אבשלום,7,,31.265801,34.765206
באר שבע,וילנסקי משה,8,שכונת נאות לון,31.244465,34.761429
באר שבע,רב האי גאון,2,שכונת נאות לון,31.249745,34.762091
באר שבע,פנחס החוצב,4,,31.244774,34.807404
באר שבע,אלרואי דוד,19,,31.263794,34.763699
באר שבע,זילברג משה,8,,31.269225,34.776003
באר שבע,אדלר,17,,31.266907,34.769622
באר שבע,ההסתדרות,26,,31.238288,34.787871
באר שבע,יפה אברהם,50,,31.285610,34.807330
באר שבע,פרופ' שיבא,56,,31.261247,34.755818
באר שבע,ז'בוטינסקי זאב,44,שכונת ג,31.251140,34.809424
באר שבע,ניב דוד,18,שכונת נווה זאב,31.238947,34.770156
באר שבע,שטיינברג יהודה,28,,31.268473,34.771949
באר שבע,קדש,24,שכונת ד,31.267759,34.797418
באר שבע,אבן עזרא,40,שכונת ד,31.270442,34.784764
באר שבע,יוחנן הורקנוס,11,שכונת ד,31.265386,34.794206
באר שבע,רחבת אמציה,11,שכונת ו,31.264752,34.784137
באר שבע,הנחושת,16,,31.226867,34.808073
באר שבע,גיבתון חנוך,42,,31.224764,34.776294
באר שבע,גורדון א ד,3,שכונת א,31.247944,34.795128
באר שבע,אברבנאל,16,שכונת יא,31.254648,34.769810
באר שבע,רובינא חנה,16,שכונת נווה מנחם,31.270599,34.770270
באר שבע,זלפה,16,,31.270162,34.763251
באר שבע,סגל צבי,5,שכונת רמות,31.270877,34.804059
באר שבע,ארניה אסוולדו,49,שכונת ד,31.266764,34.802198
באר שבע,ארץ חמדה,31,,31.234627,34.764102
באר שבע,מבצע אסף,3,שכונת נווה זאב,31.236616,34.779606
באר שבע,הפחח,7,שכונת עמק שרה,31.224540,34.810461
באר שבע,אבן עזרא,23,,31.270363,34.786084
באר שבע,יהודה הלוי,7,שכונת ב,31.257463,34.786612
באר שבע,דנציגר יצחק,44,,31.244892,34.760489
באר שבע,מנדלסון,29,שכונת ב,31.256241,34.788638
באר שבע,ארן זלמן,35,שכונת יא,31.255562,34.760496
באר שבע,גויטיין דוד,1,,31.269074,34.776393
באר שבע,הר חרמון,28,,31.273552,34.812577
באר שבע,זרזיר,16,שכונת ה,31.249758,34.781920
באר שבע,דוידוביץ לב,22,שכונת רמות,31.272674,34.802141
באר שבע,האבות,84,שכונת עיר עתיקה,31.240882,34.785205
באר שבע,אבן עזרא,43,שכונת ד,31.269986,34.785224
באר שבע,"רמב""ן",44,שכונת ד,31.271647,34.783975
באר שבע,סתונית,38,שכונת נווה נוי,31.228234,34.779157
באר שבע,גרוסמן מאיר,25,,31.236735,34.767199
באר שבע,לינדנר יוחנן,35,,31.275170,34.802531
באר שבע,ארניה אסוולדו,33,שכונת ד,31.267058,34.802001
באר שבע,די זהב אפרים,40,,31.224351,34.774155
באר שבע,נקר מאיר,7,שכונת רמות,31.267952,34.815739
באר שבע,בזל,16,,31.248756,34.788337
באר שבע,הכותל המערבי,7,,31.249760,34.786127
באר שבע,גרשם שלום,12,שכונת רמות,31.270304,34.804870
באר שבע,בת שבע,34,,31.270184,34.761292
באר שבע,רנה קסן,30,,31.274452,34.801563
באר שבע,צפורי,3,שכונת ט,31.246377,34.777691
באר שבע,ולבר יצחק,15,שכונת נאות לון,31.241573,34.764892
באר שבע,הקוצר,16,,31.213733,34.811650
באר שבע,דרך המשחררים,44,שכונת ב,31.252063,34.789856
באר שבע,פורת לאה,5,,31.222399,34.777103
באר שבע,ברק,18,שכונת עיר עתיקה,31.241792,34.781160
באר שבע,ז'בוטינסקי זאב,6,שכונת ג,31.247748,34.807753
באר שבע,גרשם שלום,11,שכונת רמות,31.270508,34.804569
באר שבע,בסקין צבי,7,,31.250482,34.805003
באר שבע,פינקל שמעון,21,,31.263934,34.757361
באר שבע,משעול מבצע יונתן,18,שכונת ו,31.265715,34.782643
באר שבע,מבצע דני,64,,31.259860,34.782186
באר שבע,קרן קיימת לישראל,113,שכונת עיר עתיקה,31.239054,34.789994
באר שבע,בת שבע,12,,31.269473,34.762184
באר שבע,רבי עקיבא,22,שכונת ד,31.259326,34.792783
באר שבע,בזל,23,שכונת א,31.248379,34.787234
באר שבע,גורדון א ד,15,שכונת א,31.248292,34.795444
באר שבע,שקמה,51,שכונת רמות הרכס,31.286254,34.798712
באר שבע,שד יעלים,24,שכונת ה,31.250416,34.780045
באר שבע,נגבה,57,שכונת עיר עתיקה,31.241619,34.782040
באר שבע,בן יעקב צבי,4,שכונת נחל בקע,31.225488,34.778318
באר שבע,ברזני משה,11,,31.269111,34.814676
באר שבע,ברוידס אברהם,13,שכונת נווה מנחם,31.265943,34.756347
באר שבע,עפרוני,76,,31.231350,34.767712
באר שבע,פטנקין דן,22,שכונת נאות לון,31.247933,34.760715
באר שבע,רנה קסן,28,,31.274387,34.801501
באר שבע,גרשם שלום,31,שכונת רמות,31.270942,34.805554
באר שבע,דה-שליט עמוס,11,שכונת רמות,31.271726,34.807750
באר שבע,בלוך רודולף,50,שכונת רמות,31.273436,34.807553
באר שבע,העליה,84,שכונת ה,31.256998,34.775824
באר שבע,בית שאן,116,שכונת נאות לון,31.248051,34.767805
באר שבע,יאיר,4,,31.239993,34.792740
באר שבע,משעול הערבה,31,שכונת ה,31.248479,34.780417
באר שבע,הר עצמון,11,,31.275000,34.813040
באר שבע,גרינבוים יצחק,16,,31.261850,34.764832
באר שבע,ורטהיימר חיים,10,שכונת רמות,31.271221,34.809058
באר שבע,גוטמן נחום,4,שכונת נווה זאב,31.238378,34.779465
באר שבע,די זהב אפרים,7,,31.222053,34.776624
באר שבע,גולומב,36,,31.255701,34.804189
באר שבע,דרך המשחררים,27,שכונת ב,31.251354,34.794491
באר שבע,אירוס הנגב,9,,31.229477,34.796304
באר שבע,אביגיל,31,,31.269207,34.760541
באר שבע,גלילי ישראל,27,שכונת רמות הרכס,31.284703,34.803874
באר שבע,"ד""ר טיכו",60,שכונת נווה מנחם,31.261967,34.756319
באר שבע,הפלדה,18,שכונת עמק שרה,31.225365,34.811575
באר שבע,שירמן חיים,7,שכונת רמות,31.272513,34.804730
באר שבע,סיגלון,17,שכונת נווה נוי,31.231038,34.783364
באר שבע,עמיר אנדה,59,,31.272472,34.765193
באר שבע,השומר,8,,31.246898,34.793869
באר שבע,ז'בוטינסקי זאב,42,שכונת ג,31.250920,34.809356
באר שבע,הכותל המערבי,55,שכונת א,31.249749,34.784674
באר שבע,אמיר אברהם,57,שכונת רמות,31.277344,34.822115
באר שבע,שד יעלים,23,,31.247779,34.781896
באר שבע,דרור,67,,31.227004,34.768634
באר שבע,העליה,47,שכונת ה,31.255300,34.779399
באר שבע,יוסף בן מתתיהו,33,שכונת ד,31.265704,34.800506
באר שבע,יריחו,11,שכונת ט,31.243847,34.778836
באר שבע,סמילנסקי,55,שכונת עיר עתיקה,31.238722,34.785442
באר שבע,מיכאלסון יצחק,3,שכונת רמות,31.268537,34.807163
באר שבע,ויניק זאב,12,שכונת נווה מנחם,31.258677,34.759560
באר שבע,נורית,3,שכונת נווה נוי,31.232577,34.778318
באר שבע,הר עודד,3,,31.272902,34.811115
באר שבע,פקועה,26,,31.231040,34.793812
באר שבע,דידנר מנחם,10,שכונת רמות הרכס,31.280826,34.804071
באר שבע,דרך מצדה,228,שכונת יא,31.257420,34.774238
באר שבע,טלמון יעקב,15,,31.266104,34.770176
באר שבע,שד רגר יצחק,126,שכונת ד,31.265957,34.798817
באר שבע,הרב הרצוג,33,,31.260352,34.768050
באר שבע,אפרת יעקב,6,,31.270065,34.771730
באר שבע,חוחית,16,,31.227911,34.763704
באר שבע,טרומפלדור,64,,31.239451,34.792008
באר שבע,משעול גבעון,22,שכונת ט,31.244470,34.775595
באר שבע,חכים אליהו,2,,31.272052,34.814996
באר שבע,סתונית,8,שכונת נווה נוי,31.229462,34.781104
באר שבע,הדסה,6,שכונת עיר עתיקה,31.238687,34.793370
באר שבע,פיינברג אבשלום,10,,31.266605,34.760256
באר שבע,אבשלום,59,שכונת נווה מנחם,31.267392,34.766828
באר שבע,"הפלמ""ח",83,,31.239501,34.788018
באר שבע,דודאים,3,שכונת נווה נוי,31.232565,34.780711
באר שבע,פרופ' שיבא,15,,31.259986,34.758987
באר שבע,עכו,18,שכונת נאות לון,31.250972,34.768727
באר שבע,חרדון,8,שכונת ה,31.249240,34.778847
באר שבע,בן חביב,2,שכונת ו,31.268304,34.779612
באר שבע,בורוכוב,1,,31.249877,34.797031
באר שבע,אירוס הנגב,50,,31.228855,34.793383
באר שבע,אוליצקי אריה,16,,31.258849,34.758511
באר שבע,צ'לנוב יחיאל,1,שכונת נווה מנחם,31.265310,34.761649
באר שבע,בלוך רודולף,19,,31.271983,34.808334
באר שבע,הר בוקר,1,,31.272054,34.810734
באר שבע,לבון פנחס,4,שכונת רמות,31.265158,34.809220
באר שבע,אפרסמון,1,שכונת נווה נוי,31.230763,34.785728
באר שבע,זמורה משה,11,,31.269124,34.775345
באר שבע,סגל צבי,18,שכונת רמות,31.270893,34.804788
באר שבע,בר כוכבא,3,שכונת עיר עתיקה,31.243144,34.780610
באר שבע,חסמן מרק,15,,31.264179,34.754419
באר שבע,חרדון,4,שכונת ה,31.249187,34.778917
באר שבע,פילדרמן,11,,31.265387,34.760207
באר שבע,אבן-שושן אברהם,78,,31.247565,34.758144
באר שבע,?,47,שכונת ב,31.252851,34.798060
באר שבע,רחבת הרב עוזיאל,26,,31.255289,34.770214
באר שבע,רינגלבלום,76,שכונת ד,31.269009,34.800726
באר שבע,סמילן רות,45,,31.223471,34.773888
באר שבע,הצנחנים,32,,31.225476,34.780645
באר שבע,עכו,63,שכונת נאות לון,31.251676,34.767403
באר שבע,שד יעלים,91,שכונת ה,31.254698,34.776041
באר שבע,פרטוש עדן,38,שכונת נחל בקע,31.222818,34.775309
באר שבע,ברוד מקס,20,שכונת נווה מנחם,31.265771,34.758015
באר שבע,זינדר חמדה וצבי,42,,31.224933,34.775070
באר שבע,פועה,1,,31.270568,34.763209
באר שבע,רחבת הרב עוזיאל,23,שכונת יא,31.255982,34.771210
באר שבע,קרן קיימת לישראל,37,,31.237678,34.791776
באר שבע,ארניה אסוולדו,89,שכונת ד,31.265782,34.801985
באר שבע,האז גיאורג,11,,31.273907,34.805929
באר שבע,אבן ארי מיכאל,25,,31.274983,34.806749
באר שבע,פיקרד,82,שכונת רמות הרכס,31.279867,34.801185
באר שבע,העצמאות,39,שכונת עיר עתיקה,31.239574,34.790477
באר שבע,טננבוים מרדכי,10,,31.223993,34.781328
באר שבע,מורדי הגטאות,24,,31.237435,34.788997
באר שבע,הלפרין,1,שכונת ג,31.251485,34.804600
באר שבע,קלצ'קין רפאל,48,שכונת נווה מנחם,31.268484,34.770042
באר שבע,עבדת,3,שכונת נאות לון,31.246265,34.766426
באר שבע,אבישי,18,,31.261468,34.778694
באר שבע,ולבר יצחק,23,,31.241471,34.764421
באר שבע,ברגסון אנרי,18,שכונת רמות,31.271872,34.806896
באר שבע,עכו,54,שכונת נאות לון,31.251646,34.766433
באר שבע,הרב גורן שלמה,21,שכונת ט,31.244143,34.764617
באר שבע,פסמון,29,שכונת ה,31.249896,34.778489
באר שבע,רנה קסן,29,,31.274163,34.800842
באר שבע,אורות ישראל,11,שכונת נווה זאב,31.236424,34.764084
באר שבע,אירוס הנגב,60,,31.228718,34.792440
באר שבע,בני אור,70,שכונת ב,31.257732,34.781554
באר שבע,העצמאות,51,שכונת עיר עתיקה,31.240310,34.789349
באר שבע,טיומקין זאב,9,שכונת נווה זאב,31.239529,34.767451
באר שבע,שטיין ריכרד,41,,31.265447,34.769613
באר שבע,פרץ י ל,45,שכונת נווה זאב,31.241528,34.778232
באר שבע,ארדון מרדכי,8,,31.248474,34.757411
באר שבע,זריצקי יוסף,37,,31.261245,34.762192
באר שבע,רונאל דב,35,שכונת נווה זאב,31.239980,34.770929
באר שבע,מקלף מרדכי,9,שכונת ו,31.266600,34.783979
באר שבע,הר כנען,13,,31.274303,34.812949
באר שבע,הבדיל,25,שכונת עמק שרה,31.224522,34.809674
באר שבע,אבידום מנחם,45,שכונת נחל בקע,31.222242,34.772693
באר שבע,הר עודד,4,,31.272734,34.811423
באר שבע,מקלף מרדכי,67,שכונת ו,31.267765,34.774633
באר שבע,הדסה,25,,31.239531,34.791514
באר שבע,אברבנאל,38,שכונת יא,31.255218,34.767322
באר שבע,דוד הראובני,18,שכונת נווה מנחם,31.264250,34.764502
באר שבע,סטרומה,29,,31.254351,34.777828
באר שבע,?,76,שכונת ד,31.259157,34.789140
באר שבע,גורדון א ד,13,שכונת א,31.248401,34.795171
באר שבע,תקוע יוסף,79,,31.277272,34.818923
באר שבע,ורטהיימר חיים,8,,31.271173,34.808880
באר שבע,ניב דוד,9,שכונת נווה זאב,31.238568,34.769132
באר שבע,טרק גבריאל,3,שכונת רמות הרכס,31.279883,34.798833
באר שבע,?,41,,31.251649,34.797451
באר שבע,פיקרד,38,שכונת רמות הרכס,31.278188,34.801761
באר שבע,גרשון,12,שכונת עיר עתיקה,31.240935,34.792660
באר שבע,הר בוקר,4,,31.272627,34.811134
באר שבע,"רמב""ן",7,,31.271585,34.785917
באר שבע,אבשלום,9,,31.265767,34.765356
באר שבע,פרץ י ל,28,שכונת נווה זאב,31.241275,34.778509
באר שבע,שיזף,23,,31.231877,34.791519
באר שבע,עפרוני,43,שכונת פלח שבע,31.231017,34.768574
באר שבע,אמיר אברהם,25,,31.276673,34.824727
באר שבע,חובב משה,61,שכונת נחל בקע,31.223302,34.776736
באר שבע,ז'בוטינסקי זאב,10,שכונת ג,31.247844,34.808198
באר שבע,די זהב אפרים,55,,31.224128,34.774021
באר שבע,דרך מצדה,11,שכונת ד,31.258177,34.796006
באר שבע,בן דוד יוסף,8,,31.272833,34.801099
באר שבע,אגוז,19,,31.264535,34.761910
באר שבע,סתונית,10,שכונת נווה נוי,31.228999,34.780932
באר שבע,לוזון אפרים,62,שכונת נווה מנחם,31.267269,34.757000
באר שבע,וייס יעקב,3,,31.269580,34.814572
באר שבע,שנונית,19,שכונת ה,31.250109,34.779307
באר שבע,"רש""י",84,שכונת ד,31.268150,34.788765
באר שבע,וקסמן זלמן,4,,31.270379,34.807889
באר שבע,פרץ י ל,22,שכונת נווה זאב,31.240993,34.778503
באר שבע,גלעד,5,שכונת ד,31.267801,34.793550
באר שבע,זמיר ישעיהו,44,,31.274499,34.817545
באר שבע,נורית,24,שכונת נווה נוי,31.230826,34.777983
באר שבע,"שז""ר זלמן",7,שכונת מרכז אזרחי,31.247911,34.803471
באר שבע,רחבת יעל,10,שכונת ו,31.262282,34.774979
באר שבע,רזיאל,7,שכונת ג,31.258118,34.810451
באר שבע,בר הלל יהושע,21,שכונת רמות,31.270231,34.805300
באר שבע,בוסקוביץ אלכסנדר,48,,31.221950,34.771723
באר שבע,בן יעקב צבי,11,שכונת נחל בקע,31.225801,34.777996
באר שבע,אקצין בנימין,12,,31.270203,34.777625
באר שבע,בזל,45,שכונת א,31.250671,34.787642
באר שבע,דרך מצדה,184,שכונת ו,31.258882,34.779346
באר שבע,הזוהר,24,שכונת ד,31.271568,34.788493
באר שבע,הרב אסף שמחה,45,שכונת ד,31.265291,34.802619
באר שבע,הרב עדני,11,שכונת נאות לון,31.252725,34.764564
באר שבע,רינגלבלום,22,שכונת ד,31.267519,34.800521
באר שבע,דרך מצדה,134,שכונת ו,31.259374,34.785709
באר שבע,?,44,שכונת ד,31.258614,34.791520
באר שבע,טרומפלדור,81,,31.239341,34.791608
באר שבע,פיינשטיין מאיר,12,שכונת רמות,31.268085,34.815295
באר שבע,ילן-שטקליס מרים,46,,31.271065,34.769012
באר שבע,סקולסקי שלמה,9,שכונת נווה זאב,31.238902,34.771478
באר שבע,חגלה,26,שכונת ה,31.249655,34.782792
באר שבע,יוסף בן מתתיהו,57,שכונת ד,31.265199,34.799689
באר שבע,ויתקון אלפרד,56,שכונת ו,31.269945,34.776635
באר שבע,בר אילן,10,שכונת א,31.245853,34.793603
באר שבע,הגלבוע,15,שכונת ה,31.252230,34.771829
באר שבע,ההסתדרות,96,שכונת עיר עתיקה,31.241245,34.790602
באר שבע,זריצקי יוסף,3,,31.260029,34.760529
באר שבע,פרץ י ל,40,שכונת נווה זאב,31.240878,34.779029
באר שבע,המנוף,6,,31.228628,34.809422
באר שבע,מורדי הגטאות,114,שכונת עיר עתיקה,31.240760,34.792194
באר שבע,מיכאלסון יצחק,23,שכונת רמות,31.268161,34.808286
באר שבע,אלדד,46,שכונת רמות,31.274456,34.824221
באר שבע,קלצ'קין רפאל,43,,31.267695,34.768161
באר שבע,תלמה,1,,31.219900,34.774764
באר שבע,השלום,28,,31.252462,34.804650
באר שבע,נויפלד הנרי,12,שכונת רמות,31.268700,34.807602
באר שבע,זריצקי יוסף,19,,31.260395,34.760810
באר שבע,שלמה המלך,20,שכונת ד,31.260093,34.796165
באר שבע,חביב אבשלום,5,שכונת רמות,31.267747,34.815998
באר שבע,רחבת פל-ים,46,שכונת ו,31.264257,34.777657
באר שבע,סתונית,34,שכונת נווה נוי,31.228411,34.779336
באר שבע,רינגלבלום,80,שכונת ד,31.269176,34.800726
באר שבע,חבקוק,2,שכונת עיר עתיקה,31.236573,34.783900
באר שבע,בורלא יהודה,6,,31.252664,34.775931
באר שבע,אקצין בנימין,19,שכונת ו,31.269706,34.777721
באר שבע,שאול המלך,121,שכונת יא,31.259959,34.772034
באר שבע,יוסי הבורסקאי,7,,31.245665,34.809570
באר שבע,פילדרמן,23,,31.265657,34.759698
באר שבע,רוזנבלום הרצל,9,,31.236873,34.766225
באר שבע,אבן-שושן אברהם,13,,31.242990,34.761972
באר שבע,שלמה המלך,60,שכונת ד,31.260202,34.794891
באר שבע,המנוף,13,שכונת עמק שרה,31.228140,34.810109
באר שבע,התלמוד,56,שכונת ד,31.269697,34.786176
באר שבע,קיפניס לוין,25,שכונת נווה זאב,31.238859,34.780212
באר שבע,חוה,12,שכונת נווה מנחם,31.268517,34.763033
באר שבע,הדעת,89,שכונת רמות,31.270947,34.803116
באר שבע,אבשלום,37,,31.266293,34.766757
באר שבע,בן יעקב צבי,5,,31.225487,34.778051
באר שבע,רחל אמנו,67,שכונת נווה מנחם,31.270797,34.762475
באר שבע,בן חיים פאול,39,,31.223249,34.774038
באר שבע,מזר בנימין,50,,31.245967,34.759242
באר שבע,שיטרית,34,,31.254622,34.762764
באר שבע,האבות,18,שכונת עיר עתיקה,31.237756,34.789713
באר שבע,מבצע משה,2,שכונת נווה זאב,31.236741,34.779159
באר שבע,רוקח ישראל,8,שכונת יא,31.261985,34.765575
באר שבע,ארניה אסוולדו,9,שכונת ד,31.267021,34.801161
באר שבע,בית צורי אליהו,13,,31.272669,34.814663
באר שבע,הצבי,60,שכונת ה,31.252791,34.773401
באר שבע,משעול ניצנה,30,שכונת ה,31.248044,34.779189
באר שבע,בורן מכס,20,שכונת רמות,31.273684,34.803361
באר שבע,וקסמן זלמן,20,,31.270160,34.808625
באר שבע,ברטונוב יהושע,26,,31.270883,34.769823
באר שבע,האיילה,16,שכונת ה,31.250533,34.777059
באר שבע,זרובבל,11,,31.264618,34.763721
באר שבע,ילין דוד,63,שכונת רמות,31.271802,34.805692
באר שבע,מזר בנימין,24,,31.244016,34.760384
באר שבע,בן לברט,11,שכונת נאות לון,31.250724,34.762615
באר שבע,רחבת אלכסנדרוני,9,שכונת ו,31.265161,34.778236
באר שבע,חגי,5,שכונת עיר עתיקה,31.237803,34.784255
באר שבע,הר רמון,28,,31.275940,34.812070
באר שבע,גולומב,15,,31.253740,34.801289
באר שבע,ויתקון אלפרד,54,שכונת ו,31.269971,34.776587
באר שבע,החלוץ,3,שכונת עיר עתיקה,31.235875,34.785895
באר שבע,בר כוכבא,2,שכונת עיר עתיקה,31.242890,34.780749
באר שבע,רודנסקי שמואל,28,,31.271104,34.772363
באר שבע,דוידוביץ לב,26,,31.272711,34.802285
באר שבע,שלשת בני עין חרוד,1,שכונת עיר עתיקה,31.236207,34.789574
באר שבע,גרינשפן הרשל,8,שכונת נווה מנחם,31.268266,34.759282
באר שבע,קויפמן,32,שכונת ה,31.253799,34.774272
באר שבע,שפרינצק,7,שכונת ד,31.270233,34.793221
באר שבע,?,83,שכונת ב,31.258632,34.784142
באר שבע,עמיר אנדה,22,שכונת נווה מנחם,31.271422,34.767137
באר שבע,בן חיים פאול,1,,31.221120,34.771733
באר שבע,יהואש,3,,31.262465,34.787225
באר שבע,שד יעלים,51,שכונת ה,31.248664,34.780649
באר שבע,גוטמן נחום,5,שכונת נווה זאב,31.238136,34.779136
באר שבע,תלמה,21,,31.220779,34.773613
באר שבע,שמעוני,10,שכונת ב,31.254036,34.795406
באר שבע,זילברג משה,20,,31.269812,34.775685
באר שבע,דרך המשחררים,12,שכונת ב,31.251739,34.795795
באר שבע,בוסקוביץ אלכסנדר,28,שכונת נחל בקע,31.220953,34.772837
באר שבע,חטיבת הנגב,7,שכונת עיר עתיקה,31.238076,34.782011
באר שבע,הכותל המערבי,41,שכונת א,31.248048,34.785218
באר שבע,סגל צבי,3,שכונת רמות,31.270908,34.803920
באר שבע,שד ירושלים,56,שכונת ט,31.246626,34.774883
באר שבע,אלישר,28,,31.273228,34.818290
באר שבע,שלשת בני עין חרוד,25,שכונת עיר עתיקה,31.237467,34.790872
באר שבע,יוסף בן מתתיהו,60,שכונת ד,31.264768,34.800783
באר שבע,הס משה,2,שכונת א,31.250147,34.793219
באר שבע,פורת לאה,8,,31.222667,34.777194
באר שבע,גוטמן נחום,24,שכונת נווה זאב,31.239195,34.779225
באר שבע,רימלט אלימלך,15,,31.261928,34.765087
באר שבע,בן חיים פאול,35,שכונת נחל בקע,31.223071,34.773865
באר שבע,חומה ומגדל,4,,31.253647,34.802578
באר שבע,יסמין,20,,31.231506,34.792770
באר שבע,יוסף,4,שכונת עיר עתיקה,31.239293,34.783216
באר שבע,"רחבת לח""י",4,,31.264444,34.775574
באר שבע,אורות ישראל,57,,31.236159,34.763074
באר שבע,בורלא יהודה,4,,31.252486,34.775355
באר שבע,גרשון,34,שכונת עיר עתיקה,31.242485,34.790455
באר שבע,בלוך רודולף,2,,31.271416,34.808764
באר שבע,רחל אמנו,18,שכונת נווה מנחם,31.270061,34.765817
באר שבע,חרדון,15,שכונת ה,31.249388,34.778473
באר שבע,המכתשים,20,שכונת ד,31.268751,34.795216
באר שבע,אבשלום,4,שכונת נווה מנחם,31.265505,34.764933
באר שבע,דרך מצדה,44,שכונת ד,31.258614,34.791520
באר שבע,דרזנר יחיאל,20,שכונת רמות,31.268248,34.814309
באר שבע,הוגו שמואל,7,שכונת רמות,31.270814,34.805064
באר שבע,עמיר אנדה,7,שכונת נווה מנחם,31.270274,34.767791
באר שבע,בלוך רודולף,58,,31.273720,34.807347
באר שבע,הרב גבאי מנחם,11,שכונת ד,31.271652,34.795003
באר שבע,הכותל המערבי,25,שכונת א,31.246917,34.786640
באר שבע,פיינשטיין מאיר,19,שכונת רמות,31.268399,34.814640
באר שבע,העליה,21,שכונת ה,31.252771,34.782299
באר שבע,החורש,16,שכונת עמק שרה,31.217354,34.811901
באר שבע,קלאוזנר,8,שכונת ד,31.267439,34.799224
באר שבע,ההסתדרות,85,,31.241682,34.790682
באר שבע,הגנן,20,,31.218326,34.809419
באר שבע,דרך שמשון,15,,31.255687,34.780151
באר שבע,בזל,31,שכונת א,31.249408,34.786517
באר שבע,בורלא יהודה,53,שכונת ה,31.251783,34.774827
באר שבע,דוידוביץ לב,25,שכונת רמות,31.273005,34.802105
באר שבע,בני אור,32,שכונת ב,31.258696,34.784616
באר שבע,אלישר,13,,31.272903,34.819288
באר שבע,אלישבע,11,,31.270661,34.768885
באר שבע,סימון ארנסט דוד,45,,31.270497,34.807654
באר שבע,הרב עדני,52,שכונת נאות לון,31.253479,34.762805
באר שבע,רוזן פנחס,3,שכונת יא,31.262703,34.765018
באר שבע,בר-לב חיים,2,שכונת ו,31.266236,34.774647
באר שבע,שרירא גאון,13,,31.250246,34.760436
באר שבע,שטה,43,,31.230680,34.791480
באר שבע,רותם,46,שכונת נווה נוי,31.229444,34.793020
באר שבע,שד רגר יצחק,141,שכונת ד,31.264788,34.797625
באר שבע,רחבת שמגר השופט,40,שכונת ו,31.262870,34.774658
באר שבע,יוסף בן מתתיהו,17,שכונת ד,31.265656,34.799425
באר שבע,רחבת גדעון,9,שכונת ו,31.262722,34.779377
באר שבע,הנגבי,4,,31.283904,34.804770
באר שבע,צבר,41,,31.230131,34.795191
באר שבע,ביאליק,32,שכונת ב,31.253512,34.791248
באר שבע,רחבת איבצן,10,,31.263254,34.777914
באר שבע,?,37,שכונת ד,31.258163,34.792972
באר שבע,דרך מצדה,220,שכונת יא,31.257844,34.774690
באר שבע,חרדון,38,שכונת ה,31.249904,34.778071
באר שבע,?,92,שכונת ד,31.259178,34.788550
באר שבע,שאול המלך,2,,31.264385,34.788136
באר שבע,האבות,31,,31.238528,34.788185
באר שבע,צונדק ברנרד והרמן,15,שכונת רמות,31.270353,34.808985
באר שבע,מבצע יואב,37,שכונת ו,31.260060,34.780025
באר שבע,הרב עדני,45,שכונת נאות לון,31.253499,34.761227
באר שבע,מזר בנימין,39,,31.243579,34.760903
באר שבע,מורדי הגטאות,33,שכונת עיר עתיקה,31.238135,34.789321
באר שבע,חובב משה,39,שכונת נחל בקע,31.222080,34.775544
באר שבע,אסתר המלכה,8,,31.267779,34.763528
באר שבע,מזר בנימין,21,שכונת נאות לון,31.243958,34.762642
באר שבע,סנהדרין,51,שכונת ד,31.271756,34.793553
באר שבע,שלמה המלך,28,שכונת ד,31.260149,34.795827
באר שבע,סייפן,15,שכונת נווה נוי,31.231858,34.781542
באר שבע,בלוך רודולף,7,שכונת רמות,31.271556,34.808369
באר שבע,פטנקין דן,37,,31.246083,34.758586
באר שבע,"חז""ל",30,שכונת ד,31.257818,34.793476
באר שבע,הרב עדני,27,שכונת נאות לון,31.253073,34.762937
באר שבע,שדרת הערים התאומות,29,שכונת רמות הרכס,31.281456,34.799007
באר שבע,דורי יעקב,4,,31.267560,34.783843
באר שבע,דרך המשחררים,65,שכונת א,31.251674,34.788061
באר שבע,ארן זלמן,38,,31.256829,34.760071
באר שבע,אדלר,4,שכונת ו,31.266626,34.770191
באר שבע,בן-חור אליהו,12,,31.264780,34.773599
באר שבע,קציר אהרון,11,שכונת רמות,31.271753,34.809030
באר שבע,אבידום מנחם,22,,31.221341,34.774189
באר שבע,גירית,46,שכונת ה,31.250616,34.778368
באר שבע,בר יוחאי,11,שכונת ד,31.273009,34.795529
באר שבע,דרך שמשון,26,שכונת ב,31.256687,34.779173
באר שבע,וילנאי זאב,2,שכונת רמות,31.275246,34.804619
באר שבע,שד רגר יצחק,171,שכונת ד,31.268471,34.797772
באר שבע,"הפלמ""ח",3,,31.236975,34.791546
באר שבע,וינגייט,63,שכונת ב,31.255376,34.800367
באר שבע,דרבן,24,שכונת ה,31.250419,34.777502
באר שבע,אבן ארי מיכאל,51,שכונת רמות,31.275663,34.805673
באר שבע,ההסתדרות,82,שכונת עיר עתיקה,31.240948,34.790336
באר שבע,אמיר אברהם,28,,31.275863,34.823730
באר שבע,חכים אליהו,10,,31.271725,34.814097
באר שבע,חוה,21,שכונת נווה מנחם,31.269563,34.764185
באר שבע,סטרומה,25,,31.253962,34.778070
באר שבע,סימון ארנסט דוד,41,שכונת רמות,31.270361,34.807559
באר שבע,קרן קיימת לישראל,147,שכונת עיר עתיקה,31.239326,34.789420
באר שבע,יוסף בן מתתיהו,12,שכונת ד,31.265514,34.799142
באר שבע,סנש חנה,2,שכונת ג,31.256635,34.809960
באר שבע,צוקית,16,,31.232435,34.762436
באר שבע,מגידו,24,שכונת ט,31.243984,34.775520
באר שבע,מינץ,6,,31.258227,34.776482
באר שבע,סטולר שמואל,1,שכונת נווה מנחם,31.270672,34.770361
באר שבע,ברזני משה,10,,31.268792,34.814760
באר שבע,לאה,28,שכונת נווה מנחם,31.268809,34.760543
באר שבע,שיזף,39,,31.231661,34.789732
באר שבע,הרצל,79,שכונת עיר עתיקה,31.242516,34.790549
באר שבע,זהרי מיכאל,13,,31.274029,34.802401
באר שבע,הר רמון,31,,31.276007,34.810467
באר שבע,ייבין יהושע,6,,31.237448,34.765737
באר שבע,שפרה,11,,31.270403,34.763480
באר שבע,בארון דבורה,7,שכונת ב,31.252846,34.793627
באר שבע,אבישי,9,,31.261677,34.777872
באר שבע,בסקין צבי,2,שכונת ג,31.251217,34.805063
באר שבע,פריד אלפרד,10,שכונת רמות,31.271355,34.802090
באר שבע,סמולנסקין,10,,31.266716,34.755286
באר שבע,גולומב,17,,31.254006,34.801478
באר שבע,קציר אהרון,2,שכונת רמות,31.271594,34.809483
באר שבע,אלבק חנוך,27,,31.271829,34.804773
באר שבע,שד יעלים,22,שכונת ה,31.250343,34.780143
באר שבע,סמטס,8,שכונת א,31.249948,34.797292
באר שבע,גת,3,שכונת נאות לון,31.246208,34.767570
באר שבע,פרופ' שיבא,79,,31.260860,34.755923
באר שבע,רנה קסן,60,,31.275549,34.802516
באר שבע,סדן דב,5,שכונת רמות,31.268965,34.805821
באר שבע,שמעון בר גיורא,17,שכונת ד,31.262389,34.792747
באר שבע,בר ניסן,46,שכונת נווה זאב,31.240111,34.765717
באר שבע,חבס ברכה,6,,31.270021,34.767914
באר שבע,שירמן חיים,5,שכונת רמות,31.272517,34.804641
באר שבע,הר עצמון,4,,31.274565,34.813658
באר שבע,דרור,71,,31.227176,34.768779
באר שבע,גומא,14,שכונת נווה נוי,31.231561,34.785967
באר שבע,מבצע נחשון,6,שכונת ו,31.259315,34.781923
באר שבע,המדע,72,שכונת רמות,31.272006,34.807524
באר שבע,הרב קפאח,37,שכונת נאות לון,31.252696,34.762016
באר שבע,מורדי הגטאות,44,,31.238602,34.790100
באר שבע,הרב גבאי מנחם,28,שכונת ד,31.271431,34.793560
באר שבע,אסר טוביאס,26,,31.272236,34.802621
באר שבע,ברגסון אנרי,15,שכונת רמות,31.272051,34.806623
באר שבע,שרה אמנו,8,שכונת עיר עתיקה,31.239256,34.785706
באר שבע,בן צבי יצחק,3,,31.244492,34.797339
באר שבע,הכותל המערבי,39,שכונת א,31.247856,34.785311
באר שבע,עכו,66,שכונת נאות לון,31.251471,34.766920
באר שבע,יוספטל גיורא,15,שכונת ד,31.271529,34.796326
באר שבע,העליה,24,,31.253921,34.782146
באר שבע,פרץ י ל,34,שכונת נווה זאב,31.241054,34.778802
באר שבע,רימון,57,,31.286497,34.799287
באר שבע,גירית,32,שכונת ה,31.250291,34.778642
באר שבע,גולני,8,,31.257267,34.807614
באר שבע,סמילן רות,8,,31.221873,34.776404
באר שבע,אוסישקין,8,שכונת א,31.250184,34.792470
באר שבע,?,54,שכונת ד,31.259021,34.790516
באר שבע,אולנדורף פרנץ,2,שכונת רמות,31.274781,34.804718
באר שבע,קלצ'קין רפאל,19,שכונת נווה מנחם,31.268468,34.770528
באר שבע,אנקור,62,,31.231356,34.771990
באר שבע,שד ירושלים,101,שכונת ט,31.246276,34.771442
באר שבע,בדר יוחנן,66,,31.274053,34.824532
באר שבע,מזר בנימין,68,,31.247221,34.760597
באר שבע,גולומב,32,,31.255370,34.803880
באר שבע,ארץ חמדה,43,,31.235464,34.764811
באר שבע,"חז""ל",17,שכונת ד,31.257520,34.794192
באר שבע,די זהב אפרים,12,,31.222401,34.776662
באר שבע,המדע,21,,31.270953,34.807366
באר שבע,דרור,58,,31.230088,34.768726
באר שבע,?,49,שכונת ב,31.252939,34.798473
באר שבע,שנונית,22,שכונת ה,31.251129,34.778312
באר שבע,נמיר מרדכי,7,,31.259462,34.766603
באר שבע,אולשן יצחק,8,,31.268678,34.774914
באר שבע,קרן קיימת לישראל,105,שכונת עיר עתיקה,31.238751,34.790371
באר שבע,הרב אסף שמחה,37,שכונת ד,31.265540,34.802636
באר שבע,חסמן מרק,33,שכונת נווה מנחם,31.264821,34.753418
באר שבע,שד יעלים,14,שכונת ה,31.249998,34.780584
באר שבע,ברנר,2,שכונת א,31.248570,34.793539
באר שבע,דרך מצדה,107,שכונת ב,31.258533,34.779030
באר שבע,צבי-רן שלמה,17,,31.273496,34.818063
באר שבע,וקסמן זלמן,26,,31.270101,34.808842
באר שבע,כיכר הגנים,10,שכונת נווה נוי,31.230038,34.789103
באר שבע,אביגדור המאירי,11,שכונת נווה זאב,31.238856,34.776045
באר שבע,שמעון בר גיורא,18,שכונת ד,31.261303,34.792302
באר שבע,שרת משה,42,שכונת יא,31.259033,34.769215
באר שבע,שטיינברג יהודה,48,שכונת ו,31.267926,34.771101
באר שבע,רותם,7,,31.230314,34.796319
באר שבע,גיבתון חנוך,24,שכונת נחל בקע,31.223898,34.777360
באר שבע,שטה,6,,31.233797,34.790984
באר שבע,זרחין אלכסנדר,7,,31.274316,34.805313
באר שבע,אסירי ציון,13,,31.249763,34.803446
באר שבע,קציר אהרון,59,,31.273738,34.807721
באר שבע,זיסו,4,,31.255509,34.808379
באר שבע,לוזון אפרים,10,,31.264700,34.760665
באר שבע,שקמה,39,שכונת רמות הרכס,31.286309,34.799382
באר שבע,"החיד""א",77,שכונת יא,31.253614,34.767161
באר שבע,גורדון א ד,8,שכונת א,31.247552,34.795919
באר שבע,הר בוקר,41,,31.274142,34.809314
באר שבע,הר בוקר,81,,31.275822,34.808257
באר שבע,קרן קיימת לישראל,83,שכונת עיר עתיקה,31.238460,34.790594
באר שבע,אירוס הנגב,43,,31.228585,34.793402
באר שבע,עכו,24,שכונת נאות לון,31.251397,34.769298
באר שבע,גרינשפן הרשל,44,,31.267873,34.756925
באר שבע,הרב הרצוג,50,,31.259607,34.767407
באר שבע,חכים אליהו,3,,31.271593,34.814482
באר שבע,שירמן חיים,22,,31.272616,34.805691
באר שבע,ויטנברג יצחק,11,,31.224875,34.780118
באר שבע,ארגוב אלכסנדר,13,שכונת נאות לון,31.248117,34.757861
באר שבע,מקור חיים,2,שכונת נווה זאב,31.237745,34.766547
באר שבע,בצלאל,25,,31.252664,34.788743
באר שבע,בדר יוחנן,54,שכונת רמות,31.273667,34.825325
באר שבע,ארנון יצחק,4,,31.269629,34.771440
באר שבע,גוש עציון,91,שכונת ג,31.258706,34.810161
באר שבע,לסקר פרץ,6,שכונת נווה מנחם,31.266415,34.757174
באר שבע,רחל אמנו,34,,31.270822,34.764814
באר שבע,רנה קסן,56,,31.275438,34.802376
באר שבע,יפתח הגלעדי,4,,31.240645,34.780995
באר שבע,הפלס,11,,31.226557,34.810794
באר שבע,סולד הנריאטה,8,שכונת מרכז אזרחי,31.247123,34.799880
באר שבע,פיקרד,32,שכונת רמות הרכס,31.277966,34.801511
באר שבע,ז'בוטינסקי זאב,40,שכונת ג,31.250673,34.809273
באר שבע,ההסתדרות,79,,31.241565,34.790605
באר שבע,"הפלמ""ח",26,שכונת עיר עתיקה,31.238369,34.790106
באר שבע,הכותל המערבי,1,,31.248508,34.788978
באר שבע,שופט אברהם,54,שכונת רמות,31.267084,34.813811
באר שבע,דרך מצדה,258,שכונת יא,31.254798,34.772112
באר שבע,אבן-שושן אברהם,19,שכונת נאות לון,31.242972,34.761499
באר שבע,דרור,5,,31.229786,34.769491
באר שבע,אהוד בן גרא,2,שכונת עיר עתיקה,31.240908,34.781505
באר שבע,רינגלבלום,66,שכונת ד,31.268688,34.800722
באר שבע,שלשת בני עין חרוד,12,,31.236858,34.790514
באר שבע,?,81,שכונת ב,31.258813,34.784804
באר שבע,די זהב אפרים,45,שכונת נחל בקע,31.223833,34.774336
באר שבע,גומא,20,שכונת נווה נוי,31.231829,34.786081
באר שבע,"חז""ל",78,שכונת ב,31.257725,34.791161
באר שבע,מורדי הגטאות,10,שכונת עיר עתיקה,31.236042,34.787897
באר שבע,הנוקם,17,שכונת עיר עתיקה,31.241447,34.783195
באר שבע,גרונר דב,8,,31.269196,34.813523
באר שבע,צבי-רן שלמה,52,,31.273348,34.817309
באר שבע,חטיבת הנגב,20,שכונת עיר עתיקה,31.238348,34.783637
באר שבע,ביאליק,119,,31.246115,34.788407
באר שבע,שלשת בני עין חרוד,45,שכונת עיר עתיקה,31.238373,34.791683
באר שבע,חיבת ציון,13,,31.252530,34.810549
באר שבע,הרב גורן שלמה,5,שכונת ט,31.243496,34.765044
באר שבע,פיינברג אבשלום,48,שכונת נווה מנחם,31.264666,34.758306
באר שבע,הר רמון,2,,31.275324,34.814475
באר שבע,השלום,35,,31.252959,34.805139
באר שבע,רוזנבלום הרצל,15,שכונת נווה זאב,31.238080,34.766994
באר שבע,גבולות,3,שכונת ט,31.244212,34.771380
באר שבע,פרטוש עדן,48,שכונת נחל בקע,31.223605,34.776462
באר שבע,אדמון ידידיה,49,,31.220491,34.771986
באר שבע,הרצל,42,,31.240604,34.789016
באר שבע,ישעיהו ישראל,45,שכונת יא,31.256577,34.765579
באר שבע,תקוע יוסף,31,,31.276626,34.819802
באר שבע,דרור,2,,31.230246,34.769113
באר שבע,אירוס הנגב,49,,31.228515,34.792861
באר שבע,אבנר,27,,31.261138,34.778103
באר שבע,הרב קפאח,27,שכונת נאות לון,31.252456,34.762920
באר שבע,בדר יוחנן,62,,31.273925,34.824766
באר שבע,סמטס,6,שכונת א,31.249676,34.797396
באר שבע,חבצלת הנגב,23,,31.234052,34.792060
באר שבע,הגנן,12,,31.218358,34.810685
באר שבע,בזל,14,,31.248788,34.788641
באר שבע,האוזנר גדעון,19,,31.286992,34.804548
באר שבע,רחבת מבצע יקב,6,שכונת ו,31.265309,34.779371
באר שבע,ארלנגר ג'וזף,21,שכונת רמות,31.269261,34.808417
באר שבע,שלמה המלך,30,שכונת ד,31.260099,34.795830
באר שבע,מזר בנימין,91,שכונת נאות לון,31.247222,34.759911
באר שבע,שד יעלים,98,שכונת ה,31.255921,34.775886
באר שבע,גוש עציון,61,,31.258804,34.807609
באר שבע,"רמב""ן",13,שכונת ד,31.271512,34.785526
באר שבע,שתל יצחק,12,,31.277130,34.820893
באר שבע,עפרוני,114,שכונת פלח שבע,31.230603,34.768969
באר שבע,פשוש,37,,31.230279,34.763636
באר שבע,פלוסר דוד,19,שכונת נאות לון,31.246030,34.761406
באר שבע,שד ירושלים,26,שכונת ט,31.246083,34.778039
באר שבע,יערי מאיר,16,שכונת יא,31.257562,34.762315
באר שבע,הפלדה,4,,31.224381,34.812732
באר שבע,?,57,שכונת ב,31.254636,34.798320
באר שבע,אסר טוביאס,14,שכונת רמות,31.272021,34.802096
באר שבע,פרטוש עדן,51,שכונת נחל בקע,31.224176,34.776418
באר שבע,חובב משה,66,,31.223146,34.777083
באר שבע,הרב ריינס,4,,31.263556,34.759558
באר שבע,ארניה אסוולדו,12,שכונת ד,31.266135,34.801582
באר שבע,הקוצר,8,,31.213742,34.814193
באר שבע,מבצע חורב,43,,31.261994,34.785867
באר שבע,דובדבן,36,,31.287175,34.798641
באר שבע,רובינא חנה,40,,31.269662,34.768426
באר שבע,אמיר אברהם,30,,31.275925,34.823881
באר שבע,סמילנסקי,77,שכונת עיר עתיקה,31.240194,34.783485
באר שבע,הרבבה,2,שכונת עיר עתיקה,31.241387,34.783676
באר שבע,שד מרש יעקב,12,שכונת רמות,31.266259,34.810950
באר שבע,דיה,2,,31.232137,34.763261
באר שבע,שלמה המלך,23,שכונת ד,31.259694,34.796499
באר שבע,קורא הדורות,17,,31.250721,34.760090
באר שבע,חבצלת הנגב,99,,31.230080,34.787071
באר שבע,רחבת מבצע קדם,9,שכונת ו,31.266153,34.783457
באר שבע,חובב משה,46,,31.222170,34.776159
באר שבע,קרן קיימת לישראל,32,,31.237988,34.791915
באר שבע,שיזף,2,,31.232238,34.793247
באר שבע,דה-שליט עמוס,47,,31.273273,34.806597
באר שבע,דיה,30,,31.231162,34.761883
באר שבע,"הכ""ג",6,,31.250147,34.803213
באר שבע,בצלאל,1,שכונת ב,31.252611,34.791066
באר שבע,מבצע נחשון,24,שכונת ו,31.259299,34.783836
באר שבע,בדר יוחנן,37,שכונת רמות,31.273659,34.824483
באר שבע,הפלדה,26,,31.223872,34.811224
באר שבע,אלפסי,24,שכונת יא,31.259599,34.771326
באר שבע,ארן זלמן,75,,31.257604,34.760669
באר שבע,העליה,67,שכונת ה,31.256715,34.777046
באר שבע,אייזנשטדט,5,,31.276637,34.823678
באר שבע,שריג נחום,25,שכונת רמות הרכס,31.282139,34.805487
באר שבע,סביון,7,שכונת נווה נוי,31.233069,34.780337
באר שבע,לסקר פרץ,5,,31.266209,34.757448
באר שבע,נאות הככר,19,שכונת ה,31.247629,34.781112
באר שבע,סבידור מנחם,31,שכונת יא,31.257392,34.763145
באר שבע,הרב אסף שמחה,5,שכונת ד,31.265275,34.802105
באר שבע,הר כנען,5,,31.274447,34.813855
באר שבע,אירוס הנגב,54,,31.228870,34.793017
באר שבע,מבצע יואב,30,שכונת ו,31.259924,34.780800
באר שבע,"שח""ל",45,,31.245383,34.791093
באר שבע,טרומפלדור,21,,31.237787,34.789968
באר שבע,הרב טנא שלמה,14,שכונת נווה זאב,31.234169,34.783948
באר שבע,ארניה אסוולדו,3,שכונת ד,31.266997,34.800675
באר שבע,הרב עדני,70,שכונת נאות לון,31.253702,34.761795
באר שבע,עוזיה המלך,8,שכונת ד,31.261347,34.793884
באר שבע,פיינשטיין מאיר,10,שכונת רמות,31.267964,34.815438
באר שבע,צבעוני,11,שכונת נווה נוי,31.231824,34.779838
באר שבע,מסקין אהרון,55,שכונת נווה מנחם,31.271528,34.765144
באר שבע,רייס רפאל,6,שכונת נחל בקע,31.225710,34.778936
באר שבע,בית צורי אליהו,15,,31.272734,34.814821
באר שבע,"שח""ל",34,,31.245568,34.791046
באר שבע,שד רגר יצחק,181,שכונת ד,31.269108,34.797803
באר שבע,בלהה,8,שכונת נווה מנחם,31.269924,34.763745
באר שבע,ברק,38,שכונת עיר עתיקה,31.242493,34.780192
באר שבע,ארניה אסוולדו,5,שכונת ד,31.266956,34.800763
באר שבע,התיבונים,6,שכונת נאות לון,31.251393,34.762705
באר שבע,בזל,54,שכונת א,31.250771,34.789607
באר שבע,ההגנה,4,שכונת עיר עתיקה,31.236882,34.783779
באר שבע,הר מירון,14,,31.277060,34.809439
באר שבע,פייגנבאום אריה,3,שכונת נווה מנחם,31.260491,34.757234
באר שבע,רחבת מבצע ארז,40,,31.265645,34.781435
באר שבע,צ'לנוב יחיאל,2,שכונת נווה מנחם,31.265485,34.761812
באר שבע,זינדר חמדה וצבי,28,שכונת נחל בקע,31.223712,34.776730
באר שבע,הכותל המערבי,47,שכונת א,31.248895,34.784894
באר שבע,יערי מאיר,6,שכונת יא,31.257554,34.761930
באר שבע,לינדנר יוחנן,23,,31.274777,34.802181
באר שבע,אלישע,4,שכונת עיר עתיקה,31.236914,34.785917
באר שבע,ברוד מקס,4,שכונת נווה מנחם,31.265307,34.758699
באר שבע,מזר בנימין,48,,31.245815,34.759228
באר שבע,הצבי,33,שכונת ה,31.249350,34.777126
באר שבע,שיטרית,63,,31.255150,34.761617
באר שבע,"שח""ל",12,,31.245013,34.794429
באר שבע,"רמב""ם",58,שכונת עיר עתיקה,31.244868,34.787241
באר שבע,רחבת אופירה,18,שכונת ט,31.244334,34.771161
באר שבע,דרויאנוב אברהם,1,שכונת נווה מנחם,31.266250,34.756916
באר שבע,אלתרמן,13,,31.252980,34.773885
באר שבע,המנוף,31,,31.228661,34.806554
באר שבע,ארדון מרדכי,14,,31.249012,34.757165
באר שבע,דרך המשחררים,23,שכונת ב,31.251020,34.794988
באר שבע,קרן קיימת לישראל,89,,31.238570,34.790566
באר שבע,"רמב""ן",52,,31.271504,34.783127
באר שבע,חגי,9,שכונת עיר עתיקה,31.238262,34.785009
באר שבע,חרצית,7,שכונת נווה נוי,31.232481,34.787977
באר שבע,פלוסר דוד,20,,31.246270,34.760510
באר שבע,רנה קסן,7,שכונת רמות,31.272356,34.801620
באר שבע,מאפו אברהם,2,שכונת נווה זאב,31.236489,34.775266
באר שבע,המלכים,43,,31.265150,34.755498
באר שבע,זמיר ישעיהו,40,,31.274500,34.817771
באר שבע,שטיינברג יהודה,9,,31.268065,34.772748
באר שבע,אברמסון שרגא,14,שכונת רמות הרכס,31.277009,34.799012
באר שבע,אירוס הנגב,96,,31.228645,34.788764
באר שבע,"חז""ל",112,שכונת ב,31.257612,34.789545
באר שבע,אבידן שמעון,8,שכונת רמות,31.265667,34.809588
באר שבע,מקלף מרדכי,46,שכונת ו,31.269084,34.777005
באר שבע,שלמה המלך,6,שכונת ד,31.261165,34.796601
באר שבע,?,74,שכונת ד,31.259083,34.789196
באר שבע,פרטוש עדן,3,,31.220217,34.772233
באר שבע,לוריא צבי,16,שכונת רמות,31.268310,34.810415
באר שבע,רבי עקיבא,32,שכונת ד,31.259354,34.792215
באר שבע,משה יצחק,14,,31.275302,34.805791
באר שבע,לסקר פרץ,30,שכונת נווה מנחם,31.265338,34.756302
באר שבע,סימון ארנסט דוד,17,שכונת רמות,31.269328,34.807138
באר שבע,שד בן גוריון,18,שכונת ד,31.259758,34.809624
באר שבע,ברוד מקס,16,,31.265696,34.758203
באר שבע,ילין דוד,43,,31.270912,34.806181
באר שבע,"רחבת רמ""א",3,שכונת יא,31.259038,34.770508
באר שבע,פינקל שמעון,19,,31.263866,34.757552
באר שבע,פריד אלפרד,16,שכונת רמות,31.271497,34.802410
באר שבע,אמיר אברהם,4,שכונת רמות,31.276629,34.822247
באר שבע,הרב גבאי מנחם,4,שכונת ד,31.271994,34.795300
באר שבע,טרומפלדור,48,שכונת עיר עתיקה,31.238828,34.791380
באר שבע,ישעיהו ישראל,16,,31.256550,34.764844
באר שבע,בן יוסף שלמה,4,,31.271365,34.811988
באר שבע,?,131,שכונת ד,31.264302,34.797858
באר שבע,דרזנר יחיאל,10,שכונת רמות,31.267614,34.814869
באר שבע,"הפלמ""ח",79,שכונת עיר עתיקה,31.239409,34.788169
באר שבע,הרב אסף שמחה,3,שכונת ד,31.265238,34.801986
באר שבע,משעול סוסיה,7,שכונת ט,31.244337,34.772661
באר שבע,רחבת הרב קוק,4,שכונת יא,31.258784,34.771255
באר שבע,נגבה,28,,31.240363,34.784929
באר שבע,?,51,שכונת ב,31.253312,34.798470
באר שבע,לוזון אפרים,42,,31.265880,34.758963
באר שבע,הנוקם,10,,31.241779,34.783136
באר שבע,אבן עזרא,54,,31.270346,34.783380
באר שבע,בורוכוב,17,,31.250020,34.794730
באר שבע,גרשם שלום,15,שכונת רמות,31.270567,34.804731
באר שבע,רחבת מבצע יקב,16,שכונת ו,31.265015,34.780404
באר שבע,פרטוש עדן,28,,31.221763,34.774226
באר שבע,שיזף,13,,31.231922,34.792357
באר שבע,קובנר אבא,1,שכונת נחל בקע,31.224247,34.779705
באר שבע,רוזן פנחס,11,שכונת יא,31.262070,34.764508
באר שבע,שמואל הנביא,2,שכונת עיר עתיקה,31.236139,34.785681
באר שבע,טרומפלדור,72,שכונת עיר עתיקה,31.239677,34.792251
באר שבע,הר בוקר,25,,31.273383,34.809702
באר שבע,שד ירושלים,28,שכונת ט,31.246163,34.777688
באר שבע,שד בן גוריון,42,,31.254607,34.813420
באר שבע,דרך שמשון,20,שכונת ב,31.256487,34.779664
באר שבע,בית שאן,53,שכונת נאות לון,31.247408,34.766884
באר שבע,הרצל,95,שכונת עיר עתיקה,31.243263,34.791174
באר שבע,בורן מכס,25,,31.274169,34.803310
באר שבע,תקוע יוסף,129,,31.277807,34.819910
באר שבע,אגוז,4,שכונת נווה מנחם,31.265355,34.762310
באר שבע,ברש אשר,8,שכונת נווה זאב,31.240115,34.776662
באר שבע,"הכ""ג",1,,31.250876,34.803152
באר שבע,העליה,46,,31.254814,34.780598
באר שבע,אנקור,58,,31.231320,34.771750
באר שבע,דרך מצדה,202,שכונת ו,31.258920,34.776217
באר שבע,רמלה,7,שכונת ט,31.242777,34.765613
באר שבע,שדרת הערים התאומות,26,שכונת רמות הרכס,31.282114,34.799324
באר שבע,רוקח ישראל,9,שכונת יא,31.262067,34.766797
באר שבע,סמבורסקי שמואל,6,,31.271688,34.803630
באר שבע,שינדלר אוסקר,34,שכונת רמות הרכס,31.283049,34.798381
באר שבע,מבצע עובדה,22,,31.259876,34.777530
באר שבע,גירית,14,שכונת ה,31.249836,34.779300
באר שבע,אמיר אברהם,43,,31.277414,34.823517
באר שבע,סוקולוב,4,שכונת א,31.248213,34.791522
באר שבע,רחבת הראל,10,שכונת ו,31.263441,34.774717
באר שבע,בזל,29,שכונת א,31.248966,34.786467
באר שבע,סקולסקי שלמה,2,שכונת נווה זאב,31.237649,34.770491
באר שבע,מבצע משה,25,שכונת נווה זאב,31.237527,34.779182
באר שבע,יהואש,24,,31.262499,34.784664
באר שבע,ששון אליהו,12,,31.257232,34.765880
באר שבע,רחבת הרב קוק,28,,31.257134,34.771215
באר שבע,אבן-שושן אברהם,57,שכונת נאות לון,31.243630,34.759337
באר שבע,אחד העם,7,שכונת א,31.247633,34.792740
באר שבע,נעמי,12,,31.268977,34.764385
באר שבע,שנונית,37,שכונת ה,31.250498,34.778899
באר שבע,סדנא,7,שכונת אזור תעשיה,31.250982,34.821651
באר שבע,המלכים,20,שכונת נווה מנחם,31.264884,34.757677
באר שבע,דודאים,29,שכונת נווה נוי,31.230573,34.780588
באר שבע,פריץ אלברט,7,שכונת ו,31.266662,34.770941
באר שבע,מונטיפיורי,24,,31.249942,34.793663
באר שבע,שטרוק,2,שכונת ב,31.252996,34.789515
באר שבע,שטיין ריכרד,18,,31.265455,34.770118
באר שבע,המר זבולון,22,שכונת רמות,31.267035,34.811991
באר שבע,סמולנסקין,11,שכונת נווה מנחם,31.266714,34.756041
באר שבע,פיינברג אבשלום,13,,31.266302,34.760372
באר שבע,דרך מצדה,79,שכונת ב,31.258899,34.785617
באר שבע,רחבת הראל,17,שכונת ו,31.263959,34.775129
באר שבע,נשר,16,,31.226446,34.766256
באר שבע,הר בוקר,22,,31.275207,34.809081
באר שבע,"יל""ג",7,שכונת נווה זאב,31.240666,34.773220
באר שבע,צוער,13,,31.221462,34.813322
באר שבע,ליפמן גבריאל,13,,31.274718,34.800518
באר שבע,הבדיל,7,שכונת עמק שרה,31.227505,34.809928
באר שבע,הרב שושנה,8,,31.283363,34.797359
באר שבע,סוקולוב,31,שכונת א,31.245176,34.790517
באר שבע,קדש,30,שכונת ד,31.268169,34.797443
באר שבע,פריבס משה,12,שכונת רמות הרכס,31.279224,34.799094
באר שבע,השלום,49,,31.252441,34.806272
באר שבע,אולשן יצחק,16,שכונת ו,31.269147,34.774610
באר שבע,ארניה אסוולדו,26,שכונת ד,31.265359,34.801603
באר שבע,ז'בוטינסקי זאב,26,שכונת ג,31.249097,34.809307
באר שבע,הרב קפאח,36,שכונת נאות לון,31.252996,34.762074
באר שבע,דה-בוטון,4,שכונת נאות לון,31.252671,34.760834
באר שבע,המסילה,5,,31.252949,34.817835
באר שבע,עפרוני,65,,31.230812,34.768273
באר שבע,פסמון,32,שכונת ה,31.250053,34.778406
באר שבע,קנדל הנרי,10,שכונת עיר עתיקה,31.244975,34.783473
באר שבע,טור סיני נפתלי,8,שכונת רמות,31.270222,34.806476
באר שבע,פרץ י ל,12,שכונת נווה זאב,31.240481,34.778837
באר שבע,אלדד,64,שכונת רמות,31.275269,34.823552
באר שבע,רוזן פנחס,1,שכונת יא,31.262887,34.765126
באר שבע,גולדמן נחום,37,שכונת רמות הרכס,31.280000,34.802640
באר שבע,דן,3,שכונת עיר עתיקה,31.237585,34.781503
באר שבע,קול התור,2,,31.235634,34.761751
באר שבע,מיכל,17,שכונת נווה מנחם,31.268056,34.762522
באר שבע,אמיר אברהם,21,,31.276341,34.824526
באר שבע,דונקלבלום מנחם,5,שכונת ו,31.268728,34.773832
באר שבע,הר כנען,14,,31.273988,34.813539
באר שבע,הקנאים,29,שכונת ד,31.268806,34.792649
באר שבע,שאול המלך,171,שכונת יא,31.253835,34.766453
באר שבע,צבעוני,21,שכונת נווה נוי,31.230881,34.779878
באר שבע,החלוץ,8,,31.236510,34.787146
באר שבע,רוזן פנחס,2,שכונת יא,31.262957,34.764960
באר שבע,יערה,35,שכונת נווה נוי,31.232347,34.786488
באר שבע,שד רגר יצחק,193,שכונת ד,31.272172,34.797656
באר שבע,שד רגר יצחק,107,שכונת ד,31.262788,34.797897
באר שבע,הרב הרצוג,17,,31.261200,34.768481
באר שבע,"חז""ל",5,שכונת ד,31.257514,34.794569
באר שבע,אלישר,24,,31.273185,34.818680
באר שבע,איילת השחר,7,,31.237102,34.764154
באר שבע,מבצע חירם,22,,31.261225,34.783378
באר שבע,סוקולוב,14,,31.247197,34.790061
באר שבע,פריד אלפרד,25,שכונת רמות,31.272013,34.802699
באר שבע,אמיר אברהם,104,שכונת רמות,31.278246,34.822074
באר שבע,רחל אמנו,65,,31.270800,34.762558
באר שבע,הזורע,6,,31.215529,34.813134
באר שבע,גיבתון חנוך,15,,31.223431,34.777497
באר שבע,רותם,6,,31.230534,34.796251
באר שבע,ישעיהו ישראל,39,,31.256687,34.765347
באר שבע,ארניה אסוולדו,6,שכונת ד,31.266712,34.801552
באר שבע,חוחית,45,,31.226821,34.762170
באר שבע,אבן עזרא,1,שכונת ד,31.270634,34.787219
באר שבע,"רמב""ם",35,שכונת עיר עתיקה,31.242653,34.791155
באר שבע,נגבה,26,,31.240156,34.785046
באר שבע,השלום,17,שכונת ג,31.252902,34.802776
באר שבע,רחל אמנו,71,,31.270635,34.762321
באר שבע,פלוסר דוד,39,,31.245543,34.760379
באר שבע,אלבק חנוך,36,,31.271739,34.805316
באר שבע,בר ניסן,16,שכונת נווה זאב,31.239131,34.763524
באר שבע,ז'בוטינסקי זאב,38,שכונת ג,31.250479,34.809243
באר שבע,משעול ניצנה,18,שכונת ה,31.248383,34.779403
באר שבע,החלוץ,50,שכונת עיר עתיקה,31.238378,34.788927
באר שבע,טרק גבריאל,1,שכונת רמות הרכס,31.279839,34.799108
באר שבע,שממית,6,שכונת ה,31.249348,34.778144
באר שבע,קציר אהרון,6,שכונת רמות,31.271454,34.810044
באר שבע,שינדלר אוסקר,4,שכונת רמות הרכס,31.282558,34.802318
באר שבע,סטרומה,24,,31.254375,34.778630
באר שבע,קיפניס לוין,8,שכונת נווה זאב,31.237757,34.780340
באר שבע,בורלא יהודה,11,שכונת ה,31.250971,34.775865
באר שבע,ויתקון אלפרד,36,,31.270588,34.776987
באר שבע,שופט אברהם,110,שכונת רמות,31.269084,34.811899
באר שבע,הבדיל,26,,31.224769,34.809175
באר שבע,חוחית,31,,31.226713,34.762633
באר שבע,רודנסקי שמואל,11,שכונת נווה מנחם,31.270403,34.772424
באר שבע,?,65,,31.245369,34.785231
באר שבע,גרונר דב,22,,31.270512,34.812528
באר שבע,לברי מרק,39,,31.222778,34.772939
באר שבע,שתל יצחק,18,,31.277162,34.820648
באר שבע,הר כנען,3,,31.274820,34.814018
באר שבע,רודנסקי שמואל,71,,31.271528,34.769516
באר שבע,"רחבת השל""ה",12,שכונת יא,31.257490,34.770077
באר שבע,רופין ארתור,31,,31.265511,34.768504
באר שבע,הכט ראובן,53,,31.274721,34.817550
באר שבע,קרן קיימת לישראל,151,,31.239438,34.789438
באר שבע,רחבת מבצע ארז,38,שכונת ו,31.265748,34.781570
באר שבע,חן ארנסט,14,שכונת רמות,31.271178,34.808132
באר שבע,אהרליך פאול,6,שכונת רמות,31.269789,34.807837
באר שבע,שלשת בני עין חרוד,27,שכונת עיר עתיקה,31.237690,34.791003
באר שבע,בדר יוחנן,31,שכונת רמות,31.273197,34.824441
באר שבע,הדסה,23,,31.239324,34.792103
באר שבע,מזר בנימין,38,,31.244891,34.759349
באר שבע,שינדלר אוסקר,8,שכונת רמות הרכס,31.282299,34.802090
באר שבע,נרקיס עוזי,15,שכונת רמות הרכס,31.282575,34.803737
באר שבע,שמחוני אסף,20,שכונת עיר עתיקה,31.244409,34.790466
באר שבע,זמיר ישעיהו,50,,31.274427,34.817286
באר שבע,בן חיים פאול,45,,31.223566,34.774280
באר שבע,המלכים,18,שכונת נווה מנחם,31.264875,34.757784
באר שבע,"חז""ל",13,שכונת ד,31.257558,34.794273
באר שבע,דרך מצדה,200,שכונת ו,31.258937,34.776377
באר שבע,בית אשל,6,,31.237209,34.791875
באר שבע,ארגוב אלכסנדר,3,,31.248110,34.758758
באר שבע,גבולות,4,שכונת ט,31.244195,34.771760
באר שבע,ז'בוטינסקי זאב,34,,31.250051,34.809308
באר שבע,לינדנר יוחנן,29,שכונת רמות,31.274977,34.802376
באר שבע,הנדיב,20,,31.253186,34.811538
באר שבע,צונדק ברנרד והרמן,28,,31.270321,34.809229
באר שבע,זריצקי יוסף,11,,31.260276,34.760130
באר שבע,מבצע לוט,6,,31.260294,34.785272
באר שבע,משעול מבצע יונתן,10,שכונת ו,31.265995,34.782491
באר שבע,הר רמון,6,,31.275366,34.814130
באר שבע,יוהנה ז'בוטינסקי,13,,31.238255,34.773651
באר שבע,עבדת,62,שכונת נאות לון,31.244996,34.766592
באר שבע,שד יעלים,61,שכונת ה,31.248967,34.780222
באר שבע,בלוך רודולף,3,שכונת רמות,31.271414,34.808424
באר שבע,מבצע נחשון,8,שכונת ו,31.259277,34.782078
באר שבע,יפה אברהם,34,שכונת רמות הרכס,31.285107,34.807527
באר שבע,משעול הערבה,21,שכונת ה,31.247939,34.781139
באר שבע,אהוד בן גרא,4,שכונת עיר עתיקה,31.240971,34.781362
באר שבע,ברנע דב,11,,31.286337,34.803312
באר שבע,גולדמן נחום,11,שכונת רמות הרכס,31.278492,34.802784
באר שבע,השומר,1,שכונת א,31.247341,34.794443
באר שבע,מונטיפיורי,26,,31.249996,34.793439
באר שבע,בוסקוביץ אלכסנדר,29,,31.221411,34.771760
באר שבע,הרב הרצוג,62,,31.259319,34.767941
באר שבע,גת,8,שכונת נאות לון,31.246721,34.767666
באר שבע,צונדק ברנרד והרמן,1,שכונת רמות,31.268280,34.808007
באר שבע,לוין שמריהו,13,שכונת מרכז אזרחי,31.244998,34.796982
באר שבע,אלקחי מרדכי,3,,31.269538,34.813633
באר שבע,צוקית,23,שכונת פלח שבע,31.232258,34.761493
באר שבע,נגבה,19,שכונת עיר עתיקה,31.239531,34.785518
באר שבע,קהירי,7,שכונת רמות הרכס,31.284652,34.802229
באר שבע,"רחבת לח""י",58,שכונת ו,31.264063,34.776907
באר שבע,קציר אהרון,46,שכונת רמות,31.274027,34.807918
באר שבע,חכים אליהו,73,,31.273838,34.815438
באר שבע,חובב משה,49,שכונת נחל בקע,31.222504,34.775995
באר שבע,מודעי יצחק,38,שכונת רמות,31.267678,34.810206
באר שבע,יאיר,51,שכונת עיר עתיקה,31.241476,34.790383
באר שבע,פיקרד,50,,31.279298,34.801903
באר שבע,אהרליך פאול,14,שכונת רמות,31.269656,34.808189
באר שבע,טל חרמון,46,שכונת נווה זאב,31.236022,34.765130
באר שבע,שטיין ריכרד,65,,31.266535,34.769103
באר שבע,זינדר חמדה וצבי,38,,31.224654,34.775444
באר שבע,צ'לנוב יחיאל,5,שכונת נווה מנחם,31.265644,34.761109
באר שבע,שנונית,18,שכונת ה,31.251057,34.778412
באר שבע,נורית,17,שכונת נווה נוי,31.231482,34.778362
באר שבע,סנש חנה,3,,31.257050,34.809555
באר שבע,שירמן חיים,12,שכונת רמות,31.272305,34.804978
באר שבע,"רחבת רמ""א",10,שכונת יא,31.258362,34.769884
באר שבע,אהוד בן גרא,27,שכונת עיר עתיקה,31.241881,34.779605
באר שבע,עמיר אנדה,49,,31.272148,34.765676
באר שבע,בסקין צבי,5,שכונת ג,31.250696,34.805232
באר שבע,פרומקין גד,7,,31.270501,34.778411
באר שבע,זרובבל,7,,31.264864,34.763825
באר שבע,אולשן יצחק,1,שכונת ו,31.268261,34.774775
באר שבע,מזר בנימין,85,,31.246785,34.759383
באר שבע,דוד הראובני,7,שכונת נווה מנחם,31.264883,34.764860
באר שבע,בן דוד יוסף,21,,31.273423,34.801646
באר שבע,אורות ישראל,3,שכונת נווה זאב,31.236242,34.764320
באר שבע,בזל,37,שכונת א,31.250075,34.786804
באר שבע,הר בוקר,32,,31.276226,34.808625
באר שבע,חבצלת הנגב,19,,31.234026,34.792353
באר שבע,האוזנר גדעון,49,,31.288596,34.805561
באר שבע,בורן מכס,21,שכונת רמות,31.274038,34.803202
באר שבע,גבעתי,2,,31.256554,34.806816
באר שבע,"זק""ש נלי",23,,31.271680,34.807267
באר שבע,קלצ'קין רפאל,28,שכונת נווה מנחם,31.269122,34.771036
באר שבע,ארניה אסוולדו,99,שכונת ד,31.265612,34.802093
באר שבע,תלמה,42,שכונת נחל בקע,31.221660,34.772878
באר שבע,פרטוש עדן,19,,31.221045,34.773203
באר שבע,"המהר""ל",29,שכונת ו,31.266258,34.779376
באר שבע,ציזלינג,20,,31.258046,34.761655
באר שבע,הרב גורן שלמה,13,שכונת נאות לון,31.243539,34.764510
באר שבע,נשר,1,,31.227451,34.765457
באר שבע,הרצל,14,,31.239248,34.787657
באר שבע,אדמון ידידיה,2,שכונת נחל בקע,31.219276,34.774098
באר שבע,שד רגר יצחק,28,שכונת מרכז אזרחי,31.247604,34.798499
באר שבע,החלוץ,61,,31.239130,34.789266
באר שבע,אביבית,10,,31.230705,34.795804
באר שבע,ורד,4,שכונת נווה נוי,31.232564,34.778747
באר שבע,"רחבת לח""י",13,,31.264336,34.776148
באר שבע,צפורה,9,שכונת נווה מנחם,31.268201,34.763422
באר שבע,שרה אמנו,11,שכונת עיר עתיקה,31.239759,34.785896
באר שבע,מינץ,1,,31.258087,34.778860
באר שבע,דותן,28,שכונת נווה מנחם,31.264092,34.761641
באר שבע,הרצל,57,,31.241222,34.789302
באר שבע,פקועה,2,,31.231706,34.795813
באר שבע,רחבת פל-ים,26,,31.264540,34.777194
באר שבע,ברזני משה,8,,31.268623,34.814433
באר שבע,שד ירושלים,80,שכונת נאות לון,31.246865,34.770859
באר שבע,המכתשים,5,שכונת ד,31.268478,34.794797
באר שבע,?,95,שכונת ד,31.261591,34.797877
באר שבע,בז,31,שכונת פלח שבע,31.229097,34.771566
באר שבע,גוש עציון,2,,31.254359,34.809718
באר שבע,יריחו,12,שכונת ט,31.243929,34.778588
באר שבע,חכים אליהו,48,,31.273241,34.815229
באר שבע,דרך מצדה,244,שכונת יא,31.255833,34.773003
באר שבע,מבצע אסף,4,שכונת נווה זאב,31.236243,34.779370
באר שבע,סגל צבי,38,שכונת רמות,31.271315,34.805781
באר שבע,משעול חפר,16,שכונת ט,31.245983,34.773075
באר שבע,אקצין בנימין,17,,31.269720,34.777863
באר שבע,שטיינברג יהודה,58,שכונת ו,31.267616,34.770682
באר שבע,ברוור אברהם,73,שכונת רמות,31.274818,34.807547
באר שבע,זמיר ישעיהו,65,,31.273435,34.816892
באר שבע,שאול המלך,35,שכונת ו,31.263705,34.784088
באר שבע,נגבה,91,שכונת עיר עתיקה,31.242748,34.780488
באר שבע,גרשם שלום,5,שכונת רמות,31.270404,34.804345
באר שבע,טרומפלדור,42,שכונת עיר עתיקה,31.238710,34.791325
באר שבע,הרב גבאי מנחם,18,שכונת ד,31.271652,34.794164
באר שבע,המר זבולון,6,שכונת רמות,31.265739,34.809786
באר שבע,סלנט שמואל,1,שכונת ו,31.267768,34.780934
באר שבע,זמיר ישעיהו,16,,31.274448,34.819242
באר שבע,דרך מצדה,113,שכונת ב,31.258643,34.778534
באר שבע,סמילן רות,28,שכונת נחל בקע,31.222719,34.775232
באר שבע,דרך המשחררים,38,שכונת ב,31.252031,34.790510
באר שבע,יערה,11,שכונת נווה נוי,31.231315,34.786267
באר שבע,גרשון,6,שכונת עיר עתיקה,31.240590,34.793054
באר שבע,רבקה,16,שכונת נווה מנחם,31.269197,34.763524
באר שבע,רוקח ישראל,30,,31.262601,34.767751
באר שבע,אסר טוביאס,11,,31.272178,34.801663
באר שבע,חבס ברכה,1,שכונת נווה מנחם,31.270194,34.768928
באר שבע,דוידוביץ לב,32,שכונת רמות,31.272840,34.802570
באר שבע,העליה,28,,31.254104,34.781971
באר שבע,גורדון א ד,17,,31.248121,34.795775
באר שבע,פראוור יהושע,8,,31.272184,34.806155
באר שבע,החלוץ,96,,31.240268,34.790693
באר שבע,רחבת בן נון,19,,31.262739,34.776574
באר שבע,ויתקון אלפרד,8,,31.271069,34.778373
באר שבע,עכו,7,שכונת נאות לון,31.251304,34.767639
באר שבע,לינדנר יוחנן,8,,31.273978,34.801974
באר שבע,הכותל המערבי,4,,31.248193,34.788453
באר שבע,פרופ' שיבא,81,,31.260914,34.755766
באר שבע,מבצע נחשון,67,שכונת ו,31.262426,34.787399
באר שבע,תמר,9,שכונת נווה נוי,31.229952,34.790765
באר שבע,פרנק ג'ימס,16,שכונת רמות,31.274266,34.800547
באר שבע,החלוץ,116,שכונת עיר עתיקה,31.241137,34.791617
באר שבע,שד יעלים,105,שכונת ה,31.255736,34.775280
באר שבע,גולני,5,,31.257506,34.807369
באר שבע,העליה,31,שכונת ה,31.253934,34.781280
באר שבע,לישנסקי יוסף,8,שכונת נווה מנחם,31.267191,34.759042
באר שבע,וילנסקי משה,4,שכונת נאות לון,31.244709,34.762106
באר שבע,סלמה,1,שכונת ד,31.261719,34.797100
באר שבע,דרזנר יחיאל,1,שכונת רמות,31.266759,34.815152
באר שבע,סמילן רות,16,,31.222305,34.775770
באר שבע,הר בוקר,83,,31.275679,34.808059
באר שבע,זינדר חמדה וצבי,27,,31.224769,34.774959
באר שבע,תלמה,24,,31.221001,34.773737
באר שבע,גרוסמן מאיר,8,,31.235338,34.767802
באר שבע,פריד אלפרד,5,שכונת רמות,31.271596,34.801707
באר שבע,אינשטיין,22,שכונת ב,31.257141,34.790859
באר שבע,החלוץ,134,שכונת מרכז אזרחי,31.242232,34.792789
באר שבע,משעול גבעון,18,שכונת ט,31.244792,34.775426
באר שבע,הר עצמון,16,,31.274775,34.812599
באר שבע,רחבת פל-ים,52,שכונת ו,31.264539,34.778014
באר שבע,מבצע חורב,42,,31.261787,34.786462
באר שבע,אלבק חנוך,25,,31.271840,34.804706
באר שבע,ילין-מור,7,,31.274569,34.822978
באר שבע,יוכבד בת מרים,24,שכונת נווה מנחם,31.268844,34.769471
באר שבע,התלמוד,72,שכונת ד,31.269311,34.784574
באר שבע,חזמה יעקב,12,,31.221587,34.775827
באר שבע,החלוץ,42,,31.237656,34.788147
באר שבע,קרן קיימת לישראל,84,שכונת עיר עתיקה,31.238937,34.790692
באר שבע,?,89,שכונת ד,31.261292,34.797827
באר שבע,רחבת בן נון,4,שכונת ו,31.262824,34.777168
באר שבע,רחבת שמגר השופט,2,שכונת ו,31.262217,34.775898
באר שבע,גד,1,שכונת עיר עתיקה,31.239147,34.782403
באר שבע,יסמין,5,,31.231502,34.794048
באר שבע,פיינברג אבשלום,17,שכונת נווה מנחם,31.266154,34.760226
באר שבע,קדושי סלוניקי,12,,31.265806,34.757466
באר שבע,רחבת אופירה,16,שכונת ט,31.244305,34.771086
באר שבע,פקועה,3,,31.231477,34.795895
באר שבע,גלזמן יוסף,20,,31.225119,34.779043
באר שבע,אירוס הנגב,88,,31.228564,34.789595
באר שבע,קרויצר מנחם,4,,31.246585,34.801996
באר שבע,בית שאן,30,שכונת נאות לון,31.249597,34.767282
באר שבע,אחד העם,11,,31.247312,34.792363
באר שבע,יוסף בן מתתיהו,46,שכונת ד,31.264450,34.800780
באר שבע,"חז""ל",53,שכונת ב,31.257467,34.792244
באר שבע,משעול ניצנה,36,שכונת ה,31.247958,34.778962
באר שבע,ברוור אברהם,15,,31.272811,34.809157
באר שבע,פיארברג,20,שכונת נווה זאב,31.235173,34.774416
באר שבע,נקר מאיר,8,שכונת רמות,31.267742,34.815920
באר שבע,חומה ומגדל,2,שכונת ג,31.253559,34.802315
באר שבע,פרץ י ל,36,שכונת נווה זאב,31.240990,34.778861
באר שבע,זמיר ישעיהו,54,,31.274349,34.817031
באר שבע,פועה,2,,31.270677,34.762987
באר שבע,קשאני אליעזר,5,,31.270625,34.813028
באר שבע,שד מרש יעקב,8,שכונת רמות,31.265929,34.811215
באר שבע,"רש""י",94,שכונת ד,31.268095,34.788963
באר שבע,הנוקם,7,שכונת עיר עתיקה,31.242203,34.783811
באר שבע,פרופ' שיבא,18,,31.260016,34.758524
באר שבע,ילין דוד,27,שכונת רמות,31.270287,34.805886
באר שבע,משה יצחק,12,שכונת רמות,31.275235,34.805866
באר שבע,עמיר אנדה,65,,31.272603,34.765010
באר שבע,הר מירון,12,,31.277053,34.809635
באר שבע,המנוף,9,,31.228119,34.810623
באר שבע,פלוסר דוד,25,,31.245925,34.761112
באר שבע,בר הלל יהושע,2,שכונת רמות,31.269626,34.804620
באר שבע,"משעול בית""ר",6,שכונת ד,31.259790,34.790367
באר שבע,רותם,15,,31.230071,34.795784
באר שבע,רחבת אמציה,14,שכונת ו,31.264938,34.784141
באר שבע,חזקיהו,10,,31.262869,34.785866
באר שבע,שינדלר אוסקר,16,שכונת רמות הרכס,31.282756,34.801283
באר שבע,מורדי הגטאות,71,שכונת עיר עתיקה,31.238735,34.789876
באר שבע,שנונית,2,שכונת ה,31.250785,34.778765
באר שבע,הזוהר,32,שכונת ד,31.271534,34.788102
באר שבע,זריצקי יוסף,42,,31.260587,34.761805
באר שבע,קהירי,22,שכונת רמות הרכס,31.285168,34.800453
באר שבע,ולבר יצחק,67,,31.242767,34.763000
באר שבע,מבצע דני,29,,31.260993,34.781808
באר שבע,פרץ י ל,43,שכונת נווה זאב,31.241450,34.778252
באר שבע,חרצית,21,,31.233526,34.788805
באר שבע,בן לברט,1,שכונת נאות לון,31.250036,34.763160
באר שבע,בת שבע,24,שכונת נווה מנחם,31.269834,34.761661
באר שבע,כפר הדרום,27,שכונת עיר עתיקה,31.237458,34.785967
באר שבע,חזן יעקב,44,שכונת רמות,31.275705,34.816791
באר שבע,הרב גבאי מנחם,1,שכונת ד,31.271811,34.795496
באר שבע,הרצל,110,שכונת עיר עתיקה,31.242726,34.791021
באר שבע,גויטיין דוד,22,שכונת ו,31.270236,34.776168
באר שבע,רחבת אמציה,7,שכונת ו,31.264550,34.783984
באר שבע,סרלין יוסף,30,,31.260616,34.763331
באר שבע,בר הלל יהושע,3,שכונת רמות,31.269886,34.804509
באר שבע,חובב משה,24,,31.220953,34.774844
באר שבע,חוה,23,,31.269595,34.764315
באר שבע,גלילי ישראל,13,שכונת רמות הרכס,31.283481,34.803560
באר שבע,זמנהוף,18,,31.264882,34.761207
באר שבע,ברוור אברהם,39,שכונת רמות,31.273579,34.808540
באר שבע,הדסה,42,,31.240275,34.791180
באר שבע,הכט ראובן,18,,31.275100,34.819534
באר שבע,?,82,שכונת ד,31.259118,34.788936
באר שבע,בר כוכבא,13,שכונת עיר עתיקה,31.243651,34.781078
באר שבע,"הפלמ""ח",66,שכונת עיר עתיקה,31.239206,34.788840
באר שבע,השופט אלקיים,2,שכונת נאות לון,31.243086,34.765073
באר שבע,רחבת הרב קוק,13,שכונת יא,31.257758,34.771109
באר שבע,בר כוכבא,12,שכונת עיר עתיקה,31.243461,34.781261
באר שבע,פטנקין דן,36,,31.247729,34.759581
באר שבע,אירוס הנגב,83,,31.228252,34.789596
באר שבע,זרחין אלכסנדר,4,,31.274532,34.805732
באר שבע,לברי מרק,45,שכונת נחל בקע,31.222911,34.772731
באר שבע,מרגולין,10,,31.222109,34.799929
באר שבע,שלשת בני עין חרוד,35,,31.237954,34.791285
באר שבע,ארגוב אלכסנדר,19,,31.247787,34.757270
באר שבע,מבצע דני,15,,31.260961,34.782924
באר שבע,השופט אלקיים,8,שכונת נאות לון,31.243132,34.764470
באר שבע,החלוץ,100,,31.240596,34.791022
באר שבע,"רש""י",24,שכונת ד,31.268068,34.787244
באר שבע,רחבת אלכסנדרוני,13,שכונת ו,31.264813,34.778393
באר שבע,מבצע עובדה,32,שכונת ו,31.260351,34.777257
באר שבע,שנונית,23,שכונת ה,31.250201,34.779231
באר שבע,הנדיב,24,שכונת ג,31.253066,34.811708
באר שבע,גלזמן יוסף,12,,31.224694,34.779198
באר שבע,בארון דבורה,19,שכונת ב,31.252754,34.794287
באר שבע,דידנר מנחם,12,שכונת רמות הרכס,31.280671,34.803863
באר שבע,רחבת פל-ים,18,,31.264606,34.776774
באר שבע,הר רמון,17,,31.275441,34.812776
באר שבע,שופמן גרשון,9,שכונת נווה זאב,31.238419,34.774384
באר שבע,ברדיצ'בסקי,16,,31.268173,34.772247
באר שבע,מורדי הגטאות,90,שכונת עיר עתיקה,31.239593,34.791249
באר שבע,אבידום מנחם,48,שכונת נחל בקע,31.222476,34.772808
באר שבע,שמעון בר גיורא,47,שכונת ד,31.259517,34.789687
באר שבע,ויתקון אלפרד,27,שכונת ו,31.270272,34.777113
באר שבע,בית צורי אליהו,5,,31.272359,34.814017
באר שבע,ילין-מור,9,,31.274834,34.822385
באר שבע,חזמה יעקב,15,שכונת נחל בקע,31.221762,34.775210
באר שבע,פטנקין דן,28,שכונת נאות לון,31.247978,34.760225
באר שבע,שמעון בר גיורא,49,שכונת ד,31.259499,34.789086
באר שבע,מורדי הגטאות,92,,31.239720,34.791284
באר שבע,תלמה,44,,31.221958,34.772529
באר שבע,הבשור,19,שכונת ד,31.265186,34.797420
באר שבע,אורות ישראל,2,,31.236674,34.764332
באר שבע,חוחית,38,,31.228584,34.764588
באר שבע,סדן דב,17,שכונת רמות,31.268788,34.806349
באר שבע,צונדק ברנרד והרמן,24,שכונת רמות,31.269951,34.809067
באר שבע,שטיין ריכרד,45,שכונת ו,31.265595,34.769538
באר שבע,שד רגר יצחק,127,שכונת ד,31.263942,34.797582
באר שבע,בר כוכבא,7,שכונת עיר עתיקה,31.243353,34.780826
באר שבע,הפלס,28,,31.226325,34.810260
באר שבע,רוט אגון,1,,31.223346,34.780016
באר שבע,רחבת הרב קוק,25,שכונת יא,31.257549,34.771800
באר שבע,אינשטיין,2,שכונת ב,31.254954,34.791945
באר שבע,יוסף בן מתתיהו,59,שכונת ד,31.265291,34.799799
באר שבע,רבי עקיבא,34,שכונת ד,31.259326,34.792113
באר שבע,בדר יוחנן,36,,31.273235,34.825221
באר שבע,וינגייט,46,שכונת ג,31.256095,34.804750
באר שבע,קרוק גלעד דורותיה,16,שכונת רמות,31.269598,34.806616
באר שבע,ירבוע,31,שכונת ה,31.251456,34.778085
באר שבע,הבשור,15,שכונת ד,31.265421,34.797428
באר שבע,הר רמון,9,,31.275243,34.813530
באר שבע,סמילן רות,5,,31.221652,34.776307
באר שבע,הוכברג נתנאל,14,,31.270737,34.771760
באר שבע,עבדת,40,שכונת נאות לון,31.245283,34.766321
באר שבע,רינגלבלום,30,שכונת ד,31.267647,34.800757
באר שבע,חבצלת הנגב,78,שכונת נווה נוי,31.231988,34.787098
באר שבע,דה-שליט עמוס,46,,31.273407,34.806852
באר שבע,אהרליך פאול,13,שכונת רמות,31.269941,34.808305
באר שבע,פרטוש עדן,18,שכונת נחל בקע,31.220664,34.773274
באר שבע,פיקרד,27,שכונת רמות הרכס,31.278823,34.800936
באר שבע,מבצע דני,54,,31.260262,34.781455
באר שבע,אסף הרופא,7,שכונת ב,31.256198,34.793029
באר שבע,ילין דוד,47,,31.271177,34.806132
באר שבע,רחל אמנו,57,שכונת נווה מנחם,31.271167,34.763290
באר שבע,אביגיל,2,,31.268537,34.762249
באר שבע,עכו,13,שכונת נאות לון,31.251470,34.768238
באר שבע,ההגנה,33,שכונת עיר עתיקה,31.239887,34.786963
באר שבע,ברוור אברהם,17,,31.272891,34.809091
באר שבע,פילדרמן,12,,31.265609,34.760466
באר שבע,רחבת מבצע ארז,42,,31.265644,34.781346
באר שבע,גבריהו חיים,4,שכונת רמות,31.275939,34.804855
באר שבע,הר כנען,22,,31.274089,34.812813
באר שבע,פרויד,1,שכונת ב,31.255185,34.792517
באר שבע,שיזף,1,,31.231973,34.793350
באר שבע,בורן מכס,26,שכונת רמות,31.274023,34.803600
באר שבע,המרד,43,,31.272218,34.815123
באר שבע,המכתשים,42,שכונת ד,31.269430,34.795601
באר שבע,בני אור,44,שכונת ב,31.257706,34.783633
באר שבע,חכים אליהו,45,,31.272756,34.813301
באר שבע,המכתשים,19,שכונת ד,31.268844,34.794900
באר שבע,לסקר פרץ,17,,31.265795,34.757050
באר שבע,זמורה משה,8,,31.269564,34.775836
באר שבע,טרומפלדור,38,,31.238647,34.791260
באר שבע,שלשת בני עין חרוד,76,,31.239417,34.793095
באר שבע,פטנקין דן,1,,31.247092,34.760888
באר שבע,קורא,8,שכונת ה,31.248904,34.781825
באר שבע,דרך מצדה,45,שכונת ד,31.258153,34.792341
באר שבע,רחבת מולדת,14,,31.255087,34.778773
באר שבע,אורות ישראל,36,,31.235854,34.761597
באר שבע,השופט אלקיים,22,שכונת נאות לון,31.242400,34.763845
באר שבע,הרב גבאי מנחם,23,שכונת ד,31.271390,34.794014
באר שבע,"הרא""ש",11,שכונת יא,31.258660,34.774314
באר שבע,לוריא צבי,3,שכונת רמות,31.267045,34.811092
באר שבע,העצמאות,79,,31.243499,34.784596
באר שבע,לברי מרק,20,,31.221693,34.774735
באר שבע,אבידוב צבי,10,,31.270246,34.771241
באר שבע,רבי עקיבא,13,שכונת ד,31.259039,34.792601
באר שבע,סיגלון,9,שכונת נווה נוי,31.230833,34.783773
באר שבע,חובב משה,35,,31.221859,34.775362
באר שבע,ביאליק,17,שכונת ב,31.254382,34.791963
באר שבע,הכותל המערבי,50,שכונת א,31.250285,34.785302
באר שבע,רחבת שלומציון,10,שכונת ו,31.264251,34.782107
באר שבע,שיבטה,10,שכונת ט,31.244321,34.770073
באר שבע,בית שאן,20,שכונת נאות לון,31.249590,34.768127
באר שבע,בר ניסן,8,,31.238547,34.763117
באר שבע,דוד הראובני,29,,31.263321,34.762341
באר שבע,וילנסקי משה,65,,31.247097,34.761224
באר שבע,וינגייט,44,,31.256082,34.805098
באר שבע,די זהב אפרים,15,שכונת נחל בקע,31.222560,34.776061
באר שבע,גולדשטיין פרץ,6,שכונת נחל בקע,31.225956,34.780166
באר שבע,רחל אמנו,11,שכונת נווה מנחם,31.269168,34.765746
באר שבע,רחל אמנו,55,שכונת נווה מנחם,31.271123,34.763357
באר שבע,רחבת גדעון,11,שכונת ו,31.262498,34.779388
באר שבע,וינגייט,15,,31.256115,34.808378
באר שבע,שד ירושלים,63,שכונת ט,31.246121,34.775101
באר שבע,דרור,75,,31.227634,34.768869
באר שבע,רוטנברג,11,שכונת ד,31.259107,34.808402
באר שבע,יוכבד בת מרים,2,,31.269427,34.770382
באר שבע,יוסף בן מתתיהו,9,שכונת ד,31.265990,34.800052
באר שבע,יששכר,4,שכונת עיר עתיקה,31.238360,34.782072
באר שבע,פרטוש עדן,21,שכונת נחל בקע,31.221241,34.773419
באר שבע,הגאולים,12,,31.248770,34.803672
באר שבע,זהרי מיכאל,15,שכונת רמות,31.274160,34.802456
באר שבע,חזני מיכאל,42,,31.262893,34.770525
באר שבע,סנהדרין,79,שכונת ד,31.270738,34.791575
באר שבע,מונטיפיורי,3,שכונת א,31.248897,34.796793
באר שבע,סמולנסקין,9,שכונת נווה מנחם,31.266786,34.756078
באר שבע,קובנר אבא,3,שכונת נחל בקע,31.224397,34.779680
באר שבע,שד ירושלים,84,שכונת נאות לון,31.247051,34.769219
באר שבע,שיזף,21,,31.231910,34.791719
באר שבע,הזז חיים,1,שכונת ב,31.253135,34.795995
באר שבע,שרת משה,48,שכונת יא,31.259382,34.769908
באר שבע,אלפסי,10,שכונת יא,31.258139,34.773182
באר שבע,יסקי,13,,31.243548,34.787329
באר שבע,"הרא""ש",19,שכונת יא,31.258260,34.774823
באר שבע,רחבת ימית,21,שכונת ט,31.244353,34.771955
באר שבע,שד ירושלים,72,שכונת נאות לון,31.247743,34.771437
באר שבע,המדע,2,שכונת רמות,31.268585,34.806712
באר שבע,אקצין בנימין,24,,31.269993,34.777476
באר שבע,מורדי הגטאות,106,שכונת עיר עתיקה,31.240591,34.792040
באר שבע,בן יהודה,18,שכונת ב,31.254224,34.794095
באר שבע,הפלס,24,שכונת עמק שרה,31.226643,34.810539
באר שבע,פלדברג שמואל,6,שכונת רמות,31.275526,34.824453
באר שבע,קדושי סלוניקי,21,,31.265162,34.757856
באר שבע,השלום,45,שכונת ג,31.252500,34.805990
באר שבע,גרוסמן מאיר,15,שכונת נווה זאב,31.236037,34.766756
באר שבע,חוה,25,,31.269657,34.764346
באר שבע,בן חיים פאול,29,,31.222693,34.773460
באר שבע,קיפניס לוין,15,שכונת נווה זאב,31.238441,34.780349
באר שבע,זנגויל ישראל,37,שכונת נווה מנחם,31.264169,34.759813
באר שבע,המכתשים,11,שכונת ד,31.268626,34.794827
באר שבע,חוה,3,שכונת נווה מנחם,31.268025,34.761977
באר שבע,אגוז,34,שכונת נווה מנחם,31.263991,34.760902
באר שבע,זריצקי יוסף,26,,31.260030,34.761258
באר שבע,הגדודים,54,,31.235187,34.784748
באר שבע,ילן-שטקליס מרים,60,,31.270877,34.768351
באר שבע,"ד""ר טיכו",5,,31.260608,34.757964
באר שבע,בסקין צבי,4,,31.251023,34.804989
באר שבע,אנקור,17,שכונת נווה זאב,31.231993,34.772485
באר שבע,חבצלת הנגב,17,,31.234043,34.792546
באר שבע,ביאליק,139,שכונת א,31.246518,34.788084
באר שבע,ביאליק,120,שכונת א,31.246026,34.786570
באר שבע,הרב הרצוג,20,,31.261123,34.767931
באר שבע,"רחבת לח""י",21,,31.264181,34.776351
באר שבע,המר זבולון,24,שכונת רמות,31.267061,34.812015
באר שבע,יערה,26,שכונת נווה נוי,31.231730,34.786702
באר שבע,"רחבת לח""י",11,שכונת ו,31.264345,34.776261
באר שבע,ברוור אברהם,41,שכונת רמות,31.273601,34.808470
באר שבע,פינקל שמעון,38,,31.264811,34.755612
באר שבע,אוליצקי אריה,24,שכונת נווה מנחם,31.258541,34.758741
באר שבע,אולשן יצחק,15,שכונת ו,31.269046,34.774311
באר שבע,בן דוד יוסף,20,,31.273094,34.801764
באר שבע,הרב קפאח,43,שכונת נאות לון,31.252950,34.761096
באר שבע,יוסף בן מתתיהו,29,שכונת ד,31.265696,34.800253
באר שבע,הכותל המערבי,32,שכונת א,31.248199,34.785451
באר שבע,טבנקין,29,,31.253925,34.773048
באר שבע,שד רגר יצחק,173,שכונת ד,31.268467,34.797673
באר שבע,אנילביץ,4,,31.236802,34.789833
באר שבע,וקסמן זלמן,22,,31.270181,34.808667
באר שבע,הכותל המערבי,12,שכונת א,31.247482,34.787496
באר שבע,דרך מצדה,19,שכונת ד,31.258175,34.794556
באר שבע,פרטוש עדן,1,,31.220155,34.772207
באר שבע,צוקית,7,,31.232173,34.762510
באר שבע,זנגויל ישראל,27,,31.264325,34.760213
באר שבע,המכתשים,33,שכונת ד,31.269222,34.795119
באר שבע,הר עצמון,18,,31.274874,34.812400
באר שבע,ילן-שטקליס מרים,48,,31.271067,34.768952
באר שבע,חובב משה,15,שכונת נחל בקע,31.220748,34.774159
באר שבע,הצבי,27,שכונת ה,31.248926,34.777095
באר שבע,מלאכי,4,שכונת עיר עתיקה,31.237153,34.785660
באר שבע,אבן שפרוט,3,שכונת נאות לון,31.250584,34.763524
באר שבע,אירוס הנגב,5,,31.229628,34.796642
באר שבע,די זהב אפרים,44,,31.223904,34.774644
באר שבע,חוה,28,,31.269390,34.764456
באר שבע,החלוץ,9,שכונת עיר עתיקה,31.236516,34.786700
באר שבע,נשר,57,,31.226019,34.765310
באר שבע,לאה,75,שכונת נווה מנחם,31.270510,34.761277
באר שבע,הר רמון,32,,31.276026,34.811607
באר שבע,עגנון,15,שכונת ה,31.251331,34.777200
באר שבע,כפר הדרום,2,שכונת עיר עתיקה,31.236062,34.788394
באר שבע,פרויד,2,שכונת ב,31.255293,34.792713
באר שבע,שד ירושלים,68,שכונת ט,31.246768,34.772933
באר שבע,שטה,16,,31.232970,34.790987
באר שבע,גולומב,13,,31.253727,34.801450
באר שבע,רחבת אלכסנדרוני,12,,31.264756,34.777845
באר שבע,אשר,2,שכונת עיר עתיקה,31.239626,34.783792
באר שבע,עוזיה המלך,20,שכונת ד,31.260958,34.793634
באר שבע,גירית,26,שכונת ה,31.250104,34.778956
באר שבע,חנני,2,שכונת עיר עתיקה,31.235571,34.784162
באר שבע,עין גדי,38,שכונת נאות לון,31.250973,34.767440
באר שבע,שמעון בר גיורא,25,שכונת ד,31.261559,34.792671
באר שבע,משעול יודפת,6,שכונת ד,31.259275,34.790677
באר שבע,חגלה,34,שכונת ה,31.250053,34.782283
באר שבע,שלמה המלך,71,שכונת ד,31.259788,34.794805
באר שבע,הרב קפאח,34,שכונת נאות לון,31.252956,34.762256
באר שבע,פילדרמן,21,,31.265656,34.759767
באר שבע,טרומפלדור,53,,31.238917,34.790976
באר שבע,דרך המשחררים,11,שכונת ב,31.251247,34.795156
באר שבע,גיבתון חנוך,30,שכונת נחל בקע,31.224074,34.777077
באר שבע,בית לחם,8,שכונת ט,31.244520,34.779058
באר שבע,הכנסת,8,שכונת ד,31.271362,34.795949
באר שבע,תלמה,52,,31.222206,34.772228
באר שבע,קדושי יאסי,16,,31.265871,34.760363
באר שבע,בדר יוחנן,51,,31.273843,34.823765
באר שבע,גוש עציון,34,,31.258072,34.806942
באר שבע,ארניה אסוולדו,69,שכונת ד,31.266260,34.801968
באר שבע,מבצע דני,1,,31.259590,34.783004
באר שבע,המכבים,12,,31.243022,34.781725
באר שבע,פיינשטיין מאיר,37,,31.270001,34.813372
באר שבע,מבצע עובדה,36,שכונת ו,31.260413,34.776959
באר שבע,הר בוקר,71,,31.275255,34.808425
באר שבע,"הפלמ""ח",55,שכונת עיר עתיקה,31.238629,34.789367
באר שבע,"הפלמ""ח",8,,31.238148,34.790319
באר שבע,אפרסמון,7,שכונת נווה נוי,31.230646,34.785337
באר שבע,צבי-רן שלמה,11,,31.273521,34.818678
באר שבע,שיזף,3,,31.231897,34.793097
באר שבע,ברוור אברהם,29,שכונת רמות,31.273338,34.808687
באר שבע,רחל אמנו,31,,31.270398,34.764456
באר שבע,משעול גבעון,19,שכונת ט,31.245217,34.775737
באר שבע,פינקל שמעון,64,שכונת נווה מנחם,31.265413,34.754504
באר שבע,אהרוני יוחנן,3,,31.274489,34.805862
באר שבע,הר רמון,4,,31.275378,34.814325
באר שבע,האוזנר גדעון,13,,31.286722,34.804321
באר שבע,פיינברג אבשלום,38,שכונת נווה מנחם,31.265228,34.758780
באר שבע,גוש עציון,24,שכונת ג,31.256049,34.807264
באר שבע,יהואש,15,,31.262335,34.785874
באר שבע,פיקרד,17,שכונת רמות הרכס,31.278625,34.800120
באר שבע,סמילן רות,11,,31.221797,34.776054
באר שבע,המרד,22,,31.269462,34.815847
באר שבע,פריד אלפרד,13,שכונת רמות,31.271775,34.802197
באר שבע,רודנסקי שמואל,63,שכונת נווה מנחם,31.271699,34.769923
באר שבע,ארץ חמדה,50,,31.235357,34.765118
באר שבע,דן,1,שכונת עיר עתיקה,31.237228,34.781670
באר שבע,ויתקון אלפרד,21,שכונת ו,31.270386,34.777371
באר שבע,רחל אמנו,17,,31.269442,34.765529
באר שבע,קורא,12,שכונת ה,31.248982,34.781973
באר שבע,שד יעלים,10,שכונת ה,31.249872,34.780745
באר שבע,ארץ חמדה,6,,31.235268,34.764236
באר שבע,האוזנר גדעון,11,,31.286542,34.804426
באר שבע,שמעון בר גיורא,12,שכונת ד,31.262259,34.792271
באר שבע,תקוע יוסף,33,,31.276707,34.819601
באר שבע,בן סרוק מנחם,4,שכונת נאות לון,31.252135,34.762971
באר שבע,דרך המשחררים,50,שכונת ב,31.252108,34.789020
באר שבע,מבצע דני,66,,31.259897,34.782387
באר שבע,התקוה,3,,31.245372,34.798875
באר שבע,הרב גורן שלמה,49,שכונת נאות לון,31.245028,34.764500
באר שבע,העליה,79,שכונת ה,31.256653,34.775818
באר שבע,די זהב אפרים,9,,31.222183,34.776589
באר שבע,סייפן,9,שכונת נווה נוי,31.231591,34.781591
באר שבע,בית אשל,53,,31.239157,34.793285
באר שבע,שירמן חיים,11,,31.272621,34.804882
באר שבע,רותם,8,,31.230485,34.796191
באר שבע,קהירי,25,שכונת רמות הרכס,31.283670,34.802644
באר שבע,רוזן פנחס,12,שכונת יא,31.262208,34.764321
באר שבע,גיבתון חנוך,64,,31.225411,34.775317
באר שבע,אלדד,74,,31.275439,34.822936
באר שבע,חוחית,81,,31.228821,34.764242
באר שבע,עמיצור שמשון,12,שכונת רמות הרכס,31.281013,34.798767
באר שבע,אירוס הנגב,105,,31.228573,34.787572
באר שבע,אלישר,25,,31.272866,34.818663
באר שבע,בר ניסן,31,שכונת נווה זאב,31.240446,34.765312
באר שבע,הר בוקר,37,,31.273820,34.809347
באר שבע,שליו,6,שכונת ה,31.249139,34.781659
באר שבע,דונקלבלום מנחם,1,שכונת ו,31.268273,34.774154
באר שבע,הרצל,75,,31.241723,34.789779
באר שבע,שד ירושלים,91,שכונת ט,31.246206,34.773135
באר שבע,גולומב,42,,31.256809,34.804183
באר שבע,שיזף,27,,31.231769,34.790534
באר שבע,שירמן חיים,36,שכונת רמות,31.272834,34.806344
באר שבע,שוחט ישראל,23,שכונת נווה זאב,31.233585,34.766753
באר שבע,הר מירון,15,,31.276803,34.809461
באר שבע,קרייתי,4,,31.257052,34.805030
באר שבע,הכט ראובן,35,,31.274787,34.818469
באר שבע,גרשון,24,,31.241819,34.791402
באר שבע,שירמן חיים,37,שכונת רמות,31.273118,34.806080
באר שבע,אורות ישראל,12,,31.236846,34.763271
באר שבע,חבס ברכה,9,שכונת נווה מנחם,31.269999,34.768539
באר שבע,דרך מצדה,158,שכונת ו,31.258873,34.782899
באר שבע,חזמה יעקב,26,שכונת נחל בקע,31.222308,34.774875
באר שבע,רנה קסן,10,שכונת רמות,31.272830,34.801551
באר שבע,צבי-רן שלמה,46,,31.273577,34.817284
באר שבע,זהרי מיכאל,29,,31.274726,34.802944
באר שבע,שד יעלים,92,שכונת ה,31.255460,34.776125
באר שבע,הצבי,48,,31.252437,34.773889
באר שבע,טבנקין,31,,31.253809,34.772936
באר שבע,הר חרמון,10,,31.273953,34.810956
באר שבע,אבן-שושן אברהם,2,,31.243552,34.762786
באר שבע,שד ירושלים,23,שכונת ט,31.245456,34.777429
באר שבע,רחל אמנו,43,שכונת נווה מנחם,31.270751,34.763955
באר שבע,מאפו אברהם,8,שכונת נווה זאב,31.236171,34.774594
באר שבע,דיה,35,,31.230474,34.761481
באר שבע,בר יוחאי,50,שכונת ד,31.272962,34.794530
באר שבע,קלצ'קין רפאל,78,שכונת נווה מנחם,31.268520,34.768621
באר שבע,שדה יצחק,4,שכונת עיר עתיקה,31.241207,34.782182
באר שבע,"שח""ל",7,,31.246325,34.795571
באר שבע,אייזנשטדט,18,,31.277031,34.824054
באר שבע,יאיר,2,,31.239580,34.793295
באר שבע,חרצית,10,,31.232926,34.788506
באר שבע,הקנאים,32,שכונת ד,31.269355,34.793025
באר שבע,אגוז,23,,31.264369,34.761740
באר שבע,זלפה,5,,31.269533,34.763702
באר שבע,הרב גבאי מנחם,7,שכונת ד,31.271702,34.795220
באר שבע,שלשת בני עין חרוד,69,,31.238926,34.792102
באר שבע,עפרים,17,שכונת ה,31.249992,34.777944
באר שבע,ויתקון אלפרד,1,,31.270778,34.778340
באר שבע,האיילה,8,שכונת ה,31.250351,34.776870
באר שבע,אדלר,2,שכונת ו,31.266569,34.770194
באר שבע,יוכבד בת מרים,27,,31.268542,34.769482
באר שבע,פלוסר דוד,45,,31.245350,34.760002
באר שבע,דינור בן-ציון,12,,31.258255,34.760941
באר שבע,דרך מצדה,86,שכונת ד,31.259250,34.788883
באר שבע,הדעת,52,שכונת רמות,31.268623,34.805577
באר שבע,תלמה,31,,31.221119,34.773171
באר שבע,עמיר אנדה,32,,31.271752,34.766714
באר שבע,אלבק חנוך,19,שכונת רמות,31.271725,34.804261
באר שבע,האיילה,30,שכונת ה,31.250866,34.777461
באר שבע,אבן-שושן אברהם,127,,31.247806,34.757861
באר שבע,פרופ' שיבא,25,שכונת נווה מנחם,31.259669,34.758502
באר שבע,העליה,14,שכונת ה,31.250996,34.782658
באר שבע,נרקיס,32,,31.228251,34.795187
באר שבע,רבי טרפון,8,שכונת ד,31.260145,34.793163
באר שבע,הכותל המערבי,13,שכונת א,31.247480,34.787992
באר שבע,שמעון בר גיורא,4,שכונת ד,31.263533,34.792204
באר שבע,הר חרמון,24,,31.273339,34.812175
באר שבע,סדן דב,8,שכונת רמות,31.268664,34.805770
באר שבע,מקלף מרדכי,64,שכונת ו,31.268022,34.774360
באר שבע,משעול ניצנה,20,שכונת ה,31.248233,34.779235
באר שבע,טרומפלדור,84,,31.240543,34.792677
באר שבע,שטה,19,,31.232826,34.791386
באר שבע,הכט ראובן,9,,31.274723,34.819848
באר שבע,שרה אמנו,12,שכונת עיר עתיקה,31.240146,34.786453
באר שבע,גולומב,25,,31.254548,34.801642
באר שבע,סדן דב,1,שכונת רמות,31.269001,34.805631
באר שבע,פטנקין דן,44,שכונת נאות לון,31.247202,34.758957
באר שבע,גולומב,65,,31.257823,34.805128
באר שבע,יציאת אירופה,22,,31.251470,34.784295
באר שבע,האיילה,36,שכונת ה,31.250953,34.777553
באר שבע,פינקל שמעון,96,שכונת נווה מנחם,31.265333,34.753605
באר שבע,אהוד בן גרא,20,שכונת עיר עתיקה,31.241763,34.780228
באר שבע,פיינשטיין מאיר,28,,31.269412,34.814231
באר שבע,הכנסת,26,שכונת ד,31.271075,34.794354
באר שבע,רחבת מבצע ברוש,9,שכונת ו,31.265510,34.784239
באר שבע,עמרי,8,,31.262056,34.782163
באר שבע,העצמאות,16,,31.238593,34.792278
באר שבע,דרך מצדה,96,שכונת ד,31.259281,34.788572
באר שבע,אהרונסון,56,שכונת נווה מנחם,31.267877,34.759397
באר שבע,בן יוסף שלמה,9,,31.271544,34.812417
באר שבע,ארץ חמדה,46,,31.235019,34.765048
באר שבע,הר כנען,19,,31.274432,34.812467
באר שבע,דותן,12,שכונת נווה מנחם,31.264752,34.762343
באר שבע,הדעת,20,שכונת רמות,31.268012,34.807561
באר שבע,בזל,65,,31.250965,34.790081
באר שבע,ברוור אברהם,61,שכונת רמות,31.274321,34.807890
באר שבע,אמנון,11,,31.267246,34.766160
באר שבע,הדסה,18,שכונת עיר עתיקה,31.239418,34.792398
באר שבע,רחבת הרב עוזיאל,19,שכונת יא,31.255745,34.771529
באר שבע,ז'בוטינסקי זאב,8,שכונת ג,31.247713,34.807986
באר שבע,העצמאות,34,שכונת עיר עתיקה,31.239385,34.791177
באר שבע,הרב ריינס,16,,31.263546,34.759912
באר שבע,מודעי יצחק,14,שכונת רמות,31.265064,34.808619
באר שבע,ריבי איזידור,8,,31.273266,34.800740
באר שבע,מנדלסון,7,שכונת ב,31.256572,34.790158
באר שבע,משעול גבעון,2,שכונת ט,31.245600,34.775234
באר שבע,הר רמון,3,,31.275096,34.814080
באר שבע,?,69,שכונת ב,31.258462,34.788987
באר שבע,גרוסמן מאיר,18,,31.236323,34.767912
באר שבע,?,67,שכונת ב,31.258521,34.789349
באר שבע,צונדק ברנרד והרמן,29,שכונת רמות,31.270852,34.809050
באר שבע,התקוה,14,שכונת מרכז אזרחי,31.248232,34.799496
באר שבע,אבן-שושן אברהם,5,,31.243132,34.762463
באר שבע,פיקרד,124,,31.279668,34.800941
באר שבע,חומה ומגדל,13,,31.254191,34.803702
באר שבע,מודעי יצחק,18,שכונת רמות,31.265389,34.809059
באר שבע,פינקל שמעון,25,,31.264047,34.756989
באר שבע,שטרן יוסף,7,שכונת רמות הרכס,31.279965,34.800024
באר שבע,בקי רוברטו,4,שכונת רמות הרכס,31.278178,34.798727
באר שבע,שד ירושלים,57,שכונת ט,31.245889,34.775581
באר שבע,ברני רוברט,14,,31.270942,34.808787
באר שבע,גלילי ישראל,35,שכונת רמות הרכס,31.285525,34.804004
באר שבע,דותן,21,,31.264271,34.762197
באר שבע,אסר טוביאס,25,,31.272502,34.802409
באר שבע,ברוור אברהם,79,שכונת רמות,31.274991,34.807352
באר שבע,הצדיק מירושלים,67,,31.273789,34.787480
באר שבע,דרך מצדה,206,שכונת ו,31.258852,34.775920
באר שבע,"רמב""ם",2,שכונת מרכז אזרחי,31.241864,34.792767
באר שבע,עמוס,4,שכונת עיר עתיקה,31.236058,34.785399
באר שבע,דידנר מנחם,14,שכונת רמות הרכס,31.280538,34.804028
באר שבע,הר רמון,38,,31.276199,34.811074
באר שבע,בזל,18,שכונת א,31.248705,34.788093
באר שבע,החלוץ,51,שכונת עיר עתיקה,31.238729,34.788858
באר שבע,פיקרד,25,שכונת רמות הרכס,31.278656,34.801221
באר שבע,אינשטיין,6,שכונת ב,31.255230,34.791556
באר שבע,שיבטה,30,שכונת ט,31.244646,34.769511
באר שבע,זילברג משה,9,,31.269164,34.775625
באר שבע,אורות ישראל,39,,31.235999,34.761947
באר שבע,רחבת הרב עוזיאל,5,שכונת יא,31.254750,34.770913
באר שבע,יוסי הבורסקאי,2,,31.244892,34.809197
באר שבע,פייגנבאום אריה,13,שכונת נווה מנחם,31.260941,34.757258
באר שבע,"שח""ל",21,,31.244772,34.794545
באר שבע,גולדמן נחום,9,שכונת רמות הרכס,31.278274,34.802783
באר שבע,שלשת בני עין חרוד,95,שכונת עיר עתיקה,31.240297,34.793499
באר שבע,דביר,14,,31.264051,34.762450
באר שבע,שדרת הערים התאומות,31,שכונת רמות הרכס,31.282169,34.798953
באר שבע,דרך מצדה,25,שכונת ד,31.258203,34.793993
באר שבע,אגוז,36,שכונת נווה מנחם,31.263892,34.760763
באר שבע,מזר בנימין,23,,31.243907,34.762490
באר שבע,דולצ'ין אריה,7,,31.262904,34.766974
באר שבע,יוחנן הורקנוס,13,שכונת ד,31.265317,34.794270
באר שבע,גולומב,1,,31.252677,34.802481
באר שבע,עמיצור שמשון,26,שכונת רמות הרכס,31.282170,34.797627
באר שבע,אחד העם,2,שכונת א,31.248233,34.792980
באר שבע,אמנון,12,שכונת נווה מנחם,31.266349,34.766213
באר שבע,יריחו,39,שכונת ט,31.244576,34.776994
באר שבע,התקוה,12,שכונת מרכז אזרחי,31.247996,34.799796
באר שבע,וילנסקי משה,23,,31.244278,34.760426
באר שבע,"רש""י",90,שכונת ד,31.267979,34.788809
באר שבע,זמורה משה,2,שכונת ו,31.269868,34.776591
באר שבע,הקנאים,6,שכונת ד,31.269752,34.793342
באר שבע,הר רמון,48,,31.276436,34.809896
באר שבע,דרך מצדה,174,שכונת ו,31.258685,34.780188
באר שבע,קלצ'קין רפאל,37,שכונת נווה מנחם,31.267521,34.768652
באר שבע,אבן עזרא,79,שכונת ד,31.270073,34.784237
באר שבע,יהוא,6,,31.262577,34.782210
באר שבע,גומא,19,שכונת נווה נוי,31.231995,34.785763
באר שבע,טור סיני נפתלי,20,שכונת רמות,31.270082,34.806989
באר שבע,ביאליק,112,שכונת א,31.246401,34.786831
באר שבע,מזר בנימין,8,,31.244067,34.762191
באר שבע,"ד""ר טיכו",11,,31.260884,34.757915
באר שבע,הגאונים,20,שכונת נאות לון,31.252277,34.761318
באר שבע,"הפלמ""ח",28,שכונת עיר עתיקה,31.238390,34.790068
באר שבע,דנציגר יצחק,19,,31.244594,34.761389
באר שבע,משעול גבעון,17,שכונת ט,31.245313,34.775706
באר שבע,יוהנה ז'בוטינסקי,5,שכונת נווה זאב,31.240478,34.776606
באר שבע,רחבת בן נון,2,שכונת ו,31.262658,34.777205
באר שבע,בז,75,,31.230089,34.770800
באר שבע,גבעתי,6,,31.256599,34.807287
באר שבע,בני אור,58,שכונת ב,31.257703,34.782233
באר שבע,סמולנסקין,31,שכונת נווה מנחם,31.265770,34.755051
באר שבע,תלמה,54,,31.222230,34.772108
באר שבע,יוהנה ז'בוטינסקי,11,שכונת נווה זאב,31.239028,34.774710
באר שבע,גרינשפן הרשל,31,,31.267865,34.757505
באר שבע,טרומפלדור,39,שכונת עיר עתיקה,31.238422,34.790688
באר שבע,דרך מצדה,132,שכונת ו,31.259342,34.785913
באר שבע,מודעי יצחק,7,שכונת רמות,31.265336,34.808515
באר שבע,אלמוג,25,שכונת נווה נוי,31.230015,34.784315
באר שבע,המלכים,36,שכונת נווה מנחם,31.264840,34.757430
באר שבע,גרינשפן הרשל,60,שכונת נווה מנחם,31.267648,34.756493
באר שבע,"רש""י",6,שכונת ד,31.268313,34.787009
באר שבע,רחבת מבצע ארז,32,שכונת ו,31.265943,34.781671
באר שבע,עכו,19,שכונת נאות לון,31.251401,34.768725
באר שבע,שרירא גאון,8,שכונת נאות לון,31.250884,34.761051
באר שבע,"רחבת לח""י",5,שכונת ו,31.264752,34.776087
באר שבע,שיזף,43,,31.231625,34.789415
באר שבע,אסר טוביאס,10,שכונת רמות,31.271844,34.801819
באר שבע,יערי מאיר,24,שכונת יא,31.257585,34.762637
באר שבע,?,33,שכונת ד,31.258160,34.793307
באר שבע,רינגלבלום,94,שכונת ד,31.269354,34.800203
באר שבע,מבצע יואב,25,שכונת ו,31.259394,34.779815
באר שבע,דולצ'ין אריה,9,שכונת יא,31.263237,34.766818
באר שבע,חובב משה,64,,31.223069,34.777065
באר שבע,ויניק זאב,22,,31.259162,34.759184
באר שבע,שרת משה,52,שכונת יא,31.259506,34.770267
באר שבע,זוסמן יואל,9,,31.269548,34.776804
באר שבע,משעול פנקס דוד,15,שכונת יא,31.254771,34.763580
באר שבע,טננבוים מרדכי,14,,31.224176,34.781268
באר שבע,דודאים,10,שכונת נווה נוי,31.231955,34.780253
באר שבע,פלדברג שמואל,68,שכונת רמות,31.276444,34.825279
באר שבע,הוגו שמואל,18,,31.272055,34.804593
באר שבע,רבנו תם,22,שכונת ד,31.271099,34.785021
באר שבע,מבצע עובדה,112,,31.262892,34.773916
באר שבע,המרד,12,,31.268807,34.816411
באר שבע,טרומפלדור,79,,31.239310,34.791484
באר שבע,חכים אליהו,39,,31.272544,34.812799
באר שבע,בורג יוסף,10,שכונת נווה זאב,31.233522,34.770384
באר שבע,חסמן מרק,2,,31.264581,34.755072
באר שבע,הזוהר,42,,31.271887,34.788153
באר שבע,אירוס הנגב,37,,31.228674,34.793929
באר שבע,הר כנען,33,,31.275482,34.811552
באר שבע,"חז""ל",8,שכונת ד,31.257887,34.794367
באר שבע,אורבך אפרים,6,,31.248173,34.759219
באר שבע,טרומפלדור,57,,31.239029,34.790994
באר שבע,בית שאן,84,שכונת נאות לון,31.248352,34.767905
באר שבע,חזני מיכאל,26,שכונת יא,31.261824,34.771334
באר שבע,דרך מצדה,129,שכונת ב,31.258666,34.777138
באר שבע,שד רגר יצחק,116,שכונת ד,31.265590,34.798386
באר שבע,די זהב אפרים,53,,31.224081,34.774034
באר שבע,שאול המלך,9,שכונת ד,31.263957,34.786967
באר שבע,"חז""ל",92,שכונת ב,31.257775,34.790213
באר שבע,סנהדרין,30,שכונת ד,31.272604,34.795248
באר שבע,ארן זלמן,65,שכונת יא,31.257361,34.760018
באר שבע,דוד הראובני,26,,31.263971,34.764227
באר שבע,משעול פנקס דוד,34,שכונת יא,31.255147,34.762836
באר שבע,הנדיב,12,שכונת ג,31.253517,34.811482
באר שבע,רב האי גאון,22,,31.249974,34.760601
באר שבע,אהוד בן גרא,44,שכונת נווה זאב,31.242045,34.778607
באר שבע,חטיבת הנגב,29,שכונת עיר עתיקה,31.239354,34.784382
באר שבע,אבשלום,2,שכונת נווה מנחם,31.265658,34.764833
באר שבע,סמבורסקי שמואל,15,,31.272133,34.803809
באר שבע,קציר אהרון,20,,31.272615,34.808959
באר שבע,"רמב""ן",4,שכונת ד,31.272026,34.786281
באר שבע,הר עצמון,17,,31.275154,34.812453
באר שבע,לינדנר יוחנן,10,,31.274073,34.802013
באר שבע,הרב קפאח,38,שכונת נאות לון,31.253044,34.761892
באר שבע,סלנט שמואל,11,שכונת ו,31.267358,34.780606
באר שבע,דרך המשחררים,34,שכונת ב,31.252042,34.790857
באר שבע,צביה המלכה,10,שכונת ד,31.262596,34.795621
באר שבע,ירבוע,25,שכונת ה,31.251330,34.778324
באר שבע,רינגלבלום,27,שכונת ד,31.268517,34.800128
באר שבע,ארגוב אלכסנדר,17,,31.247906,34.757371
באר שבע,פטנקין דן,14,שכונת נאות לון,31.247612,34.760905
באר שבע,ברטונוב יהושע,36,,31.271352,34.769551
באר שבע,ששון אליהו,2,,31.256829,34.766394
באר שבע,העצמאות,33,,31.239215,34.791001
באר שבע,רודנסקי שמואל,94,שכונת נווה מנחם,31.271812,34.769375
באר שבע,?,53,שכונת ב,31.253806,34.798377
באר שבע,"חז""ל",12,שכונת ד,31.257881,34.794281
באר שבע,זמיר ישעיהו,60,,31.274132,34.816732
באר שבע,הצדיק מירושלים,57,,31.273320,34.785828
באר שבע,פטריה,7,שכונת ה,31.254555,34.778706
באר שבע,בזל,17,שכונת א,31.248427,34.788037
באר שבע,נשר,14,,31.226549,34.766134
באר שבע,קרן קיימת לישראל,199,שכונת עיר עתיקה,31.239802,34.788724
באר שבע,הבשור,8,,31.266217,34.797010
באר שבע,רייק חביבה,5,שכונת ג,31.256728,34.807877
באר שבע,גלעד,16,שכונת ד,31.268577,34.794423
באר שבע,בית שאן,7,שכונת נאות לון,31.250675,34.767086
באר שבע,גולני,7,,31.257408,34.807604
באר שבע,טוב משה,11,,31.266207,34.759316
באר שבע,משעול פנקס דוד,4,שכונת יא,31.254911,34.765211
באר שבע,חסמן מרק,8,,31.264426,34.754403
באר שבע,יוחנן הורקנוס,38,שכונת ד,31.266004,34.795707
באר שבע,המכתשים,9,שכונת ד,31.268549,34.794834
באר שבע,ההסתדרות,9,שכונת עיר עתיקה,31.237516,34.786571
באר שבע,בלקינד נעמן,8,שכונת נווה מנחם,31.266839,34.759843
באר שבע,אבן ארי מיכאל,12,שכונת רמות,31.274872,34.807164
באר שבע,שטה,60,,31.229251,34.791822
באר שבע,טביוב,6,שכונת נווה מנחם,31.267738,34.757771
באר שבע,שמחוני אסף,14,שכונת עיר עתיקה,31.244083,34.789863
באר שבע,בת שבע,30,,31.270015,34.761408
באר שבע,פיקרד,80,שכונת רמות הרכס,31.279855,34.801086
באר שבע,דרך מצדה,260,שכונת יא,31.254612,34.771781
באר שבע,יערה,8,שכונת נווה נוי,31.230878,34.786456
באר שבע,נשר,8,,31.226919,34.765751
באר שבע,חוחית,65,,31.228142,34.762977
באר שבע,שלשת בני עין חרוד,11,,31.236695,34.790057
באר שבע,בן דוד יוסף,24,שכונת רמות,31.273172,34.801932
באר שבע,זהרי מיכאל,42,,31.274913,34.803536
באר שבע,יוחנן הורקנוס,76,שכונת ד,31.266960,34.796251
באר שבע,סנש חנה,17,שכונת ג,31.257898,34.809619
באר שבע,שתל יצחק,6,שכונת רמות,31.276948,34.820690
באר שבע,מסקין אהרון,69,,31.272560,34.764018
באר שבע,רחבת מבצע קדם,7,שכונת ו,31.266340,34.783349
באר שבע,רוזן פנחס,6,,31.262690,34.764729
באר שבע,מבצע חירם,14,,31.261051,34.783941
באר שבע,אבידום מנחם,34,שכונת נחל בקע,31.221786,34.773632
באר שבע,צביה ויצחק,46,,31.224030,34.780364
באר שבע,חרצית,17,,31.233260,34.788497
באר שבע,אפשטיין ישראל,19,שכונת רמות,31.275523,34.815797
באר שבע,כצנלסון,18,,31.250698,34.794828
באר שבע,רבנו תם,41,,31.270789,34.784444
באר שבע,סיני,30,שכונת ה,31.247340,34.779868
באר שבע,סמילנסקי,56,שכונת עיר עתיקה,31.239139,34.785172
באר שבע,ייבין יהושע,25,שכונת נווה זאב,31.239339,34.766164
באר שבע,?,70,,31.245657,34.784212
באר שבע,הגנן,3,שכונת עמק שרה,31.217871,34.812027
באר שבע,וקסמן זלמן,5,שכונת רמות,31.270520,34.808278
באר שבע,השומר,3,,31.247177,34.794394
באר שבע,פייגנבאום אריה,26,,31.261402,34.757142
באר שבע,אנקור,11,שכונת נווה זאב,31.231706,34.772387
באר שבע,עפרוני,92,,31.230673,34.767668
באר שבע,הקוצר,22,שכונת עמק שרה,31.213808,34.810355
באר שבע,רחבת איבצן,12,,31.263325,34.777878
באר שבע,שיזף,61,שכונת נווה נוי,31.230810,34.788127
באר שבע,סרן דב,13,שכונת נווה זאב,31.236093,34.778322
באר שבע,ארלנגר ג'וזף,14,שכונת רמות,31.269156,34.807972
באר שבע,ניב דוד,28,שכונת נווה זאב,31.239413,34.769392
באר שבע,עליאש מרדכי,12,,31.254176,34.806925
באר שבע,ארן זלמן,67,שכונת יא,31.257507,34.760022
באר שבע,יוחנן הורקנוס,31,שכונת ד,31.265639,34.795116
באר שבע,אבידום מנחם,33,,31.221618,34.773510
באר שבע,זינדר חמדה וצבי,7,שכונת נחל בקע,31.222849,34.777437
באר שבע,סדן דב,12,שכונת רמות,31.268563,34.805960
באר שבע,גמל,11,שכונת ה,31.249036,34.779479
באר שבע,הכט ראובן,32,שכונת רמות,31.275119,34.818225
באר שבע,סייפן,11,שכונת נווה נוי,31.231655,34.781542
באר שבע,בר-לב חיים,11,שכונת ו,31.265522,34.774082
באר שבע,טביוב,9,,31.267438,34.757793
באר שבע,אלדד,19,,31.274939,34.823422
באר שבע,עין גדי,28,שכונת נאות לון,31.250760,34.768617
באר שבע,אגוז,8,שכונת נווה מנחם,31.265186,34.762139
באר שבע,רחבת המרי העברי,14,שכונת ה,31.255458,34.778250
באר שבע,קיפוד,18,שכונת ה,31.250149,34.777707
באר שבע,אירוס הנגב,40,,31.229011,34.794255
באר שבע,שמעון בר גיורא,15,שכונת ד,31.262488,34.792748
באר שבע,הכט ראובן,61,,31.274717,34.817092
באר שבע,בן יעקב צבי,6,שכונת נחל בקע,31.225573,34.778329
באר שבע,שטיין ריכרד,51,שכונת ו,31.265877,34.769413
באר שבע,"המהר""ל",20,שכונת ו,31.267110,34.781161
באר שבע,שרירא גאון,11,,31.250323,34.760618
באר שבע,צביה ויצחק,74,,31.225233,34.781009
באר שבע,מסקין אהרון,65,שכונת נווה מנחם,31.272149,34.764454
באר שבע,ישעיהו ישראל,11,,31.256825,34.764118
באר שבע,מזר בנימין,51,,31.243938,34.759887
באר שבע,גולומב,52,,31.257351,34.805278
באר שבע,חזמה יעקב,4,,31.221355,34.776138
באר שבע,גרונר דב,12,,31.269570,34.813233
באר שבע,פינקל שמעון,40,,31.264889,34.755356
באר שבע,דיה,32,שכונת פלח שבע,31.231275,34.762072
באר שבע,סמילנסקי,20,שכונת עיר עתיקה,31.237125,34.788063
באר שבע,שיבטה,2,שכונת ט,31.243663,34.770290
באר שבע,רודנסקי שמואל,41,שכונת נווה מנחם,31.271631,34.771192
באר שבע,עמיר אנדה,20,שכונת נווה מנחם,31.271356,34.767139
באר שבע,ולבר יצחק,29,,31.241544,34.763969
באר שבע,העצמאות,56,שכונת עיר עתיקה,31.240766,34.789322
באר שבע,עמיר אנדה,29,שכונת נווה מנחם,31.271507,34.766637
באר שבע,המרד,25,,31.269995,34.814965
באר שבע,הגר,16,,31.241064,34.785287
באר שבע,יוסף בן מתתיהו,35,שכונת ד,31.265408,34.799350
באר שבע,הדעת,84,שכונת רמות,31.271093,34.803699
באר שבע,רייס רפאל,4,שכונת נחל בקע,31.225626,34.778928
באר שבע,תלמה,25,שכונת נחל בקע,31.220864,34.773440
באר שבע,משעול עקרון,11,שכונת ט,31.245064,34.775236
באר שבע,רחל המשוררת,17,שכונת ב,31.253713,34.794221
באר שבע,הר בוקר,2,,31.272497,34.811240
באר שבע,דיין משה,6,שכונת ו,31.264521,34.772511
באר שבע,הגאונים,11,שכונת נאות לון,31.251704,34.761223
באר שבע,דובדבן,39,שכונת רמות הרכס,31.286988,34.799849
באר שבע,נשר,51,,31.225531,34.765239
באר שבע,סירני,9,,31.226190,34.780437
באר שבע,בקי רוברטו,3,,31.277887,34.798117
באר שבע,קורא הדורות,12,שכונת נאות לון,31.251236,34.760377
באר שבע,חזמה יעקב,35,,31.223175,34.773360
באר שבע,ייבין יהושע,7,,31.237578,34.765370
באר שבע,מזר בנימין,11,,31.244399,34.762799
באר שבע,קובנר אבא,16,שכונת נחל בקע,31.225006,34.779755
באר שבע,תמר,31,,31.229669,34.789065
באר שבע,גינצבורג דוד,3,,31.273992,34.806780
באר שבע,דיה,26,,31.230963,34.761578
באר שבע,גולדברג לאה,22,שכונת ב,31.253102,34.794443
באר שבע,קהירי,11,שכונת רמות הרכס,31.284302,34.802208
באר שבע,קורא,6,שכונת ה,31.248824,34.781816
באר שבע,לינדנר יוחנן,42,,31.275276,34.803071
באר שבע,איילת השחר,5,,31.237018,34.764373
באר שבע,ילין דוד,12,שכונת רמות,31.270100,34.806107
באר שבע,סמילן רות,22,,31.222566,34.775434
באר שבע,שוחט ישראל,21,שכונת נווה זאב,31.233722,34.767048
באר שבע,שרירא גאון,15,,31.250182,34.760236
באר שבע,"הפלמ""ח",11,שכונת עיר עתיקה,31.237182,34.791382
באר שבע,רובינא חנה,18,,31.270544,34.770113
באר שבע,סתונית,36,שכונת נווה נוי,31.228338,34.779305
באר שבע,מורדי הגטאות,112,,31.240597,34.792279
באר שבע,סביון,18,שכונת נווה נוי,31.233227,34.779307
באר שבע,הרב קפאח,51,שכונת נאות לון,31.253048,34.760653
באר שבע,יערה,22,שכונת נווה נוי,31.231542,34.786656
באר שבע,גלעד,26,שכונת ד,31.268902,34.794543
באר שבע,גרינשפן הרשל,5,שכונת נווה מנחם,31.268006,34.758713
באר שבע,?,63,שכונת ד,31.258428,34.789709
באר שבע,לוזון אפרים,19,,31.264813,34.759911
באר שבע,רוט אגון,4,,31.223469,34.780225
באר שבע,גלילי ישראל,12,שכונת רמות הרכס,31.283485,34.804036
באר שבע,מונטיפיורי,13,שכונת א,31.249050,34.795281
באר שבע,דרבן,29,שכונת ה,31.250774,34.777692
באר שבע,שלמה המלך,2,שכונת ד,31.261735,34.796721
באר שבע,יוסף בן מתתיהו,76,שכונת ד,31.265044,34.801603
באר שבע,קלצ'קין רפאל,54,,31.268376,34.769816
באר שבע,מורדי הגטאות,110,,31.240710,34.792141
באר שבע,אלדד,30,,31.273778,34.823496
באר שבע,בן יעקב צבי,8,,31.225670,34.778261
באר שבע,פקועה,36,שכונת נווה נוי,31.230745,34.792875
באר שבע,"שז""ר זלמן",11,שכונת מרכז אזרחי,31.248144,34.803545
באר שבע,העליה,41,,31.254731,34.780151
באר שבע,מבצע חורב,22,,31.261585,34.784674
באר שבע,ירבוע,21,שכונת ה,31.251257,34.778417
באר שבע,שלדג,14,,31.231108,34.763553
באר שבע,צבעוני,8,שכונת נווה נוי,31.232243,34.779483
באר שבע,שופט אברהם,80,שכונת רמות,31.268128,34.812394
באר שבע,מבצע דני,35,,31.260480,34.781683
באר שבע,שיטרית,29,,31.254192,34.763592
באר שבע,בית לחם,18,שכונת ט,31.243844,34.779112
באר שבע,גלילי ישראל,7,,31.282844,34.803568
באר שבע,גרינשפן הרשל,56,שכונת נווה מנחם,31.267686,34.756519
באר שבע,הר בוקר,7,,31.272619,34.810698
באר שבע,אמיר אברהם,90,שכונת רמות,31.278127,34.822671
באר שבע,קורא הדורות,10,שכונת נאות לון,31.251310,34.760537
באר שבע,שירמן חיים,25,שכונת רמות,31.272887,34.805551
באר שבע,חובב משה,34,,31.221510,34.775436
באר שבע,שיזף,55,שכונת נווה נוי,31.231252,34.788531
באר שבע,אביתר הכהן,5,שכונת נווה מנחם,31.267531,34.766094
באר שבע,אנקור,64,שכונת נווה זאב,31.231440,34.772186
באר שבע,מבצע לוט,2,,31.260205,34.784956
באר שבע,חכים אליהו,7,,31.271391,34.814177
באר שבע,ז'בוטינסקי זאב,5,שכונת ג,31.248313,34.808186
באר שבע,החלוץ,7,שכונת עיר עתיקה,31.236244,34.786519
באר שבע,רותם,44,,31.229498,34.793239
באר שבע,שריג נחום,3,שכונת רמות הרכס,31.280992,34.804548
באר שבע,גלעד,18,שכונת ד,31.268564,34.794497
באר שבע,שד רגר יצחק,183,שכונת ד,31.269316,34.797792
באר שבע,בן לברט,17,שכונת נאות לון,31.251172,34.762403
באר שבע,טרומפלדור,105,,31.240379,34.792549
באר שבע,צבי-רן שלמה,4,,31.273811,34.819462
באר שבע,ארגוב אלכסנדר,18,,31.248597,34.758177
באר שבע,?,42,שכונת ד,31.258624,34.791655
באר שבע,דרך מצדה,71,שכונת ד,31.258717,34.788749
באר שבע,רחבת יותם,18,שכונת ו,31.264848,34.782806
באר שבע,פלוסר דוד,21,,31.245943,34.761317
באר שבע,אנפה,9,,31.275940,34.825259
באר שבע,בר יוחאי,34,,31.273395,34.794370
באר שבע,גרוסמן מאיר,22,שכונת נווה זאב,31.236945,34.768077
באר שבע,גומא,26,שכונת נווה נוי,31.232063,34.786062
באר שבע,צבר,20,,31.232080,34.794187
באר שבע,צבי-רן שלמה,42,,31.273725,34.817349
באר שבע,אקצין בנימין,22,,31.269965,34.777530
באר שבע,שועלי שמשון,21,שכונת ג,31.256339,34.804263
באר שבע,הדעת,68,שכונת רמות,31.269296,34.804866
באר שבע,תלמה,16,שכונת נחל בקע,31.220695,34.774071
באר שבע,ההגנה,12,,31.238058,34.785566
באר שבע,קנדל הנרי,6,שכונת עיר עתיקה,31.244721,34.784174
באר שבע,גרונר דב,3,שכונת רמות,31.268682,34.813565
באר שבע,סנהדרין,118,שכונת ד,31.270127,34.788887
באר שבע,קרן קיימת לישראל,82,שכונת עיר עתיקה,31.238948,34.790801
באר שבע,מנדלסון,4,שכונת ב,31.256999,34.790372
באר שבע,עין גדי,12,שכונת נאות לון,31.248536,34.770320
באר שבע,אנילביץ,11,,31.236952,34.788791
באר שבע,סירני,3,,31.225936,34.780546
באר שבע,אלחריזי,29,שכונת נאות לון,31.251650,34.763854
באר שבע,דרך מצדה,131,שכונת ב,31.258614,34.776954
באר שבע,הכט ראובן,44,,31.275108,34.817049
באר שבע,אבידום מנחם,11,שכונת נחל בקע,31.220557,34.774844
באר שבע,הבשור,10,,31.266249,34.796899
באר שבע,בן יוסף שלמה,1,,31.272012,34.811857
באר שבע,האז גיאורג,5,,31.273693,34.806208
באר שבע,אבידום מנחם,20,שכונת נחל בקע,31.221285,34.774326
באר שבע,?,100,שכונת ד,31.259355,34.788471
באר שבע,סנהדרין,146,שכונת ד,31.269210,34.788006
באר שבע,פינקל שמעון,16,,31.264023,34.757883
באר שבע,מבצע עובדה,116,,31.263661,34.773175
באר שבע,הרצל,10,שכונת עיר עתיקה,31.238600,34.787187
באר שבע,אינשטיין,4,שכונת ב,31.255100,34.791865
באר שבע,אורבך אפרים,9,,31.247958,34.759351
באר שבע,"ד""ר טיכו",28,,31.261530,34.757995
באר שבע,רופין ארתור,37,,31.265056,34.768561
באר שבע,שופט אברהם,142,,31.269967,34.811523
באר שבע,שמעון בר גיורא,55,שכונת ד,31.259524,34.788798
באר שבע,שתל יצחק,14,,31.277214,34.820881
באר שבע,שד ירושלים,55,שכונת ט,31.245889,34.775775
באר שבע,שופט אברהם,43,שכונת רמות,31.268716,34.811550
באר שבע,גירית,43,שכונת ה,31.250357,34.778295
באר שבע,דרך מצדה,53,שכונת ד,31.258241,34.791265
באר שבע,עמיצור שמשון,24,,31.282286,34.797722
באר שבע,גרונר דב,39,,31.271210,34.811600
באר שבע,הבדיל,34,,31.223745,34.809187
באר שבע,אלפסי,8,שכונת יא,31.257766,34.773633
באר שבע,"רחבת לח""י",34,,31.264204,34.775788
באר שבע,המכתשים,37,שכונת ד,31.269303,34.795240
באר שבע,טור סיני נפתלי,18,שכונת רמות,31.270055,34.806934
באר שבע,דרך המשחררים,80,שכונת ה,31.251134,34.785097
באר שבע,ההסתדרות,6,שכונת עיר עתיקה,31.237347,34.786876
באר שבע,ז'בוטינסקי זאב,9,שכונת ג,31.248828,34.808632
באר שבע,הרב עדני,21,שכונת נאות לון,31.252979,34.763490
באר שבע,הכותל המערבי,60,שכונת א,31.250477,34.786698
באר שבע,יוסף בן מתתיהו,51,שכונת ד,31.265243,34.799358
באר שבע,?,64,שכונת ד,31.259020,34.789448
באר שבע,סמילן רות,47,,31.223580,34.773773
באר שבע,בית אשל,19,,31.237569,34.791866
באר שבע,בית אל,9,שכונת ט,31.245466,34.774552
באר שבע,גבריהו חיים,2,שכונת רמות,31.275791,34.805015
באר שבע,הרב גבאי מנחם,3,שכונת ד,31.271760,34.795429
באר שבע,סטרומה,1,,31.254575,34.780345
באר שבע,תלמי מאיר,8,שכונת רמות,31.266000,34.810328
באר שבע,קיפניס לוין,9,שכונת נווה זאב,31.238165,34.780359
באר שבע,בית שאן,43,שכונת נאות לון,31.247324,34.767775
באר שבע,זנגויל ישראל,2,שכונת נווה מנחם,31.265642,34.761158
באר שבע,דרך מצדה,127,שכונת ב,31.258667,34.777300
באר שבע,בית שאן,98,שכונת נאות לון,31.248415,34.766736
באר שבע,שירמן חיים,6,,31.272193,34.804723
באר שבע,אלרואי דוד,18,,31.263849,34.763353
באר שבע,אברמסון שרגא,16,שכונת רמות הרכס,31.277207,34.799000
באר שבע,דרויאנוב אברהם,7,שכונת נווה מנחם,31.266738,34.756132
באר שבע,דורי יעקב,33,שכונת ו,31.265780,34.778872
באר שבע,אדמון ידידיה,43,,31.220381,34.772332
באר שבע,דה-שליט עמוס,29,שכונת רמות,31.272576,34.807134
באר שבע,יסמין,2,,31.231774,34.794343
באר שבע,שיזף,72,שכונת נווה נוי,31.230195,34.787686
באר שבע,חזמה יעקב,32,,31.223256,34.773659
באר שבע,קיפוד,11,שכונת ה,31.250148,34.777550
באר שבע,עבדת,22,שכונת נאות לון,31.245457,34.767405
באר שבע,נויפלד הנרי,8,שכונת רמות,31.268744,34.807406
באר שבע,דה-שליט עמוס,5,,31.271525,34.807769
באר שבע,ההסתדרות,42,,31.238885,34.788348
באר שבע,טביוב,4,,31.267816,34.757838
באר שבע,טרומפלדור,4,שכונת עיר עתיקה,31.236475,34.789111
באר שבע,המרד,24,,31.269698,34.815639
באר שבע,שלדג,5,,31.231416,34.764309
באר שבע,רנה קסן,37,,31.274715,34.801229
באר שבע,עוזיה המלך,22,שכונת ד,31.260690,34.793592
באר שבע,"רמב""ן",30,,31.271675,34.784682
באר שבע,המכבים,10,,31.242717,34.781411
באר שבע,הרב קפאח,21,שכונת נאות לון,31.252373,34.763478
באר שבע,לוזון אפרים,43,,31.265611,34.758775
באר שבע,הכותל המערבי,21,שכונת א,31.246964,34.787186
באר שבע,אלבק חנוך,5,שכונת רמות,31.271415,34.803732
באר שבע,אמנון,34,,31.267145,34.766584
באר שבע,תקוע יוסף,13,,31.276495,34.820712
באר שבע,לסקר פרץ,25,,31.265490,34.756804
באר שבע,אלעזר בן יאיר,8,שכונת ד,31.263105,34.791033
באר שבע,חכים אליהו,20,,31.271770,34.813134
באר שבע,חן ארנסט,1,שכונת רמות,31.270720,34.807718
באר שבע,זבולון,10,שכונת עיר עתיקה,31.237733,34.782408
באר שבע,רינגלבלום,24,שכונת ד,31.267520,34.800640
באר שבע,פלדברג שמואל,8,שכונת רמות,31.275431,34.824537
באר שבע,צביה ויצחק,54,שכונת נחל בקע,31.224209,34.780965
באר שבע,לויצקי יעקב,5,שכונת רמות,31.276326,34.804996
באר שבע,צוקית,33,שכונת פלח שבע,31.232187,34.760992
באר שבע,פיקרד,14,שכונת רמות הרכס,31.277437,34.800023
באר שבע,הנוטר,22,,31.253039,34.805520
באר שבע,שטיין ריכרד,32,,31.266379,34.769593
באר שבע,וינגייט,28,,31.256493,34.807368
באר שבע,וולפסון דוד,22,שכונת מרכז אזרחי,31.245229,34.800903
באר שבע,מקלף מרדכי,11,שכונת ו,31.266730,34.783750
באר שבע,אנקור,56,,31.231338,34.771615
באר שבע,רונאל דב,21,שכונת נווה זאב,31.240020,34.772315
באר שבע,דנציגר יצחק,36,,31.245042,34.760867
באר שבע,לוזון אפרים,31,שכונת נווה מנחם,31.265161,34.759429
באר שבע,איילת השחר,3,,31.236927,34.764499
באר שבע,ביאליק,100,שכונת א,31.246811,34.787886
באר שבע,טרומפלדור,9,,31.236589,34.788885
באר שבע,אבן עזרא,46,,31.270455,34.784442
באר שבע,"רחבת לח""י",24,,31.264163,34.775258
באר שבע,גוש עציון,81,שכונת ג,31.258728,34.809522
באר שבע,ברוור אברהם,23,,31.273055,34.808906
באר שבע,ביאליק,40,שכונת ב,31.252521,34.791117
באר שבע,אדלר,16,,31.267045,34.769806
באר שבע,עכו,50,שכונת נאות לון,31.251913,34.766247
באר שבע,צוקית,19,שכונת פלח שבע,31.232234,34.761626
באר שבע,עמיר אנדה,35,שכונת נווה מנחם,31.271591,34.766382
באר שבע,קרן קיימת לישראל,78,שכונת עיר עתיקה,31.238864,34.790796
באר שבע,שלמה המלך,45,שכונת ד,31.259714,34.795756
באר שבע,תלמה,43,,31.221734,34.772398
באר שבע,קציר אהרון,27,שכונת רמות,31.272497,34.808685
באר שבע,קרן קיימת לישראל,40,שכונת עיר עתיקה,31.238089,34.791772
באר שבע,הדעת,32,שכונת רמות,31.268222,34.807091
באר שבע,ההגנה,14,,31.238099,34.785613
באר שבע,דרך מצדה,212,שכונת ו,31.259071,34.775540
באר שבע,שנונית,14,שכונת ה,31.250975,34.778512
באר שבע,אבן-שושן אברהם,41,,31.243077,34.760062
באר שבע,בן יעקב צבי,1,,31.225280,34.778097
באר שבע,גולדמן נחום,15,,31.278636,34.802851
באר שבע,הכנסת,10,שכונת ד,31.271325,34.795812
באר שבע,אקצין בנימין,2,שכונת ו,31.270307,34.778419
באר שבע,אש שלום,13,שכונת נווה זאב,31.237443,34.775703
באר שבע,מזר בנימין,75,,31.246080,34.758966
באר שבע,אהרליך פאול,17,שכונת רמות,31.269915,34.808521
באר שבע,בנימין מטודלה,12,שכונת ד,31.267495,34.801191
באר שבע,"הרא""ש",12,שכונת יא,31.258157,34.774060
באר שבע,החלוץ,83,,31.240310,34.790336
באר שבע,הקוצר,12,,31.213778,34.813222
באר שבע,מקור חיים,20,שכונת נווה זאב,31.239279,34.764613
באר שבע,שטה,1,,31.234076,34.791393
באר שבע,מיכאלסון יצחק,28,שכונת רמות,31.267923,34.808028
באר שבע,קרן קיימת לישראל,193,,31.239515,34.789025
באר שבע,רינגלבלום,26,שכונת ד,31.267534,34.800736
באר שבע,גולדמן נחום,25,שכונת רמות הרכס,31.279370,34.802443
באר שבע,הרב טנא שלמה,4,,31.234396,34.782183
באר שבע,ארניה אסוולדו,2,שכונת ד,31.266650,34.801132
באר שבע,מסקין אהרון,5,שכונת נווה מנחם,31.269300,34.767497
באר שבע,גולומב,38,,31.256174,34.804239
באר שבע,קדיש לוז,32,,31.257152,34.764951
באר שבע,שיזף,32,,31.231931,34.789626
באר שבע,בובר מרטין,15,,31.267362,34.770657
באר שבע,חרדון,6,שכונת ה,31.249251,34.778907
באר שבע,משעול עקרון,29,שכונת ט,31.244195,34.774953
באר שבע,סמטס,12,שכונת א,31.250333,34.797064
באר שבע,אבידום מנחם,9,שכונת נחל בקע,31.220546,34.774891
באר שבע,פייגנבאום אריה,22,שכונת נווה מנחם,31.261231,34.757428
באר שבע,עבדת,6,שכונת נאות לון,31.245929,34.766621
באר שבע,ברדיצ'ב אבא,14,,31.226196,34.779447
באר שבע,צבי-רן שלמה,16,,31.273803,34.818796
באר שבע,גרוסמן מאיר,28,שכונת נווה זאב,31.237402,34.768520
באר שבע,רוט אגון,7,,31.223544,34.779860
באר שבע,ארן זלמן,45,,31.256223,34.760007
באר שבע,אבידום מנחם,6,,31.220604,34.775185
באר שבע,יוכבד בת מרים,14,שכונת נווה מנחם,31.269032,34.769841
באר שבע,הרצל,87,,31.242824,34.790808
באר שבע,גומא,3,שכונת נווה נוי,31.231299,34.785575
באר שבע,התלמוד,52,שכונת ד,31.269795,34.786430
באר שבע,אבן שפרוט,11,שכונת נאות לון,31.251167,34.763153
באר שבע,ארלנגר ג'וזף,23,שכונת רמות,31.269300,34.808465
באר שבע,ברזילי ישראל,1,שכונת יא,31.259549,34.762276
באר שבע,הגלבוע,19,שכונת ה,31.252427,34.771575
באר שבע,ברגסון אנרי,14,שכונת רמות,31.271785,34.806749
באר שבע,זמנהוף,9,שכונת נווה מנחם,31.265238,34.761974
באר שבע,שטה,11,שכונת נווה נוי,31.233280,34.791352
באר שבע,הגלבוע,12,שכונת ה,31.252372,34.772418
באר שבע,אלחריזי,6,שכונת נאות לון,31.251600,34.765192
באר שבע,בר אילן,8,,31.246076,34.794082
באר שבע,רייס רפאל,9,שכונת נחל בקע,31.225916,34.778608
באר שבע,אבישג,16,שכונת נווה מנחם,31.268973,34.760351
באר שבע,מודעי יצחק,34,שכונת רמות,31.267459,34.810111
באר שבע,דרור,73,,31.227518,34.769008
באר שבע,הצבי,66,,31.253043,34.773124
באר שבע,מיכאלסון יצחק,24,שכונת רמות,31.267980,34.807852
באר שבע,יהואש,18,,31.262535,34.785359
באר שבע,דרך שמשון,12,שכונת ב,31.256185,34.780282
באר שבע,משעול חפר,21,שכונת ט,31.246118,34.772288
באר שבע,מסקין אהרון,56,,31.271944,34.765450
באר שבע,רחבת אחזיה,14,שכונת ו,31.265156,34.785533
באר שבע,רופין ארתור,63,,31.264573,34.767192
באר שבע,שמעון בר גיורא,10,שכונת ד,31.262522,34.792114
באר שבע,בית צורי אליהו,16,,31.272069,34.814034
באר שבע,"רחבת לח""י",81,שכונת ו,31.263953,34.776960
באר שבע,"רמב""ם",12,,31.242608,34.791512
באר שבע,ארניה אסוולדו,93,שכונת ד,31.265615,34.801838
באר שבע,מיכאלסון יצחק,26,שכונת רמות,31.267956,34.807980
באר שבע,הרב הרצוג,47,,31.259574,34.768407
באר שבע,רוסי אלפרד,4,שכונת ד,31.264402,34.795295
באר שבע,ברזילי ישראל,8,,31.259416,34.761775
באר שבע,בן לברט,5,שכונת נאות לון,31.250296,34.762949
באר שבע,לוזון אפרים,64,,31.267331,34.756826
באר שבע,רינגלבלום,23,שכונת ד,31.268178,34.800142
באר שבע,יוחנן הורקנוס,20,שכונת ד,31.265242,34.795414
באר שבע,תקוע יוסף,36,,31.277395,34.820497
באר שבע,ילין דוד,67,שכונת רמות,31.271986,34.805650
באר שבע,עמיר אנדה,34,,31.271802,34.766703
באר שבע,פורת לאה,31,,31.224378,34.774543
באר שבע,מבצע דני,43,,31.260089,34.782300
באר שבע,חומה ומגדל,19,,31.254204,34.804502
באר שבע,המדע,52,שכונת רמות,31.270951,34.807716
באר שבע,שנונית,13,שכונת ה,31.250034,34.779491
באר שבע,סירני,18,,31.226630,34.780620
באר שבע,גיבתון חנוך,33,,31.224869,34.775626
באר שבע,יוחנן הורקנוס,30,שכונת ד,31.265759,34.795540
באר שבע,הרב הרצוג,31,,31.260364,34.767647
באר שבע,הדסה,28,,31.239742,34.791895
באר שבע,קרוק גלעד דורותיה,1,שכונת רמות,31.270016,34.806149
באר שבע,ירבוע,7,שכונת ה,31.250960,34.778718
באר שבע,אסא,3,,31.263123,34.781238
באר שבע,רחבת מבצע קילשון,1,שכונת ו,31.264034,34.779573
באר שבע,שד רגר יצחק,135,שכונת ד,31.264514,34.797855
באר שבע,צביה ויצחק,76,,31.225355,34.780992
באר שבע,הר כנען,27,,31.274620,34.811695
באר שבע,ילן-שטקליס מרים,9,,31.271090,34.770813
באר שבע,יסמין,11,,31.231359,34.793530
באר שבע,זרחין אלכסנדר,17,שכונת רמות,31.274594,34.804961
באר שבע,שטיין ריכרד,1,שכונת ו,31.266574,34.771634
באר שבע,אמיר אברהם,68,,31.277673,34.824227
באר שבע,דה-שליט עמוס,39,שכונת רמות,31.273008,34.806818
באר שבע,"רמב""ם",9,שכונת עיר עתיקה,31.241310,34.792972
באר שבע,אייזנשטדט,24,,31.277089,34.823549
באר שבע,מזר בנימין,49,,31.243807,34.759999
באר שבע,רייק חביבה,13,שכונת ג,31.257161,34.807880
באר שבע,זמיר ישעיהו,4,,31.274448,34.819858
באר שבע,צבר,21,שכונת נווה נוי,31.232868,34.794298
באר שבע,שד יעלים,38,שכונת ה,31.250957,34.779695
באר שבע,סנהדרין,152,שכונת ד,31.269060,34.787293
באר שבע,היילפרין ליפמן,22,שכונת נווה מנחם,31.262219,34.755682
באר שבע,מזר בנימין,27,,31.243755,34.762158
באר שבע,צבר,25,שכונת נווה נוי,31.232611,34.794367
באר שבע,גרינשפן הרשל,12,שכונת נווה מנחם,31.268508,34.759044
באר שבע,רחבת אלכסנדרוני,17,שכונת ו,31.264569,34.778425
באר שבע,דוידוביץ לב,21,,31.272930,34.801933
באר שבע,עכו,59,שכונת נאות לון,31.251802,34.766710
באר שבע,שאול המלך,103,שכונת ו,31.261430,34.775096
באר שבע,רחבת יעל,13,שכונת ו,31.261941,34.774953
באר שבע,זמיר ישעיהו,26,,31.274523,34.818617
באר שבע,בר-לב חיים,9,שכונת ו,31.265531,34.774384
באר שבע,האבות,24,שכונת עיר עתיקה,31.238102,34.789205
באר שבע,סקולסקי שלמה,4,שכונת נווה זאב,31.237724,34.770869
באר שבע,גמל,9,שכונת ה,31.249128,34.779536
באר שבע,עורב,14,שכונת ה,31.249593,34.781602
באר שבע,יערה,25,שכונת נווה נוי,31.231849,34.786407
באר שבע,דרבן,27,שכונת ה,31.250750,34.777612
באר שבע,בלוך רודולף,40,,31.272956,34.807944
באר שבע,שרירא גאון,6,שכונת נאות לון,31.250968,34.761207
באר שבע,האיילה,4,שכונת ה,31.250273,34.776789
באר שבע,וינגייט,6,שכונת ג,31.256661,34.810206
באר שבע,רודנסקי שמואל,17,שכונת נווה מנחם,31.270586,34.772205
באר שבע,הרב קפאח,2,שכונת נאות לון,31.252216,34.765366
באר שבע,שד רגר יצחק,59,שכונת ב,31.255138,34.798304
באר שבע,הכותל המערבי,49,שכונת א,31.249102,34.784796
באר שבע,ילין דוד,39,שכונת רמות,31.270745,34.806054
באר שבע,הר רמון,51,,31.276280,34.808199
באר שבע,חשין,21,,31.269635,34.774716
באר שבע,סולד הנריאטה,2,שכונת מרכז אזרחי,31.247891,34.801914
באר שבע,סתונית,26,שכונת נווה נוי,31.228656,34.779886
באר שבע,גוש עציון,4,,31.254361,34.809494
באר שבע,בוסקוביץ אלכסנדר,10,,31.219921,34.774227
באר שבע,"חז""ל",50,שכונת ד,31.257837,34.792612
באר שבע,סמטס,4,שכונת א,31.249481,34.797402
באר שבע,סמולנסקין,8,,31.266880,34.755484
באר שבע,שדרת הערים התאומות,2,שכונת רמות הרכס,31.277378,34.799285
באר שבע,בוסקוביץ אלכסנדר,42,שכונת נחל בקע,31.221776,34.771868
באר שבע,יאיר,65,,31.242019,34.789550
באר שבע,נורית,18,שכונת נווה נוי,31.231342,34.777971
באר שבע,קרן קיימת לישראל,14,,31.237609,34.792377
באר שבע,סטרומה,28,,31.254401,34.778427
באר שבע,סתונית,9,,31.229108,34.780074
באר שבע,המכונאי,2,,31.221655,34.810953
באר שבע,קציר אהרון,21,,31.272145,34.808870
באר שבע,בזל,34,שכונת א,31.249919,34.786974
באר שבע,בן דוד יוסף,1,שכונת רמות,31.272990,34.800656
באר שבע,"רש""י",34,שכונת ד,31.267938,34.787444
באר שבע,רודנסקי שמואל,101,שכונת נווה מנחם,31.270850,34.767787
באר שבע,פלוסר דוד,2,שכונת נאות לון,31.246691,34.761062
באר שבע,גיבור דניס,2,,31.266945,34.770682
באר שבע,לאה,63,שכונת נווה מנחם,31.269971,34.760125
באר שבע,השומר,7,,31.246715,34.794160
באר שבע,עוזיה המלך,16,שכונת ד,31.261383,34.793462
באר שבע,בית לחם,16,שכונת ט,31.243986,34.779070
באר שבע,מודעי יצחק,47,שכונת רמות,31.267709,34.809282
באר שבע,רחל המשוררת,3,שכונת ב,31.253616,34.793433
באר שבע,טננבוים מרדכי,4,שכונת נחל בקע,31.223728,34.781442
באר שבע,רוקח ישראל,5,שכונת יא,31.262000,34.766116
באר שבע,סמילן רות,42,,31.223269,34.774552
באר שבע,הרב קפאח,40,שכונת נאות לון,31.253084,34.761703
באר שבע,ארץ חמדה,33,,31.234638,34.764227
באר שבע,צפורה,20,,31.268624,34.763292
באר שבע,אביגדור המאירי,14,שכונת נווה זאב,31.240087,34.775007
באר שבע,צבעוני,18,שכונת נווה נוי,31.231308,34.779493
באר שבע,גיבתון חנוך,31,,31.224658,34.775906
באר שבע,פרנק ג'ימס,15,,31.274455,34.800261
באר שבע,אלוף מנדלר אלברט,6,שכונת רמות,31.268165,34.811195
באר שבע,אבישי,49,,31.260318,34.778623
באר שבע,שד יעלים,35,שכונת ה,31.248110,34.781438
באר שבע,רחבת פל-ים,24,,31.264715,34.777108
באר שבע,בן יוסף שלמה,8,,31.271166,34.812299
באר שבע,ולבר יצחק,59,,31.242378,34.762778
באר שבע,גויטיין דוד,20,,31.270064,34.776257
באר שבע,נקר מאיר,2,שכונת רמות,31.267310,34.815188
באר שבע,מסקין אהרון,58,,31.272004,34.765443
באר שבע,שיפר יצחק,17,שכונת ד,31.271196,34.798660
באר שבע,דינור בן-ציון,17,,31.258455,34.760885
באר שבע,הקנאים,1,שכונת ד,31.269747,34.793655
באר שבע,אדמון ידידיה,61,,31.220875,34.771560
באר שבע,רינגלבלום,12,שכונת ד,31.267194,34.800586
באר שבע,ציזלינג,17,,31.258381,34.762788
באר שבע,מסקין אהרון,72,שכונת נווה מנחם,31.272446,34.764823
באר שבע,ברזילי ישראל,3,שכונת יא,31.259496,34.762181
באר שבע,מולכו שלמה,14,,31.264630,34.763253
באר שבע,צביה ויצחק,4,,31.224718,34.778268
באר שבע,גיבתון חנוך,20,שכונת נחל בקע,31.223782,34.777541
באר שבע,רבקה,35,שכונת נווה מנחם,31.269511,34.762574
באר שבע,שקמה,43,שכונת רמות הרכס,31.286294,34.799094
באר שבע,צביה ויצחק,37,,31.224330,34.780230
באר שבע,וילנר אריה,13,,31.223632,34.779275
באר שבע,הדעת,74,שכונת רמות,31.269913,34.804392
באר שבע,המלכים,34,שכונת נווה מנחם,31.264782,34.757499
באר שבע,אמנון,7,,31.267115,34.766332
באר שבע,ארץ חמדה,12,,31.235090,34.763714
באר שבע,מרגולין,13,,31.222910,34.800893
באר שבע,דיה,13,,31.231321,34.763244
באר שבע,קלצ'קין רפאל,64,,31.268032,34.769272
באר שבע,כצנלסון,25,שכונת א,31.251085,34.793563
באר שבע,לכיש,8,שכונת ט,31.244291,34.777955
באר שבע,דוד הראובני,38,,31.263512,34.763869
באר שבע,יציאת אירופה,20,שכונת ה,31.251346,34.784217
באר שבע,מסקין אהרון,36,שכונת נווה מנחם,31.271280,34.766393
באר שבע,רובינא חנה,15,שכונת נווה מנחם,31.270556,34.771287
באר שבע,"רמב""ן",35,,31.271269,34.784364
באר שבע,אהוד בן גרא,16,שכונת עיר עתיקה,31.241503,34.780588
באר שבע,פיינברג אבשלום,23,שכונת נווה מנחם,31.265948,34.759958
באר שבע,אמנון,8,,31.266147,34.765937
באר שבע,רבי עקיבא,25,שכונת ד,31.259044,34.791983
באר שבע,החלוץ,6,,31.235943,34.786876
באר שבע,סמילן רות,14,,31.222082,34.776068
באר שבע,רובינא חנה,26,,31.270081,34.769152
באר שבע,סגל צבי,17,שכונת רמות,31.271177,34.804520
באר שבע,קהירי,38,,31.283937,34.801961
באר שבע,אסא,13,,31.262097,34.781383
באר שבע,הרב גורן שלמה,8,שכונת ט,31.244018,34.765081
באר שבע,ברש אשר,4,שכונת נווה זאב,31.239943,34.777513
באר שבע,עמיצור שמשון,7,שכונת רמות הרכס,31.281119,34.798284
באר שבע,המדע,42,שכונת רמות,31.270399,34.807487
באר שבע,היילפרין ליפמן,2,שכונת נווה מנחם,31.262512,34.756737
באר שבע,המרד,26,,31.269834,34.815552
באר שבע,הרב עדני,49,שכונת נאות לון,31.253539,34.761046
באר שבע,ליפמן גבריאל,2,שכונת רמות,31.274619,34.800032
באר שבע,ויטנברג יצחק,10,,31.224840,34.780450
באר שבע,רחבת מבצע קילשון,9,שכונת ו,31.264484,34.780071
באר שבע,דנציגר יצחק,25,,31.244778,34.760964
באר שבע,אלרואי דוד,20,שכונת נווה מנחם,31.263731,34.763290
באר שבע,הקנאים,23,שכונת ד,31.269015,34.792664
באר שבע,בר ניסן,32,שכונת נווה זאב,31.239638,34.764440
באר שבע,אבן-שושן אברהם,109,שכונת נאות לון,31.246549,34.757626
באר שבע,"רמב""ם",30,שכונת עיר עתיקה,31.244463,34.789745
באר שבע,חזמה יעקב,23,,31.222004,34.774844
באר שבע,ארנון יצחק,14,,31.269958,34.771121
באר שבע,הזז חיים,8,שכונת ב,31.254408,34.796510
באר שבע,גורדון א ד,12,שכונת א,31.247941,34.796134
באר שבע,דרך מצדה,78,שכונת ד,31.259241,34.789367
באר שבע,ארגוב אלכסנדר,10,,31.248701,34.758593
באר שבע,הצבי,72,,31.253314,34.772720
באר שבע,יוסף בן מתתיהו,16,שכונת ד,31.265474,34.798790
באר שבע,גיבתון חנוך,23,,31.223818,34.776999
באר שבע,תקוע יוסף,30,,31.277379,34.820205
באר שבע,רובינא חנה,7,,31.270818,34.771744
באר שבע,"רש""י",92,שכונת ד,31.267911,34.788831
באר שבע,קובנר אבא,17,,31.224960,34.779443
באר שבע,רחבעם זאבי,25,שכונת רמות הרכס,31.284997,34.806354
באר שבע,קהירי,42,שכונת רמות הרכס,31.283507,34.801215
באר שבע,ז'בוטינסקי זאב,30,,31.249495,34.809459
באר שבע,רופין ארתור,35,,31.265243,34.768458
באר שבע,ארלוזורוב,42,,31.256567,34.805603
באר שבע,הרב ריינס,17,שכונת נווה מנחם,31.262992,34.759792
באר שבע,הרב עדני,12,שכונת נאות לון,31.253004,34.764968
באר שבע,סנהדרין,67,שכונת ד,31.271132,34.792256
באר שבע,שטיינברג יהודה,42,שכונת ו,31.268055,34.771341
באר שבע,הזוהר,7,שכונת ד,31.271094,34.788272
באר שבע,קדושי סלוניקי,23,שכונת נווה מנחם,31.265354,34.758085
באר שבע,ז'בוטינסקי זאב,17,שכונת ג,31.249636,34.808230
באר שבע,בר-לב חיים,10,שכונת ו,31.265955,34.772835
באר שבע,אינשטיין,18,שכונת ב,31.256664,34.790873
באר שבע,ההסתדרות,64,שכונת עיר עתיקה,31.239612,34.789054
באר שבע,"הפלמ""ח",51,שכונת עיר עתיקה,31.238557,34.789357
באר שבע,הרב הרצוג,15,שכונת יא,31.261220,34.768699
באר שבע,זהרי מיכאל,7,,31.273848,34.802129
באר שבע,החלוץ,95,,31.240772,34.790948
באר שבע,ארן זלמן,46,שכונת יא,31.257347,34.760554
באר שבע,צבעוני,30,שכונת נווה נוי,31.229960,34.779479
באר שבע,זמיר ישעיהו,57,,31.273830,34.816947
באר שבע,אבישי,23,,31.261772,34.779177
באר שבע,ברנע דב,21,,31.286051,34.802843
באר שבע,ארן זלמן,25,,31.255055,34.761237
באר שבע,אבן ארי מיכאל,11,,31.274475,34.807129
באר שבע,?,59,שכונת ב,31.255138,34.798304
באר שבע,"שח""ל",4,שכונת א,31.246262,34.795151
באר שבע,"רמב""ן",88,שכונת ד,31.270390,34.782460
באר שבע,חרדון,13,שכונת ה,31.249380,34.778584
באר שבע,דיה,14,,31.231190,34.762623
באר שבע,יהוא,2,,31.262614,34.782628
באר שבע,סמולנסקין,19,,31.266482,34.755742
באר שבע,שירמן חיים,2,,31.272100,34.804563
באר שבע,אורות ישראל,28,,31.236409,34.761997
באר שבע,הרב גבאי מנחם,33,שכונת ד,31.271006,34.793318
באר שבע,יוסף בן מתתיהו,24,שכונת ד,31.265333,34.798794
באר שבע,הרב קפאח,53,שכונת נאות לון,31.253079,34.760451
באר שבע,דוד אלעזר,27,שכונת ו,31.267294,34.774254
באר שבע,בית שאן,11,שכונת נאות לון,31.250251,34.767287
באר שבע,חזני מיכאל,6,שכונת יא,31.260330,34.771244
באר שבע,השלום,77,שכונת ג,31.252586,34.808871
באר שבע,היילפרין ליפמן,13,,31.262071,34.756008
באר שבע,רחבת מבצע יקב,14,שכונת ו,31.264984,34.780198
באר שבע,רחבת מולדת,6,שכונת ה,31.255532,34.778861
באר שבע,שדרת הערים התאומות,6,שכונת רמות הרכס,31.278482,34.799290
באר שבע,סיגלון,8,שכונת נווה נוי,31.231124,34.783874
באר שבע,זינדר חמדה וצבי,34,,31.224497,34.775691
באר שבע,שיבטה,1,שכונת ט,31.243634,34.769911
באר שבע,אבידוב צבי,8,,31.270349,34.771370
באר שבע,סמילנסקי,10,,31.236771,34.788882
באר שבע,שלמה המלך,48,שכונת ד,31.260219,34.795188
באר שבע,תקוע יוסף,21,,31.276423,34.820266
באר שבע,צ'לנוב יחיאל,20,שכונת נווה מנחם,31.265983,34.761133
באר שבע,וינגייט,39,,31.255563,34.805014
באר שבע,יוסף בן מתתיהו,65,שכונת ד,31.265287,34.800229
באר שבע,זמורה משה,3,שכונת ו,31.269646,34.776514
באר שבע,רחבת שמגר השופט,34,שכונת ו,31.263057,34.775197
באר שבע,חזני מיכאל,4,שכונת יא,31.260076,34.770940
באר שבע,"ד""ר טיכו",47,,31.261614,34.756238
באר שבע,ברני רוברט,8,שכונת רמות,31.270689,34.808734
באר שבע,המלכים,7,,31.263894,34.759316
באר שבע,פיינשטיין מאיר,30,,31.269540,34.814124
באר שבע,הר מירון,17,,31.276835,34.809255
באר שבע,מזר בנימין,10,,31.243909,34.762057
באר שבע,בר ניסן,52,שכונת נווה זאב,31.239944,34.766237
באר שבע,?,71,שכונת ד,31.258717,34.788749
באר שבע,קהירי,34,שכונת רמות הרכס,31.284058,34.801553
באר שבע,העצמאות,17,שכונת עיר עתיקה,31.238266,34.792085
באר שבע,דרך מצדה,116,שכונת ו,31.259353,34.788028
באר שבע,רחבת שלומציון,2,שכונת ו,31.263904,34.781434
באר שבע,יערה,23,שכונת נווה נוי,31.231834,34.786356
באר שבע,הכנסת,14,שכונת ד,31.271306,34.795530
באר שבע,עמרי,7,,31.261831,34.782403
באר שבע,נאות הככר,1,שכונת ה,31.247922,34.780890
באר שבע,רחבת הרב עוזיאל,3,שכונת יא,31.254650,34.770814
באר שבע,ברוור אברהם,99,שכונת רמות,31.275610,34.806787
באר שבע,ורטהיימר חיים,7,,31.271333,34.808824
באר שבע,יערי מאיר,70,שכונת יא,31.258606,34.764397
באר שבע,רותם,52,שכונת נווה נוי,31.229405,34.792538
באר שבע,ארלנגר ג'וזף,2,שכונת רמות,31.269345,34.807439
באר שבע,רנה קסן,47,שכונת רמות,31.275142,34.801654
באר שבע,רחל אמנו,6,שכונת נווה מנחם,31.269039,34.766700
באר שבע,צ'לנוב יחיאל,12,שכונת נווה מנחם,31.265762,34.761461
באר שבע,אסר טוביאס,31,,31.272657,34.802648
באר שבע,וילנסקי משה,25,,31.244316,34.760264
באר שבע,ארגוב אלכסנדר,22,,31.248721,34.757701
באר שבע,האז גיאורג,4,שכונת רמות,31.273809,34.806597
באר שבע,שטיינברג יהודה,54,,31.267731,34.770826
באר שבע,פרומקין גד,16,שכונת ו,31.270584,34.778791
באר שבע,דוד המלך,13,שכונת ד,31.263914,34.792145
באר שבע,המכונאי,6,,31.221811,34.810407
באר שבע,סטולר שמואל,9,,31.270965,34.770078
באר שבע,כפר הדרום,11,,31.236576,34.787254
באר שבע,פיקרד,102,,31.279233,34.801708
באר שבע,הדסה,47,,31.240429,34.790591
באר שבע,דוידוביץ לב,5,,31.272579,34.801142
באר שבע,אבן עזרא,69,,31.270143,34.784766
באר שבע,שטיינברג יהודה,19,שכונת ו,31.268336,34.772456
באר שבע,אלדד,25,שכונת רמות,31.275231,34.822746
באר שבע,זמורה משה,13,,31.269041,34.775007
באר שבע,רחבת מולדת,10,שכונת ה,31.255315,34.778527
באר שבע,גרשם שלום,27,שכונת רמות,31.270876,34.805358
באר שבע,חוחית,9,,31.227826,34.764189
באר שבע,יפה אברהם,32,,31.284892,34.807722
באר שבע,פיקרד,84,,31.279874,34.801315
באר שבע,פטנקין דן,50,,31.246872,34.758621
באר שבע,פורת לאה,2,,31.222466,34.777405
באר שבע,"רש""ל",15,שכונת רמות הרכס,31.284532,34.797994
באר שבע,הקנאים,2,שכונת ד,31.269929,34.793440
באר שבע,רופין ארתור,25,,31.264913,34.768867
באר שבע,מורדי הגטאות,36,שכונת עיר עתיקה,31.238457,34.790001
באר שבע,רחבת יבנה,8,שכונת ט,31.245524,34.773029
באר שבע,אפשטיין ישראל,32,,31.275426,34.815451
באר שבע,עגנון,13,שכונת ה,31.251174,34.777145
באר שבע,ז'בוטינסקי זאב,12,שכונת ג,31.247974,34.808342
באר שבע,רימון,58,שכונת רמות הרכס,31.286708,34.799058
באר שבע,ההגנה,6,שכונת עיר עתיקה,31.236949,34.784123
באר שבע,זריצקי יוסף,46,,31.260761,34.761971
באר שבע,קורא הדורות,9,שכונת נאות לון,31.251053,34.760748
באר שבע,ברוור אברהם,85,שכונת רמות,31.275234,34.807206
באר שבע,השומר,5,,31.246954,34.794335
באר שבע,זמיר ישעיהו,41,,31.274142,34.817818
באר שבע,צביה ויצחק,20,,31.223986,34.778449
באר שבע,לוזון אפרים,49,שכונת נווה מנחם,31.265848,34.758486
באר שבע,משעול הערבה,17,שכונת ה,31.247831,34.781314
באר שבע,רופין ארתור,73,,31.264150,34.767472
באר שבע,אהרליך פאול,1,שכונת רמות,31.270108,34.807781
באר שבע,דיה,57,שכונת פלח שבע,31.231847,34.762387
באר שבע,אפשטיין ישראל,2,,31.275739,34.817755
באר שבע,קרן היסוד,21,שכונת מרכז אזרחי,31.245089,34.800347
באר שבע,המדע,13,שכונת רמות,31.269997,34.807002
באר שבע,שד ירושלים,4,שכונת ט,31.245473,34.781535
באר שבע,ילין דוד,51,,31.271307,34.805982
באר שבע,דרך מצדה,73,שכונת ב,31.258760,34.788406
באר שבע,שקמה,31,שכונת רמות הרכס,31.286371,34.800028
באר שבע,בוסקוביץ אלכסנדר,17,שכונת נחל בקע,31.220387,34.773114
באר שבע,ילן-שטקליס מרים,11,,31.271168,34.770757
באר שבע,שירמן חיים,1,,31.272406,34.804513
באר שבע,משעול מבצע יונתן,31,שכונת ו,31.265340,34.782954
באר שבע,אינשטיין,16,שכונת ב,31.256394,34.790883
באר שבע,"רש""י",60,שכונת ד,31.268062,34.788227
באר שבע,חביב אבשלום,6,,31.268031,34.816143
באר שבע,צונדק ברנרד והרמן,25,שכונת רמות,31.270693,34.809039
באר שבע,זריצקי יוסף,28,,31.260072,34.761301
באר שבע,"הפלמ""ח",31,,31.237844,34.790463
באר שבע,דרך המשחררים,8,שכונת ב,31.251502,34.797093
באר שבע,דיה,21,,31.230874,34.762616
באר שבע,זינדר חמדה וצבי,3,,31.222727,34.777602
באר שבע,אסתר המלכה,1,,31.268121,34.764393
באר שבע,היילפרין ליפמן,18,,31.262319,34.755859
באר שבע,אהרונסון,45,שכונת נווה מנחם,31.267154,34.759883
באר שבע,דרך מצדה,64,שכונת ד,31.259020,34.789448
באר שבע,רחבת מבצע ארז,21,שכונת ו,31.265464,34.781758
באר שבע,אבן ארי מיכאל,28,,31.275677,34.806345
באר שבע,הכט ראובן,6,,31.275021,34.820721
באר שבע,עבדת,70,שכונת ט,31.244721,34.766022
באר שבע,הדסה,59,שכונת עיר עתיקה,31.241047,34.789701
באר שבע,חזמה יעקב,16,,31.221961,34.775303
באר שבע,ויתקון אלפרד,20,,31.270892,34.777766
באר שבע,בלוך רודולף,1,שכונת רמות,31.271388,34.808479
באר שבע,יוכבד בת מרים,7,,31.269087,34.770298
באר שבע,רינגלבלום,52,שכונת ד,31.268084,34.800745
באר שבע,תקוע יוסף,27,,31.276459,34.819988
באר שבע,בת שבע,9,,31.269340,34.761683
באר שבע,צבי-רן שלמה,48,,31.273523,34.817342
באר שבע,המדע,90,שכונת רמות,31.272584,34.806983
באר שבע,אבידום מנחם,17,שכונת נחל בקע,31.221052,34.774214
באר שבע,הנוקם,2,,31.242398,34.783651
באר שבע,צוקית,25,שכונת פלח שבע,31.232253,34.761421
באר שבע,הרצל,116,,31.242940,34.791298
באר שבע,תקוע יוסף,121,שכונת רמות,31.277635,34.819728
באר שבע,ברדיצ'ב אבא,5,,31.225743,34.779275
באר שבע,פרופ' שיבא,11,,31.260109,34.759126
באר שבע,פרנק ג'ימס,6,שכונת רמות,31.273826,34.800446
באר שבע,וייס יעקב,2,,31.269405,34.814978
באר שבע,נרקיס,47,,31.229154,34.796571
באר שבע,עמיצור שמשון,34,,31.282500,34.797270
באר שבע,בז,45,,31.228295,34.770918
באר שבע,מזר בנימין,87,,31.246899,34.759501
באר שבע,גרונר דב,24,,31.270654,34.812423
באר שבע,דיה,15,שכונת פלח שבע,31.231219,34.763121
באר שבע,גלילי ישראל,33,שכונת רמות הרכס,31.285408,34.803677
באר שבע,פיינברג אבשלום,40,שכונת נווה מנחם,31.265046,34.758528
באר שבע,דודאים,23,שכונת נווה נוי,31.231039,34.780644
באר שבע,הרב טנא שלמה,16,שכונת נווה זאב,31.234218,34.784228
באר שבע,יאיר,18,,31.240439,34.792154
באר שבע,מבצע יואב,15,שכונת ו,31.259241,34.780570
באר שבע,לברי מרק,28,,31.221844,34.774436
באר שבע,סעדיה גאון,12,שכונת ב,31.257134,34.789694
באר שבע,אינשטיין,9,שכונת ב,31.256152,34.790560
באר שבע,הקנאים,10,שכונת ד,31.270047,34.793190
באר שבע,ז'בוטינסקי זאב,24,שכונת ג,31.248924,34.809228
באר שבע,הר מירון,21,,31.276813,34.808892
באר שבע,הרב גורן שלמה,24,שכונת נאות לון,31.245100,34.765190
באר שבע,אורבך אפרים,11,,31.247885,34.759184
באר שבע,עמיר אנדה,40,שכונת נווה מנחם,31.271967,34.766368
באר שבע,צוקית,14,,31.232435,34.762584
באר שבע,"הפלמ""ח",58,,31.239107,34.788984
באר שבע,פילדרמן,8,שכונת נווה מנחם,31.265452,34.760590
באר שבע,מסקין אהרון,61,שכונת נווה מנחם,31.271853,34.764510
באר שבע,בן חיים פאול,49,שכונת נחל בקע,31.223686,34.774465
באר שבע,הצדיק מירושלים,77,,31.273000,34.787870
באר שבע,רחל אמנו,30,,31.270491,34.765389
באר שבע,קרן קיימת לישראל,16,שכונת עיר עתיקה,31.237675,34.792377
באר שבע,אפק,9,שכונת ט,31.243367,34.766602
באר שבע,הר בוקר,95,,31.276227,34.808259
באר שבע,?,105,שכונת ד,31.262608,34.797944
באר שבע,ממשית,2,שכונת ט,31.243967,34.769776
באר שבע,שרה אמנו,14,שכונת עיר עתיקה,31.240396,34.786675
באר שבע,משה יצחק,1,שכונת רמות,31.274699,34.806023
באר שבע,אורות ישראל,26,,31.236503,34.762141
באר שבע,אלוף אדם יקותיאל,2,שכונת רמות,31.267463,34.811188
באר שבע,החלוץ,49,,31.238586,34.788808
באר שבע,גוש עציון,85,שכונת ג,31.258726,34.809777
באר שבע,זינדר חמדה וצבי,9,,31.222889,34.777320
באר שבע,מסקין אהרון,45,שכונת נווה מנחם,31.271279,34.765310
באר שבע,עמרי,2,,31.262151,34.783015
באר שבע,לינדנר יוחנן,9,,31.274237,34.801703
באר שבע,הר רמון,49,,31.276209,34.808750
באר שבע,לברי מרק,1,,31.220715,34.775621
באר שבע,הרצל,73,,31.241723,34.789678
באר שבע,ילין דוד,30,שכונת רמות,31.272358,34.805697
באר שבע,דותן,27,,31.264089,34.762046
באר שבע,משעול גבעון,26,שכונת ט,31.244321,34.775347
באר שבע,פייגנבאום אריה,9,,31.260775,34.757311
באר שבע,גולדמן נחום,35,שכונת רמות הרכס,31.280009,34.802423
באר שבע,החלוץ,58,,31.238508,34.789064
באר שבע,אלבק חנוך,17,שכונת רמות,31.271648,34.804238
באר שבע,"רמב""ן",1,,31.271680,34.786640
באר שבע,יוחנן הורקנוס,46,שכונת ד,31.266172,34.795832
באר שבע,בוסקוביץ אלכסנדר,12,,31.219978,34.774141
באר שבע,מיכל,20,שכונת נווה מנחם,31.268275,34.762766
באר שבע,הבדיל,16,,31.226608,34.809337
באר שבע,הרצל,40,שכונת עיר עתיקה,31.240512,34.789030
באר שבע,?,93,שכונת ד,31.261348,34.797398
באר שבע,האיילה,19,שכונת ה,31.251508,34.777606
באר שבע,רחבת אופירה,24,שכונת ט,31.244580,34.771275
באר שבע,חיבת ציון,21,,31.252598,34.810727
באר שבע,נטר,20,,31.272590,34.826342
באר שבע,בן יוסף שלמה,15,,31.271232,34.812853
באר שבע,העצמאות,48,,31.240088,34.790212
באר שבע,זריצקי יוסף,25,,31.260649,34.761244
באר שבע,הבדיל,41,שכונת עמק שרה,31.222047,34.809712
באר שבע,גרינבוים יצחק,14,,31.261791,34.764928
באר שבע,הכותל המערבי,45,שכונת א,31.248688,34.784862
באר שבע,אביגיל,9,,31.268497,34.761704
באר שבע,מבצע לוט,18,,31.260903,34.785976
באר שבע,לויצקי יעקב,7,שכונת רמות,31.276528,34.805035
באר שבע,גלזמן יוסף,6,,31.224428,34.779305
באר שבע,דרך מצדה,196,שכונת ו,31.259022,34.776699
באר שבע,בית צורי אליהו,8,,31.272000,34.813309
באר שבע,פטריה,2,שכונת ה,31.254372,34.779756
באר שבע,חוה,6,שכונת נווה מנחם,31.268037,34.762409
באר שבע,יוסף בן מתתיהו,6,שכונת ד,31.265675,34.798904
באר שבע,קציר אהרון,65,שכונת רמות,31.273975,34.807543
באר שבע,"הפלמ""ח",65,שכונת עיר עתיקה,31.238869,34.788973
באר שבע,קרן קיימת לישראל,116,,31.239455,34.789941
באר שבע,בינט מקס,10,שכונת מרכז אזרחי,31.246720,34.805755
באר שבע,רבקה,6,,31.268583,34.764536
באר שבע,הרתך,9,,31.224810,34.814583
באר שבע,קלצ'קין רפאל,21,שכונת נווה מנחם,31.268282,34.770253
באר שבע,זמיר ישעיהו,72,,31.273397,34.816593
באר שבע,אבשלום,21,שכונת נווה מנחם,31.265773,34.765933
באר שבע,ז'בוטינסקי זאב,18,שכונת ג,31.248484,34.808778
באר שבע,ויצמן,16,,31.248171,34.793841
באר שבע,גוש עציון,17,,31.253983,34.808035
באר שבע,רוזן פנחס,20,,31.261791,34.764058
באר שבע,הבדיל,19,שכונת עמק שרה,31.225643,34.809717
באר שבע,רחבת הרב עוזיאל,28,,31.255085,34.770599
באר שבע,ברנע דב,9,,31.286494,34.803451
באר שבע,טולידנו,3,,31.267119,34.778793
באר שבע,רחל אמנו,36,,31.270679,34.764700
באר שבע,תמיר שמואל,14,,31.263378,34.765310
באר שבע,שינדלר אוסקר,6,שכונת רמות הרכס,31.282496,34.802109
באר שבע,פיקרד,40,שכונת רמות הרכס,31.278374,34.801704
באר שבע,יהושפט,11,,31.262900,34.783025
באר שבע,אבן עזרא,44,,31.270421,34.784517
באר שבע,ניב דוד,13,שכונת נווה זאב,31.239493,34.768708
באר שבע,קרן קיימת לישראל,58,שכונת עיר עתיקה,31.238478,34.791253
באר שבע,הגדודים,42,,31.234651,34.782973
באר שבע,בן צבי יצחק,8,,31.243216,34.798374
באר שבע,"רמב""ם",64,שכונת עיר עתיקה,31.244671,34.786173
באר שבע,יוהנה ז'בוטינסקי,40,שכונת נווה זאב,31.238055,34.772689
באר שבע,שריג נחום,36,שכונת רמות הרכס,31.284217,34.806112
באר שבע,בן יעקב צבי,3,,31.225433,34.778094
באר שבע,טרומפלדור,67,שכונת עיר עתיקה,31.239145,34.791096
באר שבע,הברזל,6,,31.215894,34.809397
באר שבע,הרב סילברט,4,שכונת ד,31.270950,34.788098
באר שבע,רימלט אלימלך,11,שכונת יא,31.261743,34.765367
באר שבע,המדע,60,,31.271350,34.807761
באר שבע,שיזף,76,,31.229961,34.787619
באר שבע,יוחנן הורקנוס,62,שכונת ד,31.266573,34.796082
באר שבע,עבדת,98,שכונת ט,31.244320,34.766530
באר שבע,רחבת יבנה,18,שכונת ט,31.245776,34.772747
באר שבע,זהרי מיכאל,21,,31.274447,34.802708
באר שבע,הגנן,10,,31.218361,34.810984
באר שבע,חבצלת הנגב,82,שכונת נווה נוי,31.231674,34.787041
באר שבע,חסמן מרק,19,,31.264257,34.754107
באר שבע,מורדי הגטאות,123,שכונת עיר עתיקה,31.240852,34.791969
באר שבע,מודעי יצחק,17,שכונת רמות,31.265732,34.808902
באר שבע,חרדון,40,שכונת ה,31.249884,34.777995
באר שבע,ילין דוד,57,,31.271640,34.805864
באר שבע,חיבת ציון,28,,31.252711,34.811117
באר שבע,גרשם שלום,6,שכונת רמות,31.270443,34.805037
באר שבע,צפורה,19,שכונת נווה מנחם,31.268459,34.763037
באר שבע,חוה,10,שכונת נווה מנחם,31.268259,34.762741
באר שבע,שמעון בר גיורא,51,שכונת ד,31.259541,34.788937
באר שבע,פלוסר דוד,27,,31.245829,34.760934
באר שבע,רחבת פל-ים,5,,31.264994,34.777346
באר שבע,משעול עקרון,24,שכונת ט,31.244204,34.774715
באר שבע,הכט ראובן,19,,31.274786,34.819307
באר שבע,האבות,56,שכונת עיר עתיקה,31.239481,34.787164
באר שבע,דה-שליט עמוס,20,שכונת רמות,31.272214,34.807837
באר שבע,אהרונסון,35,,31.266769,34.760477
באר שבע,אפרסמון,9,שכונת נווה נוי,31.230553,34.785124
באר שבע,הר עודד,11,,31.273442,34.811601
באר שבע,המלכים,52,,31.264915,34.757071
באר שבע,תלמה,6,,31.220180,34.774755
באר שבע,סימון ארנסט דוד,33,שכונת רמות,31.270012,34.807414
באר שבע,אמיר אברהם,37,,31.277365,34.824026
באר שבע,רודנסקי שמואל,51,שכונת נווה מנחם,31.271709,34.770589
באר שבע,אהרונסון,55,שכונת נווה מנחם,31.267666,34.759195
באר שבע,אלוף אדם יקותיאל,7,שכונת רמות,31.267913,34.811367
באר שבע,בלוך רודולף,30,שכונת רמות,31.272683,34.808257
באר שבע,יפה אברהם,58,,31.285746,34.807052
באר שבע,ולבר יצחק,13,,31.241487,34.764877
באר שבע,ההגנה,17,שכונת עיר עתיקה,31.238416,34.785325
באר שבע,דורי יעקב,27,,31.265945,34.780732
באר שבע,אבן-שושן אברהם,129,,31.247860,34.758022
באר שבע,סמילן רות,29,שכונת נחל בקע,31.222704,34.774840
באר שבע,בז,14,,31.229987,34.771839
באר שבע,סיגלון,4,שכונת נווה נוי,31.231032,34.784056
באר שבע,דרך מצדה,136,שכונת ו,31.259345,34.785472
באר שבע,מסקין אהרון,76,שכונת נווה מנחם,31.272557,34.764645
באר שבע,יאיר,43,שכונת עיר עתיקה,31.241102,34.790880
באר שבע,פינקל שמעון,56,שכונת נווה מנחם,31.265217,34.754413
באר שבע,אלוף אדם יקותיאל,4,שכונת רמות,31.267544,34.811366
באר שבע,קציר אהרון,53,,31.273592,34.807896
באר שבע,"רחבת לח""י",17,שכונת ו,31.264104,34.776123
באר שבע,שד יעלים,70,שכונת ה,31.254263,34.777114
באר שבע,יוכבד בת מרים,9,שכונת נווה מנחם,31.268980,34.770211
באר שבע,ברזני משה,13,,31.269210,34.814842
באר שבע,בן דוד יוסף,22,שכונת רמות,31.273172,34.801848
באר שבע,אבן-שושן אברהם,86,שכונת נאות לון,31.247317,34.758924
באר שבע,שטה,64,,31.228967,34.791845
באר שבע,סוקולוב,37,,31.245034,34.791074
באר שבע,אירוס הנגב,67,,31.228361,34.791094
באר שבע,עבדת,54,שכונת ט,31.244854,34.767311
באר שבע,שטיין ריכרד,10,,31.265875,34.770886
באר שבע,צבר,3,שכונת נווה נוי,31.233947,34.793764
באר שבע,אורבך אפרים,17,שכונת נאות לון,31.247417,34.758646
באר שבע,חובב משה,17,,31.220855,34.774293
באר שבע,ההסתדרות,41,,31.240013,34.789165
באר שבע,מרגולין,7,,31.222058,34.801150
באר שבע,ברוור אברהם,97,שכונת רמות,31.275553,34.806803
באר שבע,הדעת,30,שכונת רמות,31.268157,34.807146
באר שבע,מויאל אליהו,4,,31.262872,34.769521
באר שבע,"רחבת רמ""א",8,שכונת יא,31.258492,34.769899
באר שבע,רוטנברג,17,שכונת ג,31.258776,34.808430
באר שבע,קלצ'קין רפאל,39,שכונת נווה מנחם,31.267318,34.768609
באר שבע,סמילן רות,10,,31.221928,34.776285
באר שבע,בארון דבורה,9,שכונת ב,31.252758,34.793774
באר שבע,ארניה אסוולדו,39,שכונת ד,31.266885,34.802196
באר שבע,רחבת ימית,17,שכונת ט,31.244209,34.772005
באר שבע,עין גדי,46,שכונת נאות לון,31.251077,34.766620
באר שבע,מסקין אהרון,4,שכונת נווה מנחם,31.269675,34.767940
באר שבע,חבס ברכה,8,שכונת נווה מנחם,31.269945,34.767788
באר שבע,אבנר,19,,31.261085,34.777392
באר שבע,הדעת,12,שכונת רמות,31.267877,34.807920
באר שבע,אלדד,80,,31.275628,34.822624
באר שבע,סדנא,6,שכונת אזור תעשיה,31.252650,34.822599
באר שבע,צבר,37,שכונת נווה נוי,31.231331,34.794844
באר שבע,הכותל המערבי,29,שכונת א,31.247066,34.786149
באר שבע,חרדון,7,שכונת ה,31.249176,34.778765
באר שבע,שתל יצחק,22,שכונת רמות,31.277165,34.821512
באר שבע,החלוץ,85,,31.240259,34.790287
באר שבע,קרן קיימת לישראל,97,שכונת עיר עתיקה,31.238666,34.790441
באר שבע,רחל המשוררת,5,שכונת ב,31.253697,34.793629
באר שבע,הרצל,85,שכונת עיר עתיקה,31.242742,34.790643
באר שבע,לאה,65,שכונת נווה מנחם,31.270125,34.760110
באר שבע,אנקור,50,,31.231677,34.771534
באר שבע,אבידום מנחם,3,,31.220338,34.775121
באר שבע,דנציגר יצחק,34,שכונת נאות לון,31.245097,34.760986
באר שבע,אביתר הכהן,29,,31.266670,34.764899
באר שבע,רחבת אחזיה,3,שכונת ו,31.264419,34.785075
באר שבע,המרד,69,,31.273360,34.815739
באר שבע,אהרונסון,46,שכונת נווה מנחם,31.267471,34.759951
באר שבע,דרבן,2,שכונת ה,31.250006,34.776998
באר שבע,משעול מבצע יונתן,8,שכונת ו,31.266098,34.782431
באר שבע,הגדודים,16,,31.236353,34.781112
באר שבע,צביה ויצחק,33,,31.224248,34.779978
באר שבע,עמיר אנדה,43,,31.271824,34.766071
באר שבע,דיה,29,,31.230535,34.762021
באר שבע,מסקין אהרון,42,שכונת נווה מנחם,31.271465,34.766184
באר שבע,תלמה,14,,31.220457,34.774405
באר שבע,תמר,11,,31.229924,34.790665
באר שבע,שלמה המלך,63,שכונת ד,31.259856,34.795099
באר שבע,מודעי יצחק,55,שכונת רמות,31.267975,34.809953
באר שבע,שלשת בני עין חרוד,85,,31.239837,34.792978
באר שבע,נגבה,13,שכונת עיר עתיקה,31.239337,34.785769
באר שבע,דרך מצדה,32,שכונת ד,31.258585,34.792500
באר שבע,לנדאו חיים,10,שכונת יא,31.256666,34.761080
באר שבע,בר הלל יהושע,11,שכונת רמות,31.270063,34.804839
באר שבע,הכותל המערבי,46,שכונת א,31.249926,34.784973
באר שבע,פיקרד,118,,31.279722,34.801349
באר שבע,ורטהיימר חיים,6,,31.271202,34.808404
באר שבע,חוחית,13,,31.227647,34.763849
באר שבע,קורא הדורות,2,שכונת נאות לון,31.251588,34.761230
באר שבע,דותן,18,שכונת נווה מנחם,31.264518,34.762112
באר שבע,רבקה,9,,31.268368,34.764176
באר שבע,בית שאן,106,שכונת נאות לון,31.248130,34.766941
באר שבע,גוש עציון,59,,31.258718,34.807306
באר שבע,רחל אמנו,70,שכונת נווה מנחם,31.271170,34.762553
באר שבע,נשר,30,,31.225788,34.765596
באר שבע,הרב ריינס,13,שכונת נווה מנחם,31.263078,34.759615
באר שבע,פינקל שמעון,54,שכונת נווה מנחם,31.265232,34.754324
באר שבע,"זק""ש נלי",13,שכונת רמות,31.271593,34.806825
באר שבע,סנהדרין,128,שכונת ד,31.269628,34.788899
באר שבע,בורן מכס,2,שכונת רמות,31.273110,34.802831
באר שבע,אלפסי,4,שכונת יא,31.257555,34.773882
באר שבע,קורא,3,שכונת ה,31.248906,34.781680
באר שבע,אלבק חנוך,8,שכונת רמות,31.271151,34.803992
באר שבע,דוידוביץ לב,11,שכונת רמות,31.272668,34.801339
באר שבע,רוסי אלפרד,3,שכונת ד,31.264437,34.794988
באר שבע,אנקור,28,שכונת נווה זאב,31.232292,34.772541
באר שבע,המרד,32,,31.270214,34.815207
באר שבע,יערי מאיר,56,שכונת יא,31.258160,34.764502
באר שבע,ינשוף,17,,31.229188,34.765443
באר שבע,תלמה,26,,31.221088,34.773639
באר שבע,סיני,46,שכונת ה,31.247893,34.778339
באר שבע,יוסף,1,שכונת עיר עתיקה,31.238926,34.782549
באר שבע,רופין ארתור,42,,31.265210,34.767203
באר שבע,שריג נחום,14,שכונת רמות הרכס,31.281624,34.805640
באר שבע,פורת לאה,15,,31.223026,34.776293
באר שבע,עבדת,35,שכונת ט,31.243986,34.766972
באר שבע,המדע,54,שכונת רמות,31.271015,34.807694
באר שבע,הדסה,26,,31.239573,34.792141
באר שבע,ממשית,13,שכונת ט,31.243664,34.768725
באר שבע,שלשת בני עין חרוד,77,,31.239133,34.792369
באר שבע,המדע,26,שכונת רמות,31.269716,34.807198
באר שבע,רנה קסן,57,שכונת רמות,31.275461,34.801950
באר שבע,רוקח ישראל,17,שכונת יא,31.262870,34.767396
באר שבע,"הפלמ""ח",54,,31.239052,34.789052
באר שבע,רחבת בן נון,37,שכונת ו,31.262690,34.776192
באר שבע,המכתשים,34,שכונת ד,31.269353,34.795438
באר שבע,דרזנר יחיאל,17,שכונת רמות,31.267858,34.814255
באר שבע,דרך מצדה,154,שכונת ו,31.258931,34.783222
באר שבע,מורדי הגטאות,47,,31.238355,34.789632
באר שבע,לאה,73,שכונת נווה מנחם,31.270603,34.761051
באר שבע,ארניה אסוולדו,83,שכונת ד,31.265988,34.801979
באר שבע,לוריא צבי,15,שכונת רמות,31.267787,34.810499
באר שבע,כהן יעקב,14,שכונת ב,31.254955,34.797475
באר שבע,דרך מצדה,248,שכונת יא,31.255543,34.772722
באר שבע,המדע,122,,31.273847,34.805875
באר שבע,ביאליק,19,שכונת ב,31.254009,34.791722
באר שבע,ולבר יצחק,37,,31.241560,34.763186
באר שבע,אבן-שושן אברהם,123,,31.247489,34.757489
באר שבע,בזל,2,שכונת א,31.248280,34.790355
באר שבע,הגנן,1,,31.217885,34.812336
באר שבע,אסתר המלכה,2,,31.268270,34.764174
באר שבע,גירית,54,שכונת ה,31.250743,34.778114
באר שבע,הנפח,5,,31.220789,34.810933
באר שבע,גוש עציון,8,שכונת ג,31.254227,34.809030
באר שבע,הרב גבאי מנחם,21,שכונת ד,31.271381,34.794077
באר שבע,בקי רוברטו,16,שכונת רמות הרכס,31.278863,34.798574
באר שבע,הר מירון,2,,31.277017,34.810526
באר שבע,מודעי יצחק,41,שכונת רמות,31.266793,34.809411
באר שבע,"ד""ר טיכו",14,,31.260949,34.758215
באר שבע,הרב שושנה,7,,31.284703,34.797411
באר שבע,בלוך רודולף,16,,31.271984,34.808674
באר שבע,אהוד בן גרא,6,שכונת עיר עתיקה,31.241081,34.781228
באר שבע,גינצבורג דוד,26,,31.274852,34.806455
באר שבע,שד יעלים,26,שכונת ה,31.250486,34.779946
באר שבע,רנה קסן,52,,31.275298,34.802275
באר שבע,צבעוני,32,שכונת נווה נוי,31.229412,34.778913
באר שבע,לוריא צבי,9,שכונת רמות,31.267434,34.810472
באר שבע,בנימין מטודלה,4,שכונת ד,31.268066,34.801171
באר שבע,מסקין אהרון,53,שכונת נווה מנחם,31.271687,34.765249
באר שבע,הכט ראובן,67,,31.274778,34.816706
באר שבע,אלבק חנוך,4,שכונת רמות,31.271083,34.803827
באר שבע,רייק חביבה,8,שכונת ג,31.257571,34.808332
באר שבע,ביאליק,38,שכונת ב,31.252877,34.791170
באר שבע,"ד""ר טיכו",9,,31.260814,34.757980
באר שבע,בזל,33,שכונת א,31.249679,34.786469
באר שבע,הרב גורן שלמה,12,שכונת ט,31.244261,34.765108
באר שבע,פינקל שמעון,44,שכונת נווה מנחם,31.265039,34.754988
באר שבע,רחבת שלומציון,9,שכונת ו,31.263942,34.781075
באר שבע,קציר אהרון,51,שכונת רמות,31.273483,34.807932
באר שבע,יסעור,6,,31.230150,34.766506
באר שבע,ברוידס אברהם,17,,31.265804,34.756218
באר שבע,הכותל המערבי,57,,31.249962,34.784733
באר שבע,רימלט אלימלך,10,,31.261756,34.765583
באר שבע,אורבך אפרים,7,,31.248071,34.759505
באר שבע,פלדברג שמואל,50,,31.275513,34.825843
באר שבע,העליה,78,,31.257038,34.777358
באר שבע,ורבורג,7,,31.249254,34.785783
באר שבע,סנהדרין,37,,31.272096,34.794503
באר שבע,מורדי הגטאות,66,,31.239373,34.790838
באר שבע,מבצע נחשון,23,,31.260025,34.783817
באר שבע,המדע,70,,31.271750,34.807629
באר שבע,הר כנען,20,,31.274058,34.812993
באר שבע,נויפלד הנרי,10,,31.268695,34.807457
באר שבע,רופין ארתור,26,,31.265587,34.768822
באר שבע,גולדמן נחום,43,,31.280615,34.802667
באר שבע,דרור,53,,31.226590,34.768104
באר שבע,אבן-שושן אברהם,50,,31.245321,34.758716
באר שבע,בר ניסן,18,,31.239331,34.763496
באר שבע,סתונית,14,,31.228934,34.780641
באר שבע,גינצבורג דוד,5,,31.274041,34.806705
באר שבע,סמילן רות,43,,31.223492,34.773944
באר שבע,ויתקון אלפרד,28,,31.270747,34.777364
באר שבע,חובב משה,10,,31.220166,34.774039
באר שבע,קלצ'קין רפאל,24,,31.269239,34.771257
באר שבע,אלבק חנוך,7,,31.271492,34.803768
באר שבע,ז'בוטינסקי זאב,32,,31.249711,34.809372
באר שבע,גולדמן נחום,51,,31.281387,34.802720
באר שבע,חכים אליהו,17,,31.271356,34.813186
באר שבע,הר רמון,14,,31.275816,34.813797
באר שבע,ניב דוד,3,,31.237369,34.769961
באר שבע,שיזף,65,,31.230502,34.788012
באר שבע,עמיעז,15,,31.223302,34.815757
באר שבע,הר כנען,7,,31.274225,34.813574
באר שבע,ארן זלמן,10,שכונת יא,31.255841,34.761195
באר שבע,ברגסון אנרי,10,,31.271730,34.806563
באר שבע,רחבת אלכסנדרוני,8,,31.264993,34.777731
באר שבע,רימלט אלימלך,3,,31.261436,34.765855
באר שבע,התיבונים,18,שכונת נאות לון,31.252825,34.763922
באר שבע,בית אל,2,,31.245725,34.773639
באר שבע,הר בוקר,35,,31.273925,34.809523
באר שבע,עגנון,9,שכונת ה,31.251015,34.776874
באר שבע,רחבת שלומציון,7,שכונת ו,31.263725,34.780942
באר שבע,גרוסמן מאיר,29,,31.237376,34.767179
באר שבע,שיטרית,53,,31.254659,34.761798
באר שבע,רייק חביבה,23,שכונת ג,31.257795,34.808000
באר שבע,קרן קיימת לישראל,39,,31.237625,34.791703
באר שבע,שריג נחום,41,שכונת רמות הרכס,31.284805,34.805732
באר שבע,מיכאלסון יצחק,32,שכונת רמות,31.267800,34.808258
באר שבע,רחבת הראל,1,שכונת ו,31.264185,34.774819
באר שבע,הרתך,7,,31.224653,34.814931
באר שבע,"רחבת רמ""א",18,שכונת יא,31.257927,34.770189
באר שבע,נגבה,40,שכונת עיר עתיקה,31.241260,34.783417
באר שבע,"הפלמ""ח",62,שכונת עיר עתיקה,31.239157,34.788911
באר שבע,מבצע משה,17,שכונת נווה זאב,31.237910,34.778367
באר שבע,פרופ' שיבא,31,,31.259681,34.758126
באר שבע,שטה,55,,31.229720,34.791935
באר שבע,עליאש מרדכי,6,,31.253961,34.807108
באר שבע,שוחט ישראל,11,שכונת נווה זאב,31.234195,34.768294
באר שבע,שאול המלך,12,שכונת ו,31.264147,34.784507
באר שבע,בורלא יהודה,33,שכונת ה,31.251509,34.775186
באר שבע,מבצע חירם,35,,31.260391,34.782391
באר שבע,חובב משה,40,,31.221901,34.775865
באר שבע,ברוד מקס,18,שכונת נווה מנחם,31.265707,34.758051
באר שבע,שפרה,3,שכונת נווה מנחם,31.270160,34.763808
באר שבע,הרב גורן שלמה,14,שכונת ט,31.244388,34.765064
באר שבע,אבן-שושן אברהם,82,,31.247514,34.758325
באר שבע,גיבתון חנוך,11,שכונת נחל בקע,31.223321,34.777640
באר שבע,צבעוני,34,שכונת נווה נוי,31.229134,34.778646
באר שבע,בית שאן,108,שכונת נאות לון,31.248094,34.767142
באר שבע,יהואש,20,,31.262511,34.785163
באר שבע,הר כנען,18,,31.274002,34.813158
באר שבע,שלשת בני עין חרוד,32,,31.237826,34.791484
באר שבע,אסירי ציון,17,,31.249737,34.803905
באר שבע,פינקל שמעון,78,שכונת נווה מנחם,31.265519,34.754141
באר שבע,מורדי הגטאות,15,שכונת עיר עתיקה,31.236793,34.788131
באר שבע,יהואש,23,,31.262259,34.785011
באר שבע,אבישג,14,,31.269145,34.760594
באר שבע,החלוץ,36,,31.237441,34.788274
באר שבע,רמלה,18,שכונת נאות לון,31.242164,34.765255
באר שבע,גלעד,2,שכונת ד,31.267655,34.793867
באר שבע,ולבר יצחק,41,,31.241609,34.762972
באר שבע,שדרת חיל הנדסה,1,,31.244594,34.812604
באר שבע,אלכסנדר ינאי,13,שכונת ד,31.263483,34.795909
באר שבע,זמנהוף,27,שכונת נווה מנחם,31.264484,34.761183
באר שבע,מיכאלסון יצחק,18,שכונת רמות,31.268068,34.807622
באר שבע,?,61,שכונת ד,31.258355,34.789994
באר שבע,אנקור,5,שכונת נווה זאב,31.231610,34.772083
באר שבע,דוידוביץ לב,23,,31.272982,34.801975
באר שבע,הגאולים,4,,31.248992,34.802657
באר שבע,זהרי מיכאל,17,שכונת רמות,31.274227,34.802469
באר שבע,כהן יעקב,6,שכונת ב,31.253297,34.797643
באר שבע,העצמאות,57,שכונת עיר עתיקה,31.240372,34.789245
באר שבע,בן סרוק מנחם,18,שכונת נאות לון,31.252264,34.761733
באר שבע,"רחבת חי""ל",2,שכונת ו,31.261837,34.776385
באר שבע,הדעת,34,שכונת רמות,31.268203,34.806959
באר שבע,הלפרין,21,,31.261833,34.755667
באר שבע,לינדנר יוחנן,43,,31.275480,34.802777
באר שבע,אמיר אברהם,5,שכונת רמות,31.276941,34.822312
באר שבע,הבשור,13,שכונת ד,31.265578,34.797428
באר שבע,הרב גורן שלמה,39,שכונת נאות לון,31.244755,34.764689
באר שבע,שלמה המלך,55,שכונת ד,31.259800,34.795446
באר שבע,"הפלמ""ח",101,שכונת עיר עתיקה,31.240296,34.786879
באר שבע,ליפמן גבריאל,5,,31.274932,34.800224
באר שבע,בוסקוביץ אלכסנדר,37,,31.221660,34.771384
באר שבע,סמילן רות,6,,31.221798,34.776452
באר שבע,בורלא יהודה,9,שכונת ה,31.250877,34.776004
באר שבע,יפתח הגלעדי,1,שכונת עיר עתיקה,31.240284,34.781003
באר שבע,פרטוש עדן,40,,31.222930,34.775520
באר שבע,גרוסמן מאיר,17,שכונת נווה זאב,31.236317,34.766550
באר שבע,אלרואי דוד,29,,31.263508,34.763421
באר שבע,אבידן שמעון,3,שכונת רמות,31.265140,34.809640
באר שבע,סביון,23,שכונת נווה נוי,31.233066,34.779330
באר שבע,אבן עזרא,18,שכונת ד,31.270735,34.786119
באר שבע,לישנסקי יוסף,11,שכונת נווה מנחם,31.266907,34.759098
באר שבע,בורן מכס,37,,31.274612,34.803650
באר שבע,אבן-שושן אברהם,24,שכונת נאות לון,31.243317,34.760551
באר שבע,רינגלבלום,74,שכונת ד,31.268864,34.800977
באר שבע,ויתקון אלפרד,26,שכונת ו,31.270711,34.777427
באר שבע,הכותל המערבי,27,שכונת א,31.247037,34.786389
באר שבע,חרצית,11,,31.232769,34.788065
באר שבע,זילברג משה,24,,31.269974,34.775544
באר שבע,סיגלון,6,שכונת נווה נוי,31.231130,34.783964
באר שבע,אמיר אברהם,14,,31.276308,34.822899
באר שבע,ויניק זאב,2,,31.258428,34.759188
באר שבע,רותם,41,,31.229378,34.793766
באר שבע,ז'בוטינסקי זאב,21,שכונת ג,31.250363,34.808704
באר שבע,ארניה אסוולדו,10,שכונת ד,31.266350,34.801560
באר שבע,ארן זלמן,77,,31.257668,34.760882
באר שבע,ברוידס אברהם,11,שכונת נווה מנחם,31.266012,34.756441
באר שבע,האוזנר גדעון,20,שכונת רמות הרכס,31.287231,34.805537
באר שבע,תקוע יוסף,24,,31.277516,34.820414
באר שבע,רחבת הרב עוזיאל,16,שכונת יא,31.255299,34.769758
באר שבע,בן סרוק מנחם,2,שכונת נאות לון,31.252094,34.763152
באר שבע,שד בן גוריון,22,שכונת ג,31.259342,34.809954
באר שבע,היילפרין ליפמן,15,,31.262085,34.755922
באר שבע,דנציגר יצחק,13,שכונת נאות לון,31.244782,34.761798
באר שבע,"רמב""ם",68,,31.245082,34.786560
באר שבע,שלשת בני עין חרוד,23,שכונת עיר עתיקה,31.237402,34.790779
באר שבע,ארגוב אלכסנדר,9,,31.248192,34.758218
באר שבע,סלנט שמואל,18,שכונת ו,31.267233,34.780146
באר שבע,מורדי הגטאות,12,שכונת עיר עתיקה,31.236390,34.788006
באר שבע,שטיינברג יהודה,32,,31.268352,34.771783
באר שבע,פייגנבאום אריה,16,,31.261029,34.757591
באר שבע,חבקוק,3,שכונת עיר עתיקה,31.236684,34.784220
באר שבע,אמיר אברהם,36,,31.276068,34.824683
באר שבע,היילפרין ליפמן,21,,31.261833,34.755667
באר שבע,פלוסר דוד,43,,31.245455,34.760205
באר שבע,הכשרת הישוב,43,,31.217429,34.812808
באר שבע,ויטנברג יצחק,18,,31.225194,34.780379
באר שבע,ז'בוטינסקי זאב,20,שכונת ג,31.248674,34.808888
באר שבע,משעול עקרון,4,שכונת ט,31.245295,34.774419
באר שבע,פלוסר דוד,33,שכונת נאות לון,31.245702,34.760615
באר שבע,רינגלבלום,106,שכונת ד,31.269573,34.800143
באר שבע,שיפר יצחק,29,שכונת ד,31.271341,34.799501
באר שבע,אבן ארי מיכאל,2,שכונת רמות,31.274365,34.807600
באר שבע,קשאני אליעזר,6,,31.270239,34.813098
באר שבע,דיה,53,שכונת פלח שבע,31.231611,34.762091
באר שבע,שמעון בר גיורא,9,שכונת ד,31.262887,34.792683
באר שבע,הרב עדני,9,שכונת נאות לון,31.252719,34.764734
באר שבע,גרינשפן הרשל,54,שכונת נווה מנחם,31.267623,34.756578
באר שבע,שדרת הערים התאומות,39,,31.284027,34.798547
באר שבע,מסקין אהרון,10,שכונת נווה מנחם,31.270030,34.767691
באר שבע,בלהה,15,שכונת נווה מנחם,31.269774,34.763972
באר שבע,?,36,שכונת ב,31.249839,34.798582
באר שבע,וירשובסקי חיים,6,שכונת רמות,31.269215,34.804978
באר שבע,יוסף בן מתתיהו,22,שכונת ד,31.265343,34.798924
באר שבע,משעול עקרון,22,שכונת ט,31.244294,34.774726
באר שבע,בוסקוביץ אלכסנדר,5,,31.219607,34.774205
באר שבע,סיגלון,11,שכונת נווה נוי,31.230963,34.783641
באר שבע,מסקין אהרון,43,שכונת נווה מנחם,31.271108,34.765559
באר שבע,השלום,47,שכונת ג,31.252487,34.806100
באר שבע,אלעזר בן יאיר,9,שכונת ד,31.263407,34.791777
באר שבע,קלצ'קין רפאל,38,שכונת נווה מנחם,31.268815,34.770468
באר שבע,שרת משה,39,שכונת יא,31.260380,34.768983
באר שבע,פייגנבאום אריה,4,שכונת נווה מנחם,31.260467,34.757564
באר שבע,רימון,47,,31.286573,34.800065
באר שבע,רופין ארתור,41,,31.265172,34.768029
באר שבע,הדסה,98,שכונת עיר עתיקה,31.242551,34.788143
באר שבע,רוקח ישראל,12,,31.261834,34.765823
באר שבע,מסקין אהרון,47,שכונת נווה מנחם,31.271466,34.765461
באר שבע,רודנסקי שמואל,58,שכונת נווה מנחם,31.271919,34.771252
באר שבע,פרופ' שיבא,9,,31.260131,34.759220
באר שבע,שטיין ריכרד,16,שכונת ו,31.265570,34.770259
באר שבע,דיה,16,,31.231081,34.762434
באר שבע,הרב ריינס,9,שכונת נווה מנחם,31.263151,34.759474
באר שבע,יפתח הגלעדי,11,,31.240799,34.780296
באר שבע,התלמוד,53,שכונת ד,31.270015,34.787636
באר שבע,השופט אלקיים,6,שכונת נאות לון,31.243145,34.764652
באר שבע,רחבת יעל,35,,31.262111,34.774054
באר שבע,מורדי הגטאות,21,,31.237124,34.788335
באר שבע,רודנסקי שמואל,110,שכונת נווה מנחם,31.271592,34.768523
באר שבע,האוזנר גדעון,15,שכונת רמות הרכס,31.286905,34.804864
באר שבע,"רמב""ן",8,,31.271939,34.786085
באר שבע,זריצקי יוסף,30,,31.260169,34.761392
באר שבע,קדושי סלוניקי,14,,31.265769,34.757394
באר שבע,בגין מנחם,1,שכונת ב,31.249394,34.800020
באר שבע,רחבת שלומציון,6,שכונת ו,31.264132,34.781865
באר שבע,לברי מרק,24,,31.221831,34.774593
באר שבע,צביה ויצחק,39,,31.224310,34.780303
באר שבע,מסקין אהרון,48,שכונת נווה מנחם,31.271661,34.765905
באר שבע,ברש אשר,10,שכונת נווה זאב,31.240279,34.776487
באר שבע,דרור,93,,31.229186,34.768465
באר שבע,אבן ארי מיכאל,13,שכונת רמות,31.274554,34.807066
באר שבע,עבדת,17,שכונת נאות לון,31.245738,34.767782
באר שבע,שלשת בני עין חרוד,31,,31.237884,34.791234
באר שבע,שפרינצק,13,שכונת ד,31.270928,34.792486
באר שבע,קהירי,16,שכונת רמות הרכס,31.284954,34.800744
באר שבע,הרצל,6,שכונת עיר עתיקה,31.237841,34.786410
באר שבע,יששכר,2,שכונת עיר עתיקה,31.238231,34.782163
באר שבע,דרך המשחררים,70,,31.251504,34.785986
באר שבע,צבר,4,,31.233232,34.793696
באר שבע,רותם,34,,31.229715,34.793947
באר שבע,אלפסי,27,שכונת יא,31.258327,34.772108
באר שבע,ויתקון אלפרד,6,,31.271092,34.778469
באר שבע,חשין,13,,31.269269,34.774895
באר שבע,שלמה המלך,14,שכונת ד,31.260075,34.796415
באר שבע,שד יעלים,16,שכונת ה,31.250081,34.780479
באר שבע,שינדלר אוסקר,14,שכונת רמות הרכס,31.282864,34.801518
באר שבע,יוסף בן מתתיהו,20,שכונת ד,31.265344,34.799046
באר שבע,הר עצמון,22,,31.274970,34.812036
באר שבע,הרב סילברט,5,שכונת ד,31.270633,34.787916
באר שבע,דרך המשחררים,125,שכונת א,31.248217,34.783838
באר שבע,הדעת,66,שכונת רמות,31.269197,34.804884
באר שבע,קויפמן,6,,31.253381,34.773071
באר שבע,הזז חיים,4,שכונת ב,31.253421,34.796521
באר שבע,גרונר דב,18,,31.270073,34.812811
באר שבע,זינדר חמדה וצבי,4,,31.222921,34.777753
באר שבע,אלדד,6,,31.274099,34.822384
באר שבע,כלנית,5,שכונת נווה נוי,31.230848,34.780968
באר שבע,תלמה,34,,31.221380,34.773189
באר שבע,היילפרין ליפמן,5,שכונת נווה מנחם,31.262207,34.756533
באר שבע,דרבן,23,שכונת ה,31.250627,34.777552
באר שבע,הדעת,10,שכונת רמות,31.267859,34.808014
באר שבע,קויפמן,38,,31.254011,34.773943
באר שבע,יוסף בן מתתיהו,56,שכונת ד,31.264776,34.801085
באר שבע,עמיר אנדה,39,,31.271750,34.766255
באר שבע,אלבק חנוך,22,,31.271457,34.804636
באר שבע,?,167,שכונת ד,31.267726,34.797872
באר שבע,אירוס הנגב,24,,31.229498,34.795619
באר שבע,דובנוב,5,שכונת ב,31.257013,34.793661
באר שבע,ברטונוב יהושע,5,,31.269521,34.770383
באר שבע,משעול מצפה,4,שכונת ט,31.246088,34.778837
באר שבע,שטיין ריכרד,43,שכונת ו,31.265549,34.769602
באר שבע,התלמוד,91,שכונת ד,31.269123,34.786389
באר שבע,לאה,40,שכונת נווה מנחם,31.269283,34.759903
באר שבע,שפרה,7,שכונת נווה מנחם,31.270313,34.763544
באר שבע,קרן קיימת לישראל,6,שכונת עיר עתיקה,31.237603,34.792654
באר שבע,פינקל שמעון,23,,31.263998,34.757165
באר שבע,דרך המשחררים,113,שכונת א,31.249137,34.784200
באר שבע,צוקית,27,שכונת פלח שבע,31.232261,34.761297
באר שבע,דיה,34,,31.231354,34.762221
באר שבע,עין גדי,8,שכונת נאות לון,31.247777,34.770993
באר שבע,גומא,28,שכונת נווה נוי,31.232141,34.786213
באר שבע,אבן ארי מיכאל,43,שכונת רמות,31.275524,34.805934
באר שבע,ישעיהו ישראל,41,,31.256677,34.765413
באר שבע,בית אשל,32,,31.238010,34.792714
באר שבע,חזן יעקב,11,,31.275379,34.820111
באר שבע,צפורה,2,,31.268125,34.763934
באר שבע,פטנקין דן,54,שכונת נאות לון,31.246621,34.758422
באר שבע,דרך מצדה,152,שכונת ו,31.258942,34.783411
באר שבע,סמילנסקי,2,שכונת עיר עתיקה,31.236196,34.789472
באר שבע,הרב הרצוג,56,,31.259432,34.767667
באר שבע,האבות,40,,31.238707,34.788295
באר שבע,מבצע נחשון,79,שכונת ד,31.263498,34.787390
באר שבע,הברזל,3,,31.215211,34.808203
באר שבע,רבנו תם,36,שכונת ד,31.271004,34.784318
באר שבע,חוה,14,,31.268710,34.763279
באר שבע,יהושע הצורף,4,,31.257340,34.813919
באר שבע,רחבת אלכסנדרוני,11,שכונת ו,31.264952,34.778330
באר שבע,הרב גבאי מנחם,12,שכונת ד,31.271887,34.794904
באר שבע,בורן מכס,16,שכונת רמות,31.273555,34.803230
באר שבע,סלנט שמואל,12,שכונת ו,31.267516,34.780361
באר שבע,צבר,35,שכונת נווה נוי,31.232001,34.794554
באר שבע,אבישי,8,,31.261446,34.777770
באר שבע,הכט ראובן,31,,31.274795,34.818658
באר שבע,ויתקון אלפרד,44,,31.270430,34.776604
באר שבע,רחבת אופירה,6,שכונת ט,31.244008,34.771205
באר שבע,לסקר פרץ,13,שכונת נווה מנחם,31.265969,34.757150
באר שבע,רנה קסן,39,,31.274742,34.801298
באר שבע,שריג נחום,23,,31.281886,34.805184
באר שבע,שד יעלים,31,שכונת ה,31.248023,34.781553
באר שבע,זינדר חמדה וצבי,13,,31.223093,34.777168
באר שבע,הכט ראובן,38,,31.275088,34.817661
באר שבע,הנגבי,11,שכונת רמות הרכס,31.284123,34.804357
באר שבע,בר הלל יהושע,15,שכונת רמות,31.270090,34.805023
באר שבע,השלום,123,,31.256022,34.810446
באר שבע,רנה קסן,59,שכונת רמות,31.275530,34.801972
באר שבע,פטנקין דן,42,,31.247461,34.759188
באר שבע,גלזמן יוסף,4,,31.224344,34.779301
באר שבע,הכותל המערבי,24,שכונת א,31.247373,34.785977
באר שבע,הבדיל,30,,31.224139,34.809170
באר שבע,המדע,34,שכונת רמות,31.270064,34.807331
באר שבע,האבות,61,שכונת עיר עתיקה,31.240035,34.786067
באר שבע,הרב חביב חיים,23,,31.251032,34.759261
באר שבע,עגנון,11,שכונת ה,31.251021,34.777084
באר שבע,שאול המלך,7,שכונת ד,31.263991,34.787039
באר שבע,משעול הערבה,3,שכונת ה,31.247488,34.781767
באר שבע,טלמון יעקב,9,,31.265978,34.770332
באר שבע,תלמה,27,שכונת נחל בקע,31.220911,34.773445
באר שבע,זמנהוף,13,שכונת נווה מנחם,31.265084,34.761791
באר שבע,אבן עזרא,32,,31.270512,34.784929
באר שבע,בלוך רודולף,10,שכונת רמות,31.271750,34.808718
באר שבע,הברזל,14,,31.217402,34.809094
באר שבע,אבן עזרא,71,,31.270107,34.784690
באר שבע,שד יעלים,108,שכונת ה,31.256766,34.775014
באר שבע,שפרה,25,,31.270896,34.762791
באר שבע,בן יעקב צבי,17,,31.226030,34.777897
באר שבע,כלנית,24,שכונת נווה נוי,31.232258,34.781357
באר שבע,מורדי הגטאות,65,שכונת עיר עתיקה,31.238627,34.789786
באר שבע,רחבת הרב עוזיאל,6,שכונת יא,31.255000,34.769428
באר שבע,הר רמון,46,,31.276430,34.810062
באר שבע,מבצע נחשון,19,,31.259571,34.783451
באר שבע,הדסה,58,שכונת עיר עתיקה,31.240693,34.790510
באר שבע,ולבר יצחק,47,,31.241687,34.762743
באר שבע,אבידום מנחם,31,,31.221522,34.773592
באר שבע,צ'לנוב יחיאל,4,שכונת נווה מנחם,31.265541,34.761789
באר שבע,שיזף,38,,31.231836,34.789194
באר שבע,גרינבוים יצחק,10,שכונת יא,31.261615,34.765211
באר שבע,סתונית,7,שכונת נווה נוי,31.229146,34.780228
באר שבע,"הפלמ""ח",2,,31.237338,34.791475
באר שבע,דה-שליט עמוס,37,שכונת רמות,31.272953,34.806832
באר שבע,הקוצר,18,,31.213906,34.811239
באר שבע,אבן-שושן אברהם,47,שכונת נאות לון,31.243013,34.759594
באר שבע,חבצלת הנגב,81,שכונת נווה נוי,31.231644,34.787437
באר שבע,גולדשטיין פרץ,12,,31.226332,34.780055
באר שבע,חסמן מרק,7,שכונת נווה מנחם,31.264266,34.755141
באר שבע,דרך המשחררים,58,שכונת ב,31.252158,34.788163
באר שבע,יפה אברהם,55,,31.285363,34.806761
באר שבע,לסקר פרץ,19,,31.265715,34.756964
באר שבע,גרשון,25,,31.241057,34.791982
באר שבע,ויתקון אלפרד,48,,31.270291,34.776372
באר שבע,"חז""ל",105,שכונת ב,31.257358,34.789679
באר שבע,אביגד,44,,31.276244,34.802219
באר שבע,הגלבוע,9,שכונת ה,31.252061,34.772300
באר שבע,פיינשטיין מאיר,20,,31.268600,34.814919
באר שבע,כפר הדרום,38,,31.237742,34.785923
באר שבע,בורלא יהודה,23,שכונת ה,31.251485,34.775765
באר שבע,פראוור יהושע,13,,31.272517,34.806264
באר שבע,"רש""י",26,שכונת ד,31.268035,34.787187
באר שבע,בן חיים פאול,40,,31.223742,34.775007
באר שבע,שד רגר יצחק,118,שכונת ד,31.265758,34.798331
באר שבע,רחבת אופירה,28,שכונת ט,31.244712,34.771365
באר שבע,המדע,3,שכונת רמות,31.268774,34.806466
באר שבע,דה-שליט עמוס,32,שכונת רמות,31.272656,34.807409
באר שבע,פרופ' שיבא,21,,31.259719,34.758690
באר שבע,הכט ראובן,3,,31.274669,34.820408
באר שבע,אחאב,7,,31.263054,34.784384
באר שבע,רבקה,42,,31.270095,34.762445
באר שבע,אבן-שושן אברהם,101,שכונת נאות לון,31.246141,34.757840
באר שבע,זריצקי יוסף,22,,31.259901,34.761115
באר שבע,הרצל,104,שכונת עיר עתיקה,31.242567,34.790847
באר שבע,ארן זלמן,47,,31.256353,34.759939
באר שבע,"רמב""ם",20,שכונת עיר עתיקה,31.243505,34.790540
באר שבע,בן לברט,8,שכונת נאות לון,31.250593,34.763112
באר שבע,סתונית,42,,31.228078,34.778956
באר שבע,נעמי,8,,31.269064,34.764559
באר שבע,טולידנו,9,,31.267521,34.778155
באר שבע,עוזיה המלך,18,שכונת ד,31.261233,34.793480
באר שבע,מנדלי מוכר ספרים,2,,31.247852,34.793645
באר שבע,חוחית,8,,31.228214,34.764421
באר שבע,זהרי מיכאל,8,שכונת רמות,31.273636,34.802494
באר שבע,טלמון יעקב,13,,31.266125,34.770216
באר שבע,שיטרית,41,,31.254427,34.762522
באר שבע,סמילנסקי,66,שכונת עיר עתיקה,31.239718,34.784428
באר שבע,פיקרד,52,,31.279369,34.801891
באר שבע,קהירי,26,שכונת רמות הרכס,31.284380,34.801067
באר שבע,רחל המשוררת,7,שכונת ב,31.253617,34.793677
באר שבע,ההגנה,18,שכונת עיר עתיקה,31.238637,34.786093
באר שבע,משעול מבצע יונתן,11,שכונת ו,31.266033,34.782608
באר שבע,סרלין יוסף,4,,31.259648,34.762788
באר שבע,מבצע חירם,24,,31.260983,34.783323
באר שבע,קורא,7,שכונת ה,31.249008,34.781792
באר שבע,אירוס הנגב,23,,31.228973,34.795161
באר שבע,רייק חביבה,17,שכונת ג,31.257472,34.807897
באר שבע,האוזנר גדעון,30,,31.287499,34.806236
באר שבע,המכתשים,39,שכונת ד,31.269341,34.795128
באר שבע,דוידוביץ לב,1,,31.272494,34.800968
באר שבע,ההגנה,9,שכונת עיר עתיקה,31.237511,34.784300
באר שבע,צביה ויצחק,5,,31.224732,34.778568
באר שבע,ילין דוד,69,,31.272118,34.805484
באר שבע,שקמה,45,שכונת רמות הרכס,31.286288,34.798996
באר שבע,שד רגר יצחק,120,שכונת ד,31.265951,34.798374
באר שבע,המרד,4,,31.268214,34.816812
באר שבע,ממשית,7,שכונת ט,31.243756,34.769278
באר שבע,הלפרין,24,שכונת נווה מנחם,31.262237,34.755607
באר שבע,הרב עדני,42,שכונת נאות לון,31.253330,34.763289
באר שבע,בית אל,17,שכונת ט,31.245348,34.773983
באר שבע,רודנסקי שמואל,88,שכונת נווה מנחם,31.271955,34.769600
באר שבע,ולבר יצחק,4,שכונת נאות לון,31.242680,34.764527
באר שבע,ההגנה,25,שכונת עיר עתיקה,31.238981,34.786078
באר שבע,גלעד,9,שכונת ד,31.267798,34.793770
באר שבע,סמילנסקי,53,שכונת עיר עתיקה,31.238645,34.785421
באר שבע,רחבת מבצע קילשון,5,שכונת ו,31.264150,34.779827
באר שבע,"הפלמ""ח",74,,31.239684,34.788148
באר שבע,רחבת יבנה,26,שכונת ט,31.245900,34.772481
באר שבע,בן-חור אליהו,8,שכונת ו,31.264738,34.773917
באר שבע,דרך מצדה,67,שכונת ב,31.258521,34.789349
באר שבע,שלמה המלך,31,שכונת ד,31.259707,34.796219
באר שבע,פרץ י ל,13,שכונת נווה זאב,31.240292,34.778918
באר שבע,הכט ראובן,42,,31.275113,34.817244
באר שבע,צביה ויצחק,15,שכונת נחל בקע,31.224289,34.778688
באר שבע,דנציגר יצחק,2,שכונת נאות לון,31.244942,34.762512
באר שבע,אבנר,11,שכונת ו,31.261939,34.777648
באר שבע,אביגיל,5,,31.268390,34.761914
באר שבע,מבצע דני,12,,31.260323,34.783135
באר שבע,אלכסנדר ינאי,9,שכונת ד,31.263332,34.796307
באר שבע,סנהדרין,36,שכונת ד,31.272488,34.794573
באר שבע,קלצ'קין רפאל,82,,31.268684,34.768525
באר שבע,מוריה,50,,31.246222,34.785742
באר שבע,גולדשטיין פרץ,1,,31.225660,34.779924
באר שבע,שטה,30,שכונת נווה נוי,31.231836,34.790990
באר שבע,הלפרין,26,שכונת נווה מנחם,31.262100,34.755504
באר שבע,אדמון ידידיה,65,,31.220965,34.771347
באר שבע,קיפניס לוין,7,שכונת נווה זאב,31.238095,34.780398
באר שבע,פיקרד,5,שכונת רמות הרכס,31.277975,34.799813
באר שבע,הרב גורן שלמה,35,שכונת נאות לון,31.244758,34.764427
באר שבע,רחבת שלומציון,4,שכונת ו,31.264060,34.781684
באר שבע,קציר אהרון,29,שכונת רמות,31.272621,34.808648
באר שבע,אפרים,10,שכונת עיר עתיקה,31.239735,34.781789
באר שבע,בצלאל,15,שכונת ב,31.252747,34.789890
באר שבע,מבצע דני,20,,31.261043,34.783293
באר שבע,ורבורג,4,,31.248504,34.785717
באר שבע,פינקל שמעון,31,,31.264252,34.756298
באר שבע,קרן קיימת לישראל,31,שכונת עיר עתיקה,31.237697,34.791911
באר שבע,מזר בנימין,63,שכונת נאות לון,31.244934,34.758992
באר שבע,ארניה אסוולדו,35,שכונת ד,31.267057,34.802133
באר שבע,יפה אברהם,4,שכונת רמות הרכס,31.284379,34.808419
באר שבע,אדמון ידידיה,7,,31.219245,34.773710
באר שבע,גלזמן יוסף,15,,31.224800,34.778922
באר שבע,הכשרת הישוב,40,,31.217836,34.812425
באר שבע,סתונית,15,,31.228706,34.779295
באר שבע,ארלנגר ג'וזף,9,שכונת רמות,31.269492,34.807902
באר שבע,יערי מאיר,64,שכונת יא,31.258400,34.764472
באר שבע,בנטוב מרדכי,10,,31.256853,34.765779
באר שבע,מבצע נחשון,30,שכונת ו,31.259539,34.785088
באר שבע,דינור בן-ציון,6,,31.258048,34.760800
באר שבע,זמנהוף,39,שכונת נווה מנחם,31.263846,34.760524
באר שבע,"רחבת לח""י",22,,31.264195,34.775310
באר שבע,רחל אמנו,40,שכונת נווה מנחם,31.270851,34.764453
באר שבע,בן סרוק מנחם,10,שכונת נאות לון,31.252187,34.762406
באר שבע,אהרוני יוחנן,18,,31.274911,34.806525
באר שבע,שד ירושלים,45,שכונת ט,31.245122,34.776091
באר שבע,שופט אברהם,136,,31.269698,34.811454
באר שבע,שד רגר יצחק,157,שכונת ד,31.267019,34.797852
באר שבע,הרצל,58,שכונת עיר עתיקה,31.241156,34.789523
באר שבע,פריד אלפרד,26,שכונת רמות,31.271641,34.802828
באר שבע,חכים אליהו,65,,31.273415,34.814875
באר שבע,החורש,15,,31.216915,34.811093
באר שבע,טבנקין,26,שכונת ה,31.255716,34.774507
באר שבע,עמוס,7,שכונת עיר עתיקה,31.236624,34.784832
באר שבע,אלבק חנוך,28,,31.271611,34.804966
באר שבע,בוסקוביץ אלכסנדר,14,,31.220064,34.773966
באר שבע,מורדי הגטאות,102,,31.240225,34.791770
באר שבע,ארן זלמן,33,שכונת יא,31.255456,34.760555
באר שבע,מיכל,2,,31.267818,34.763441
באר שבע,עליאש מרדכי,20,,31.254581,34.806636
באר שבע,ברוידס אברהם,10,,31.266150,34.755673
באר שבע,נויפלד הנרי,2,שכונת רמות,31.268946,34.806960
באר שבע,יערי מאיר,46,שכונת יא,31.257718,34.763497
באר שבע,ילין דוד,21,שכונת רמות,31.269895,34.805716
באר שבע,מנדלסון,18,שכונת ב,31.256780,34.789884
באר שבע,יאיר,1,שכונת עיר עתיקה,31.239203,34.793428
באר שבע,חסמן מרק,13,,31.264138,34.754556
באר שבע,הרב פרנק,9,,31.267493,34.781338
באר שבע,רינגלבלום,50,שכונת ד,31.268113,34.800552
באר שבע,עפרים,7,שכונת ה,31.249816,34.777655
באר שבע,גמל,7,שכונת ה,31.249171,34.779612
באר שבע,נגבה,41,שכונת עיר עתיקה,31.240581,34.784096
באר שבע,גיבתון חנוך,36,,31.224556,34.776394
באר שבע,די זהב אפרים,25,,31.222900,34.775564
באר שבע,פינקל שמעון,39,,31.264554,34.755490
באר שבע,אורות ישראל,31,שכונת נווה זאב,31.236252,34.762424
באר שבע,ההסתדרות,110,,31.242278,34.791553
באר שבע,הר מירון,16,,31.277064,34.809269
באר שבע,אהוד בן גרא,39,שכונת נווה זאב,31.241985,34.778883
באר שבע,שד רגר יצחק,49,שכונת ב,31.252939,34.798473
באר שבע,מבצע עובדה,80,שכונת ו,31.260468,34.775265
באר שבע,סירני,6,,31.226096,34.780780
באר שבע,נגבה,2,שכונת עיר עתיקה,31.238791,34.786926
באר שבע,ילין דוד,7,שכונת רמות,31.269406,34.805472
באר שבע,אלוף יריב אהרון,16,שכונת רמות,31.266932,34.812951
באר שבע,אלרואי דוד,13,שכונת נווה מנחם,31.264015,34.763956
באר שבע,ברדיצ'בסקי,13,שכונת ו,31.267316,34.771974
באר שבע,בנטואיץ יוסף,7,שכונת רמות,31.269446,34.806108
באר שבע,שיבטה,13,שכונת ט,31.244617,34.768781
באר שבע,בז,16,,31.229871,34.771726
באר שבע,דה-שליט עמוס,27,,31.272501,34.807218
באר שבע,סייפן,2,שכונת נווה נוי,31.230919,34.781363
באר שבע,אבידום מנחם,23,,31.221200,34.774004
באר שבע,אירוס הנגב,102,,31.228733,34.788244
באר שבע,זרחין אלכסנדר,16,,31.274849,34.805277
באר שבע,ורד,32,שכונת נווה נוי,31.230171,34.778816
באר שבע,אגוז,17,שכונת נווה מנחם,31.264655,34.762003
באר שבע,רייק חביבה,9,שכונת ג,31.256910,34.807879
באר שבע,ברוור אברהם,93,שכונת רמות,31.275451,34.806984
באר שבע,גולדמן נחום,27,שכונת רמות הרכס,31.279450,34.802697
באר שבע,צפורה,14,שכונת נווה מנחם,31.268497,34.763482
באר שבע,פועה,14,,31.270392,34.762316
באר שבע,רבנו תם,7,שכונת ד,31.271359,34.786385
באר שבע,הרב אסף שמחה,17,שכונת ד,31.265924,34.802194
באר שבע,הרב אסף שמחה,9,שכונת ד,31.265448,34.802122
באר שבע,שיזף,74,,31.230066,34.787584
באר שבע,דרך מצדה,198,שכונת ו,31.258994,34.776520
באר שבע,שיזף,14,,31.232112,34.792078
באר שבע,שופט אברהם,128,,31.269570,34.811519
באר שבע,מורדי הגטאות,3,שכונת עיר עתיקה,31.236074,34.787854
באר שבע,צביה ויצחק,2,,31.224831,34.778133
באר שבע,שתל יצחק,33,שכונת רמות,31.278376,34.820578
באר שבע,חוחית,5,,31.227962,34.764544
באר שבע,חובב משה,11,שכונת נחל בקע,31.220491,34.773903
באר שבע,צבי-רן שלמה,5,,31.273528,34.819227
באר שבע,הר חרמון,21,,31.274118,34.811196
באר שבע,רחבת אופירה,14,שכונת ט,31.244219,34.771031
באר שבע,דוידוביץ לב,13,שכונת רמות,31.272794,34.801641
באר שבע,מבצע חורב,2,,31.259811,34.784631
באר שבע,צ'לנוב יחיאל,14,שכונת נווה מנחם,31.265793,34.761319
באר שבע,פריד אלפרד,11,שכונת רמות,31.271683,34.801980
באר שבע,היילפרין ליפמן,32,,31.261981,34.755278
באר שבע,פשוש,23,,31.229556,34.764199
באר שבע,"ד""ר טיכו",6,,31.260539,34.758209
באר שבע,פריבס משה,6,,31.279239,34.800162
באר שבע,יהוא,12,,31.262547,34.781571
באר שבע,יוחנן הורקנוס,18,שכונת ד,31.265115,34.795346
באר שבע,"רמב""ם",18,שכונת עיר עתיקה,31.243169,34.790932
באר שבע,החלוץ,63,,31.239165,34.789306
באר שבע,נורית,23,שכונת נווה נוי,31.231037,34.778392
באר שבע,אפק,5,שכונת ט,31.243292,34.766983
באר שבע,הדעת,48,שכונת רמות,31.268580,34.805759
באר שבע,"חז""ל",91,שכונת ב,31.257431,34.790242
באר שבע,הכט ראובן,60,שכונת רמות,31.275160,34.815269
באר שבע,חגלה,22,שכונת ה,31.249456,34.783054
באר שבע,רחבת שלומציון,3,שכונת ו,31.263637,34.780609
באר שבע,אסתר המלכה,17,,31.267629,34.763708
באר שבע,פרטוש עדן,47,שכונת נחל בקע,31.224012,34.776279
באר שבע,אלה,6,שכונת נווה נוי,31.231584,34.785349
באר שבע,מסקין אהרון,26,שכונת נווה מנחם,31.270943,34.766813
באר שבע,רחבת שמגר השופט,4,שכונת ו,31.262272,34.776040
באר שבע,מבצע משה,12,שכונת נווה זאב,31.237307,34.778863
באר שבע,קיפוד,16,שכונת ה,31.250129,34.777635
באר שבע,תקוע יוסף,91,,31.277219,34.819347
באר שבע,משעול גבעון,23,שכונת ט,31.245052,34.775705
באר שבע,שיטרית,43,,31.254492,34.762351
באר שבע,עוזיה המלך,7,שכונת ד,31.260927,34.793955
באר שבע,סמבורסקי שמואל,8,שכונת רמות,31.271784,34.803749
באר שבע,"רש""י",74,שכונת ד,31.267829,34.788415
באר שבע,עמיר אנדה,12,שכונת נווה מנחם,31.270841,34.767683
באר שבע,שמעון בר גיורא,65,שכונת ו,31.259613,34.787987
באר שבע,חבצלת הנגב,72,שכונת נווה נוי,31.232670,34.787297
באר שבע,אורות ישראל,55,,31.236099,34.762965
באר שבע,"רחבת השל""ה",3,,31.257124,34.769011
באר שבע,"רש""י",68,שכונת ד,31.268059,34.788370
באר שבע,מסקין אהרון,38,שכונת נווה מנחם,31.271348,34.766389
באר שבע,טלמון יעקב,12,שכונת ו,31.266243,34.770536
באר שבע,פריבס משה,27,,31.279759,34.797759
באר שבע,דה-שליט עמוס,22,,31.272326,34.807671
באר שבע,רחבת בן נון,6,שכונת ו,31.262963,34.777107
באר שבע,גולדברג לאה,5,שכונת ב,31.253281,34.793583
באר שבע,גרשם שלום,8,שכונת רמות,31.270377,34.805031
באר שבע,זמנהוף,28,,31.264281,34.760640
באר שבע,פרופ' שיבא,52,שכונת נווה מנחם,31.260923,34.756332
באר שבע,סמולנסקין,6,,31.267050,34.755705
באר שבע,אהרליך פאול,10,שכונת רמות,31.269754,34.808031
באר שבע,צביה המלכה,3,שכונת ד,31.262952,34.795793
באר שבע,לברי מרק,36,,31.222943,34.773064
באר שבע,רופין ארתור,36,,31.265631,34.767785
באר שבע,בורג יוסף,8,שכונת נווה זאב,31.233616,34.770027
באר שבע,יצחק נפחא,25,,31.248123,34.811346
באר שבע,מבצע חירם,13,,31.260771,34.785028
באר שבע,פורת לאה,7,,31.222473,34.777057
באר שבע,המכתשים,22,שכונת ד,31.268907,34.795185
באר שבע,המרד,18,,31.269177,34.816022
באר שבע,חביב אבשלום,17,,31.268595,34.815342
באר שבע,שיזף,16,,31.232100,34.791946
באר שבע,קול התור,4,,31.235582,34.761595
באר שבע,פרטוש עדן,36,,31.222497,34.775051
באר שבע,אמיר אברהם,80,שכונת רמות,31.277795,34.823169
באר שבע,שד רגר יצחק,122,שכונת ד,31.265957,34.798502
באר שבע,רחל אמנו,59,שכונת נווה מנחם,31.271093,34.763124
באר שבע,התיבונים,17,שכונת נאות לון,31.252070,34.763413
באר שבע,זלפה,14,,31.270161,34.763358
באר שבע,דותן,11,,31.264631,34.762578
באר שבע,בקי רוברטו,6,,31.278280,34.798608
באר שבע,חזני מיכאל,40,שכונת יא,31.262711,34.770610
באר שבע,רוסי אלפרד,5,שכונת ד,31.264603,34.794772
באר שבע,העצמאות,21,שכונת עיר עתיקה,31.238525,34.792086
באר שבע,רחל אמנו,47,שכונת נווה מנחם,31.270898,34.763775
באר שבע,מבצע עובדה,6,שכונת ו,31.259886,34.779754
באר שבע,וייס יעקב,6,,31.269767,34.814737
באר שבע,בית צורי אליהו,9,,31.272485,34.814351
באר שבע,הדסה,19,שכונת עיר עתיקה,31.239231,34.792118
באר שבע,הר רמון,16,,31.275889,34.813491
באר שבע,הס משה,1,שכונת א,31.250220,34.792988
באר שבע,ברוידס אברהם,2,,31.266534,34.756356
באר שבע,בזל,5,שכונת א,31.248136,34.789795
באר שבע,הצדיק מירושלים,78,,31.273062,34.788081
באר שבע,חסמן מרק,29,שכונת נווה מנחם,31.264820,34.753588
באר שבע,ארן זלמן,37,שכונת יא,31.255702,34.760408
באר שבע,טור סיני נפתלי,17,שכונת רמות,31.270410,34.807042
באר שבע,פלוסר דוד,32,שכונת נאות לון,31.245765,34.759957
באר שבע,פרנק ג'ימס,7,,31.274175,34.800076
באר שבע,ארניה אסוולדו,71,שכונת ד,31.266261,34.802071
באר שבע,בן יהודה,25,שכונת ב,31.254652,34.795097
באר שבע,צביה ויצחק,22,,31.223946,34.778504
באר שבע,הכט ראובן,48,,31.275087,34.816663
באר שבע,הר בוקר,39,,31.274076,34.809143
באר שבע,אביגיל,24,,31.269651,34.760589
באר שבע,ברנפלד שמעון,15,שכונת ד,31.270454,34.799188
באר שבע,פלוסר דוד,10,,31.246183,34.760967
באר שבע,רחבת מבצע קדם,16,שכונת ו,31.266005,34.782973
באר שבע,גרשון,4,שכונת עיר עתיקה,31.240513,34.793138
באר שבע,שד האנדרטה,7,שכונת רמות,31.275852,34.821371
באר שבע,פטנקין דן,6,,31.247299,34.761088
באר שבע,גרשון,31,,31.241325,34.791770
באר שבע,הרצל,106,שכונת עיר עתיקה,31.242608,34.790885
באר שבע,אורבך אפרים,19,,31.247332,34.758551
באר שבע,רחבת מבצע קדם,28,שכונת ו,31.265547,34.783275
באר שבע,גוטמן נחום,11,שכונת נווה זאב,31.238975,34.778905
באר שבע,הר רמון,22,,31.275808,34.812587
באר שבע,לאה,69,שכונת נווה מנחם,31.270259,34.760667
באר שבע,אבידום מנחם,1,,31.220303,34.775192
באר שבע,קרן קיימת לישראל,187,,31.239491,34.789058
באר שבע,דן,8,שכונת עיר עתיקה,31.238546,34.780900
באר שבע,משעול עקרון,20,שכונת ט,31.244419,34.774762
באר שבע,אביגדור המאירי,18,שכונת נווה זאב,31.240582,34.774454
באר שבע,פלוסר דוד,9,,31.246507,34.761548
באר שבע,עפרוני,110,,31.230584,34.768736
באר שבע,שופט אברהם,118,שכונת רמות,31.269216,34.811796
באר שבע,בית שאן,64,שכונת נאות לון,31.248989,34.766657
באר שבע,בית שאן,92,שכונת נאות לון,31.248375,34.767263
באר שבע,בר-לב חיים,25,שכונת ו,31.265887,34.772298
באר שבע,בז,41,,31.228405,34.771149
באר שבע,צבי-רן שלמה,15,,31.273525,34.818260
באר שבע,לינדנר יוחנן,18,,31.274304,34.802271
באר שבע,"שח""ל",28,,31.245268,34.791861
באר שבע,מיכל,13,,31.267943,34.762776
באר שבע,הר עצמון,9,,31.274943,34.813229
באר שבע,המרד,21,,31.269702,34.815205
באר שבע,ויתקון אלפרד,12,שכונת ו,31.271018,34.778177
באר שבע,ולבר יצחק,17,שכונת נאות לון,31.241549,34.764654
באר שבע,אבישג,8,,31.269465,34.760947
באר שבע,שד ירושלים,14,שכונת ט,31.245891,34.778859
באר שבע,שלשת בני עין חרוד,99,,31.240531,34.793741
באר שבע,הכותל המערבי,34,שכונת א,31.248424,34.785416
באר שבע,"הפלמ""ח",4,,31.237444,34.791330
באר שבע,הדעת,64,שכונת רמות,31.269140,34.804945
באר שבע,מבצע יואב,45,,31.262084,34.779759
באר שבע,וקסמן זלמן,6,,31.270374,34.807989
באר שבע,המרד,45,,31.272301,34.815263
באר שבע,אבישי,26,,31.261217,34.778749
באר שבע,רינגלבלום,36,שכונת ד,31.267848,34.800578
באר שבע,דה-בוטון,10,שכונת נאות לון,31.252777,34.760531
באר שבע,דרך מצדה,140,שכונת ו,31.259276,34.784921
באר שבע,וולפסון דוד,30,שכונת מרכז אזרחי,31.245087,34.801207
באר שבע,ארלוזורוב,16,,31.253574,34.806925
באר שבע,סמילנסקי,7,שכונת עיר עתיקה,31.236552,34.788604
באר שבע,פיינברג אבשלום,19,,31.266096,34.760110
באר שבע,חטיבת הנגב,38,שכונת עיר עתיקה,31.239819,34.785122
באר שבע,הגדודים,35,שכונת עיר עתיקה,31.235434,34.784208
באר שבע,עמיצור שמשון,17,שכונת רמות הרכס,31.282500,34.798615
באר שבע,פיקרד,108,,31.279498,34.801170
באר שבע,רחל אמנו,41,שכונת נווה מנחם,31.270636,34.764030
באר שבע,"הפלמ""ח",64,שכונת עיר עתיקה,31.239181,34.788874
באר שבע,בר-לב חיים,31,שכונת ו,31.266816,34.772506
באר שבע,בצלאל,39,שכונת ב,31.255212,34.789359
באר שבע,פטנקין דן,10,,31.247457,34.760994
באר שבע,הדעת,16,שכונת רמות,31.267941,34.807725
באר שבע,"חז""ל",45,שכונת ד,31.257477,34.793071
באר שבע,הנחושת,10,,31.227560,34.807993
באר שבע,דרך מצדה,122,שכונת ו,31.259325,34.786931
באר שבע,רותם,54,,31.229359,34.792385
באר שבע,שטיינברג יהודה,15,,31.268415,34.772638
באר שבע,ארגוב אלכסנדר,34,,31.247880,34.757006
באר שבע,חובב משה,25,שכונת נחל בקע,31.221305,34.774807
באר שבע,מאפו אברהם,14,שכונת נווה זאב,31.236600,34.774147
באר שבע,אורות ישראל,16,,31.236772,34.762929
באר שבע,רייק חביבה,19,שכונת ג,31.257576,34.807933
באר שבע,רחבת שמגר השופט,3,שכונת ו,31.262413,34.775492
באר שבע,רבקה,39,,31.269646,34.762428
באר שבע,ילן-שטקליס מרים,6,,31.271228,34.771483
באר שבע,חזן יעקב,28,שכונת רמות,31.275708,34.818636
באר שבע,יוסף בן מתתיהו,4,שכונת ד,31.265705,34.799028
באר שבע,מנדלסון,30,שכונת ב,31.256470,34.789085
באר שבע,אלדד,9,,31.274336,34.822816
באר שבע,בן יהודה,9,שכונת ב,31.254582,34.793372
באר שבע,דרך מצדה,121,שכונת ב,31.258716,34.777819
באר שבע,אירוס הנגב,82,,31.228634,34.789979
באר שבע,דותן,4,שכונת נווה מנחם,31.265099,34.762713
באר שבע,יהואש,6,,31.262738,34.787001
באר שבע,מבצע חורב,4,,31.259881,34.784611
באר שבע,בן יהודה,23,שכונת ב,31.254605,34.794946
באר שבע,רחבת המרי העברי,12,שכונת ה,31.255565,34.778095
באר שבע,מבצע משה,4,שכונת נווה זאב,31.236977,34.778455
באר שבע,העליה,26,שכונת ה,31.253922,34.781796
באר שבע,דרך מצדה,156,שכונת ו,31.258879,34.783064
באר שבע,רוטנשטרייך,25,,31.281554,34.797149
באר שבע,הכותל המערבי,42,שכונת א,31.249437,34.784869
באר שבע,קראוס גרטרוד,2,,31.249160,34.756667
באר שבע,גוש עציון,41,,31.256562,34.806533
באר שבע,סביון,21,שכונת נווה נוי,31.233027,34.779494
באר שבע,הכותל המערבי,9,שכונת א,31.247780,34.788351
באר שבע,אבן-שושן אברהם,99,שכונת נאות לון,31.245971,34.757874
באר שבע,חן ארנסט,10,,31.270996,34.808160
באר שבע,לינדנר יוחנן,14,שכונת רמות,31.274203,34.802135
באר שבע,חיבת ציון,9,,31.252801,34.810682
באר שבע,דה-שליט עמוס,19,,31.272223,34.807403
באר שבע,סלנט שמואל,10,שכונת ו,31.267583,34.780421
באר שבע,רב האי גאון,6,שכונת נאות לון,31.250040,34.761888
באר שבע,טוב משה,4,,31.266600,34.759458
באר שבע,המלכים,37,,31.264946,34.756159
באר שבע,טננבוים מרדכי,5,,31.223755,34.781164
באר שבע,מתתיהו,4,שכונת עיר עתיקה,31.241224,34.784730
באר שבע,קויפמן,15,,31.254010,34.773546
באר שבע,חוה,38,,31.269651,34.764994
באר שבע,אלוף מנדלר אלברט,13,שכונת רמות,31.268679,34.811503
באר שבע,פרטוש עדן,23,,31.221453,34.773644
באר שבע,פריד אלפרד,7,שכונת רמות,31.271597,34.801795
באר שבע,אולנדורף פרנץ,8,,31.275574,34.805426
באר שבע,ולבר יצחק,21,,31.241552,34.764431
באר שבע,סמילן רות,2,,31.221692,34.776606
באר שבע,הנגבי,8,,31.284199,34.804704
באר שבע,עמיר אנדה,25,,31.271367,34.766783
באר שבע,הרב ריינס,15,שכונת נווה מנחם,31.263005,34.759674
באר שבע,בז,7,,31.230711,34.772473
באר שבע,רבקה,31,,31.269414,34.762762
באר שבע,נויפלד הנרי,22,שכונת רמות,31.268517,34.807982
באר שבע,רותם,12,שכונת נווה נוי,31.230322,34.795827
באר שבע,"זק""ש נלי",7,,31.271422,34.806589
באר שבע,דנציגר יצחק,8,שכונת נאות לון,31.245132,34.762340
באר שבע,בורן מכס,29,שכונת רמות,31.274334,34.803403
באר שבע,רחבת מבצע קדם,5,שכונת ו,31.266483,34.783315
באר שבע,בת שבע,14,שכונת נווה מנחם,31.269512,34.762028
באר שבע,שד רגר יצחק,150,שכונת ד,31.269181,34.798400
באר שבע,רחל אמנו,77,,31.270471,34.761965
באר שבע,עמיצור שמשון,8,שכונת רמות הרכס,31.280810,34.798603
באר שבע,ברוור אברהם,117,שכונת רמות,31.276021,34.806086
באר שבע,מסקין אהרון,13,,31.269729,34.767395
באר שבע,שד ירושלים,74,שכונת נאות לון,31.247719,34.771871
באר שבע,דרך מצדה,33,שכונת ד,31.258160,34.793307
באר שבע,"שז""ר זלמן",31,שכונת מרכז אזרחי,31.247300,34.804130
באר שבע,מבצע לוט,22,,31.261215,34.786102
באר שבע,שלום עליכם,2,שכונת ב,31.255738,34.794349
באר שבע,שריג נחום,18,שכונת רמות הרכס,31.282074,34.805863
באר שבע,אלדד,50,שכונת רמות,31.274702,34.824162
באר שבע,קיפוד,15,שכונת ה,31.250259,34.777635
באר שבע,זמורה משה,6,,31.269639,34.776020
באר שבע,עמיעז,1,,31.223644,34.817085
באר שבע,הרב הרצוג,11,,31.260940,34.769676
באר שבע,מודעי יצחק,51,שכונת רמות,31.267690,34.809782
באר שבע,שטה,50,,31.229876,34.791521
באר שבע,אבידום מנחם,16,שכונת נחל בקע,31.221103,34.774510
באר שבע,ארלנגר ג'וזף,4,שכונת רמות,31.269360,34.807514
באר שבע,סנהדרין,77,שכונת ד,31.270798,34.791714
באר שבע,ההסתדרות,62,,31.239525,34.788960
באר שבע,אפרת יעקב,11,שכונת נווה מנחם,31.269876,34.771889
באר שבע,הרב עדני,36,שכונת נאות לון,31.253312,34.763690
באר שבע,משעול הערבה,15,שכונת ה,31.247798,34.781451
באר שבע,רחבת פל-ים,22,,31.264677,34.777004
באר שבע,הפחח,6,שכונת עמק שרה,31.224928,34.811038
באר שבע,בן יוסף שלמה,24,,31.270468,34.814094
באר שבע,אביגד,22,,31.275522,34.801624
באר שבע,צבי-רן שלמה,44,,31.273650,34.817386
באר שבע,ילן-שטקליס מרים,22,,31.271485,34.770646
באר שבע,שמחה,3,שכונת עיר עתיקה,31.241223,34.784333
באר שבע,פסמון,11,שכונת ה,31.249499,34.779018
באר שבע,משעול חפר,8,שכונת ט,31.245753,34.773284
באר שבע,ההסתדרות,59,,31.240827,34.789864
באר שבע,ישעיהו ישראל,10,שכונת יא,31.256495,34.764286
באר שבע,שיפר יצחק,1,שכונת ד,31.271517,34.798525
באר שבע,סמילן רות,30,,31.222877,34.774982
באר שבע,עוזיה המלך,4,שכונת ד,31.261361,34.794264
באר שבע,שד יעלים,56,שכונת ה,31.253362,34.777774
באר שבע,שד רגר יצחק,163,שכונת ד,31.267478,34.797876
באר שבע,יהודה הלוי,1,,31.253984,34.786775
באר שבע,מבצע נחשון,15,,31.259573,34.782602
באר שבע,ברנפלד שמעון,2,שכונת ד,31.270104,34.799653
באר שבע,דרור,8,,31.229777,34.769164
באר שבע,פסמון,22,שכונת ה,31.249818,34.778733
באר שבע,יערה,12,שכונת נווה נוי,31.231074,34.786485
באר שבע,פיינשטיין מאיר,16,,31.268376,34.815132
באר שבע,דרור,35,שכונת פלח שבע,31.227046,34.769083
באר שבע,נורית,2,שכונת נווה נוי,31.232544,34.778035
באר שבע,חזן יעקב,33,,31.275421,34.817894
באר שבע,סנהדרין,60,שכונת ד,31.271629,34.792525
באר שבע,נגבה,27,שכונת עיר עתיקה,31.239798,34.785182
באר שבע,ילן-שטקליס מרים,54,שכונת נווה מנחם,31.270927,34.768664
באר שבע,הר רמון,30,,31.276001,34.811766
באר שבע,רייס רפאל,12,,31.225994,34.778817
באר שבע,מסקין אהרון,44,שכונת נווה מנחם,31.271512,34.766025
באר שבע,מבצע דני,17,,31.261052,34.782762
באר שבע,אבן ארי מיכאל,33,שכונת רמות,31.275298,34.806302
באר שבע,התקוה,16,שכונת מרכז אזרחי,31.248576,34.799614
באר שבע,אבידום מנחם,25,,31.221284,34.773902
באר שבע,חובב משה,55,,31.222922,34.776285
באר שבע,רותם,36,שכונת נווה נוי,31.230239,34.794808
באר שבע,זנגויל ישראל,8,שכונת נווה מנחם,31.265444,34.760952
באר שבע,שריג נחום,39,שכונת רמות הרכס,31.284684,34.805752
באר שבע,אלישר,37,,31.272845,34.818015
באר שבע,אהרליך פאול,2,שכונת רמות,31.269868,34.807665
באר שבע,גרשם שלום,39,שכונת רמות,31.271134,34.805837
באר שבע,רזיאל,9,שכונת ג,31.258118,34.810581
באר שבע,רבנו תם,49,,31.270690,34.784049
באר שבע,הרב ריינס,3,שכונת נווה מנחם,31.263176,34.759304
באר שבע,רוט אגון,10,,31.223754,34.780110
באר שבע,שרעבי,21,,31.254160,34.811956
באר שבע,מזר בנימין,29,,31.243631,34.761838
באר שבע,גולומב,33,שכונת ג,31.255055,34.802393
באר שבע,סמילנסקי,47,,31.238093,34.786356
באר שבע,הרב גבאי מנחם,2,שכונת ד,31.271998,34.795411
באר שבע,"החיד""א",63,שכונת יא,31.253257,34.767839
באר שבע,בארון דבורה,3,שכונת ב,31.252841,34.793427
באר שבע,יערי מאיר,76,שכונת יא,31.258786,34.764431
באר שבע,ההסתדרות,20,,31.237941,34.787421
באר שבע,קדיש לוז,14,שכונת יא,31.257070,34.764139
באר שבע,סמילנסקי,3,שכונת עיר עתיקה,31.236476,34.788701
באר שבע,ויטנברג יצחק,19,שכונת נחל בקע,31.225302,34.780078
באר שבע,הכותל המערבי,16,שכונת א,31.247237,34.787081
באר שבע,עמיר אנדה,46,,31.272122,34.766172
באר שבע,ההסתדרות,7,שכונת עיר עתיקה,31.237471,34.786638
באר שבע,זמיר ישעיהו,27,,31.274164,34.818687
באר שבע,שד רגר יצחק,111,שכונת ד,31.263156,34.797933
באר שבע,המדע,124,,31.273912,34.805776
באר שבע,רודנסקי שמואל,106,,31.271641,34.768710
באר שבע,ברבור,4,,31.229995,34.769857
באר שבע,דיה,19,,31.230972,34.762798
באר שבע,מבצע נחשון,17,,31.259560,34.782923
באר שבע,ילן-שטקליס מרים,24,שכונת נווה מנחם,31.271506,34.770476
באר שבע,אבנר,5,שכונת ו,31.262241,34.777197
באר שבע,סטרומה,27,,31.254165,34.777924
באר שבע,סביון,35,שכונת נווה נוי,31.233063,34.778642
באר שבע,סדנא,8,שכונת אזור תעשיה,31.252473,34.822420
באר שבע,גרשון,40,,31.243043,34.789959
באר שבע,סוקולוב,23,שכונת א,31.245367,34.789717
באר שבע,סמולנסקין,14,שכונת נווה מנחם,31.266408,34.754856
באר שבע,אלרואי דוד,21,,31.263752,34.763639
באר שבע,הרב ריינס,10,,31.263710,34.759672
באר שבע,פקועה,38,,31.230977,34.792103
באר שבע,ברוידס אברהם,34,שכונת נווה מנחם,31.266054,34.755248
באר שבע,סנהדרין,48,שכונת ד,31.272095,34.793555
באר שבע,רחבת הרב קוק,23,שכונת יא,31.257434,34.771699
באר שבע,הגנן,7,שכונת עמק שרה,31.217888,34.811561
באר שבע,כלנית,19,שכונת נווה נוי,31.231955,34.780978
באר שבע,ברק,30,שכונת עיר עתיקה,31.242207,34.780503
באר שבע,הר בוקר,6,,31.272890,34.810858
באר שבע,רייס רפאל,3,,31.225549,34.778712
באר שבע,ורד,14,שכונת נווה נוי,31.231793,34.778710
באר שבע,יסמין,26,,31.231479,34.792332
באר שבע,אלוף מנדלר אלברט,4,שכונת רמות,31.267992,34.810982
באר שבע,ילין דוד,11,שכונת רמות,31.269574,34.805521
באר שבע,אירוס הנגב,70,,31.228686,34.791118
באר שבע,רוט אגון,9,,31.223671,34.779894
באר שבע,גינצבורג דוד,11,שכונת רמות,31.274256,34.806564
באר שבע,אסף הרופא,4,שכונת ב,31.255832,34.793494
באר שבע,"רמב""ם",37,,31.242863,34.790869
באר שבע,לינדנר יוחנן,32,שכונת רמות,31.274950,34.802810
באר שבע,בלוך רודולף,11,,31.271720,34.808405
באר שבע,ירבוע,17,שכונת ה,31.251162,34.778542
באר שבע,בסקין צבי,3,שכונת ג,31.250907,34.805314
באר שבע,קובנר אבא,12,,31.224835,34.779833
באר שבע,דרך מצדה,100,שכונת ד,31.259355,34.788471
באר שבע,צבעוני,29,שכונת נווה נוי,31.230009,34.779806
באר שבע,בורוכוב,14,,31.250149,34.794916
באר שבע,אייזנשטדט,7,,31.276762,34.823731
באר שבע,נויפלד הנרי,6,שכונת רמות,31.268807,34.807273
באר שבע,"חז""ל",27,שכונת ד,31.257515,34.793731
באר שבע,לינדנר יוחנן,20,,31.274380,34.802284
באר שבע,בובר מרטין,1,,31.266632,34.771234
באר שבע,לוזון אפרים,39,,31.265477,34.758919
באר שבע,דב יוסף,18,שכונת יא,31.256003,34.763441
באר שבע,נגבה,15,שכונת עיר עתיקה,31.239204,34.785963
באר שבע,דה-בוטון,6,שכונת נאות לון,31.252706,34.760763
באר שבע,לברי מרק,11,שכונת נחל בקע,31.220979,34.775216
באר שבע,הר חרמון,19,,31.274223,34.811033
באר שבע,יוכבד בת מרים,20,שכונת נווה מנחם,31.268959,34.769610
באר שבע,בן יוסף שלמה,21,,31.270948,34.813351
באר שבע,יפתח הגלעדי,24,,31.241543,34.779621
באר שבע,רנה קסן,40,,31.274926,34.801918
באר שבע,גירית,50,שכונת ה,31.250697,34.778261
באר שבע,גינצבורג דוד,17,,31.274549,34.806344
באר שבע,הגנן,16,,31.218224,34.810103
באר שבע,גוטמן נחום,22,שכונת נווה זאב,31.239142,34.779451
באר שבע,שרה אמנו,9,שכונת עיר עתיקה,31.239645,34.785704
באר שבע,"ד""ר טיכו",66,,31.261720,34.755903
באר שבע,וילנסקי משה,29,,31.244662,34.759897
באר שבע,עמיצור שמשון,11,שכונת רמות הרכס,31.281083,34.798183
באר שבע,יטבתה,2,שכונת ד,31.267500,34.795292
באר שבע,רופין ארתור,81,,31.264379,34.766727
באר שבע,פרומקין גד,9,,31.270573,34.778378
באר שבע,המדע,16,שכונת רמות,31.269308,34.807020
באר שבע,עבדת,20,שכונת נאות לון,31.245532,34.767493
באר שבע,סגל צבי,36,שכונת רמות,31.271353,34.805701
באר שבע,ציזלינג,1,שכונת יא,31.258917,34.764477
באר שבע,הכט ראובן,22,,31.275114,34.819154
באר שבע,סמילן רות,15,שכונת נחל בקע,31.222166,34.775628
באר שבע,הרב חביב חיים,19,,31.251214,34.759569
באר שבע,פרטוש עדן,39,,31.223744,34.775978
באר שבע,קרן קיימת לישראל,92,,31.238978,34.790472
באר שבע,רימלט אלימלך,7,,31.261586,34.765614
באר שבע,בורן מכס,31,שכונת רמות,31.274346,34.803437
באר שבע,טבנקין,5,,31.255272,34.774460
באר שבע,אבידוב צבי,18,שכונת נווה מנחם,31.270091,34.770848
באר שבע,הרב עדני,80,שכונת נאות לון,31.253909,34.761100
באר שבע,קרן קיימת לישראל,60,שכונת עיר עתיקה,31.238532,34.791305
באר שבע,שלשת בני עין חרוד,73,,31.239018,34.792200
באר שבע,המנוף,29,שכונת עמק שרה,31.228866,34.806900
באר שבע,הר רמון,56,,31.276499,34.809176
באר שבע,סירני,17,,31.226541,34.780347
באר שבע,אלתרמן,25,שכונת ה,31.253309,34.774320
באר שבע,ברני רוברט,12,,31.270856,34.808787
באר שבע,אוליצקי אריה,10,,31.259098,34.758427
באר שבע,קובנר אבא,4,,31.224470,34.779931
באר שבע,קיפניס לוין,21,שכונת נווה זאב,31.238694,34.780252
באר שבע,מזר בנימין,46,,31.245664,34.759188
באר שבע,בר כוכבא,6,שכונת עיר עתיקה,31.243133,34.780943
באר שבע,אבן-שושן אברהם,91,,31.245559,34.758127
באר שבע,שיטרית,38,,31.254767,34.762418
באר שבע,רוזן פנחס,9,שכונת יא,31.262162,34.764571
באר שבע,צביה ויצחק,31,שכונת נחל בקע,31.224198,34.779707
באר שבע,אוליצקי אריה,8,שכונת נווה מנחם,31.259150,34.758303
באר שבע,ארדון מרדכי,2,,31.247893,34.757803
באר שבע,פרטוש עדן,33,,31.222842,34.775106
באר שבע,בוסקוביץ אלכסנדר,9,,31.219724,34.774043
באר שבע,תקוע יוסף,71,,31.277238,34.818595
באר שבע,הרב קפאח,1,שכונת נאות לון,31.251872,34.765486
באר שבע,קדש,20,שכונת ד,31.267581,34.797431
באר שבע,קרן קיימת לישראל,20,שכונת עיר עתיקה,31.237916,34.792086
באר שבע,שבזי,9,שכונת א,31.248380,34.796123
באר שבע,אבן שפרוט,2,שכונת נאות לון,31.250843,34.763703
באר שבע,השופט אלקיים,11,שכונת נאות לון,31.242390,34.764142
באר שבע,הפלס,6,,31.227712,34.810553
באר שבע,בר יוחאי,8,שכונת ד,31.273299,34.795663
באר שבע,שרה אמנו,21,שכונת עיר עתיקה,31.240429,34.786475
באר שבע,אולשן יצחק,23,,31.269340,34.774069
באר שבע,מבצע אסף,17,שכונת נווה זאב,31.236992,34.779586
באר שבע,דינור בן-ציון,18,,31.258633,34.761271
באר שבע,מבצע חירם,39,,31.260378,34.782093
באר שבע,מבצע נחשון,28,שכונת ו,31.259463,34.784700
באר שבע,רחבת אלכסנדרוני,2,,31.265329,34.777619
באר שבע,אורן,4,שכונת נווה נוי,31.231427,34.784490
באר שבע,גרשון,44,,31.243391,34.789462
באר שבע,בנימין,3,שכונת עיר עתיקה,31.239540,34.784166
באר שבע,יפה אברהם,28,,31.284997,34.807849
באר שבע,זינדר חמדה וצבי,40,,31.224817,34.775239
באר שבע,"חז""ל",26,שכונת ד,31.257894,34.793716
באר שבע,אבן-שושן אברהם,43,שכונת נאות לון,31.243259,34.759987
באר שבע,האוזנר גדעון,27,שכונת רמות הרכס,31.287467,34.804946
באר שבע,חכים אליהו,36,,31.272813,34.814223
באר שבע,אבן-שושן אברהם,83,,31.244990,34.758424
באר שבע,אורות ישראל,40,,31.235457,34.762026
באר שבע,שופמן גרשון,3,שכונת נווה זאב,31.237906,34.775177
באר שבע,מורדי הגטאות,119,,31.240737,34.791853
באר שבע,יוחנן הורקנוס,67,שכונת ד,31.267247,34.795988
באר שבע,בנטואיץ יוסף,18,שכונת רמות,31.269017,34.806475
באר שבע,רחבת מבצע קילשון,12,שכונת ו,31.264181,34.780714
באר שבע,ילין דוד,32,,31.272554,34.805681
באר שבע,האוזנר גדעון,55,שכונת רמות הרכס,31.288335,34.806987
באר שבע,דנציגר יצחק,5,,31.245011,34.762007
באר שבע,אנקור,46,,31.231895,34.771625
באר שבע,"המהר""ל",3,,31.267059,34.782260
באר שבע,רחבת הרב קוק,21,שכונת יא,31.257316,34.771582
באר שבע,עמוס,6,שכונת עיר עתיקה,31.236316,34.785275
באר שבע,מבצע נחשון,85,שכונת ד,31.263898,34.787267
באר שבע,זהרי מיכאל,22,שכונת רמות,31.274252,34.802962
באר שבע,אנקור,60,,31.231311,34.771837
באר שבע,דרך שמשון,10,שכונת ב,31.256123,34.780540
באר שבע,רופין ארתור,83,,31.264213,34.766742
באר שבע,זריצקי יוסף,33,,31.261075,34.761848
באר שבע,יאיר,63,,31.241877,34.789799
באר שבע,צבר,9,שכונת נווה נוי,31.233503,34.793927
באר שבע,יחיל חיים,2,שכונת מרכז אזרחי,31.243789,34.800620
באר שבע,ברזילי ישראל,14,,31.259008,34.761377
באר שבע,סגל צבי,28,,31.271222,34.805354
באר שבע,אירוס הנגב,11,,31.229380,34.796138
באר שבע,פרנק ג'ימס,1,שכונת רמות,31.273939,34.800065
באר שבע,העליה,7,,31.251164,34.781531
באר שבע,חזן יעקב,43,שכונת רמות,31.275409,34.816906
באר שבע,ולבר יצחק,63,,31.242583,34.762883
באר שבע,רחבת יעל,7,שכונת ו,31.262125,34.775281
באר שבע,ברגסון אנרי,16,שכונת רמות,31.271839,34.806794
באר שבע,רחל אמנו,15,שכונת נווה מנחם,31.269317,34.765613
באר שבע,רופין ארתור,55,,31.265008,34.767378
באר שבע,אלפסי,15,שכונת יא,31.257788,34.772907
באר שבע,סתונית,17,,31.228559,34.779096
באר שבע,משעול מבצע יונתן,22,שכונת ו,31.265581,34.782671
באר שבע,בז,11,,31.230365,34.772471
באר שבע,בוסקוביץ אלכסנדר,19,שכונת נחל בקע,31.220685,34.772665
באר שבע,ההגנה,2,שכונת עיר עתיקה,31.236825,34.783506
באר שבע,הדסה,33,,31.239753,34.791502
באר שבע,שפרה,4,שכונת נווה מנחם,31.270296,34.764157
באר שבע,האבות,80,שכונת עיר עתיקה,31.240780,34.785298
באר שבע,מתתיהו,3,שכונת עיר עתיקה,31.241082,34.784600
באר שבע,הזז חיים,6,שכונת ב,31.253916,34.796504
באר שבע,קציר אהרון,45,,31.273169,34.808142
באר שבע,הגדודים,46,,31.234690,34.783217
באר שבע,זמנהוף,29,שכונת נווה מנחם,31.264447,34.761120
באר שבע,שיבטה,3,שכונת ט,31.244076,34.769804
באר שבע,מורדי הגטאות,54,שכונת עיר עתיקה,31.238723,34.790226
באר שבע,פרטוש עדן,49,שכונת נחל בקע,31.224028,34.776340
באר שבע,יוספטל גיורא,7,שכונת ד,31.270756,34.796320
באר שבע,וילנסקי משה,9,,31.244298,34.761925
באר שבע,החורש,8,,31.217431,34.813155
באר שבע,יפה אברהם,54,,31.285931,34.807193
באר שבע,דרך שמשון,5,שכונת ה,31.251996,34.785439
באר שבע,קלצ'קין רפאל,74,,31.268365,34.768722
באר שבע,לסקר פרץ,4,שכונת נווה מנחם,31.266568,34.757239
באר שבע,ברוור אברהם,95,,31.275516,34.806919
באר שבע,פטנקין דן,40,,31.247541,34.759308
באר שבע,"שח""ל",35,שכונת א,31.244851,34.792512
באר שבע,רחבת מבצע ארז,15,שכונת ו,31.265520,34.782069
באר שבע,קרן קיימת לישראל,72,שכונת עיר עתיקה,31.238799,34.790908
באר שבע,מבצע חירם,41,,31.260488,34.781979
באר שבע,נחום,1,שכונת עיר עתיקה,31.235923,34.783908
באר שבע,החלוץ,14,שכונת עיר עתיקה,31.236968,34.787756
באר שבע,רוטנשטרייך,41,,31.281989,34.797347
באר שבע,העליה,80,שכונת ה,31.257304,34.776274
באר שבע,וילנר אריה,1,שכונת נחל בקע,31.223196,34.779403
באר שבע,הכותל המערבי,17,שכונת א,31.247243,34.787583
באר שבע,הרב ריינס,26,,31.263434,34.760223
באר שבע,ויטנברג יצחק,7,שכונת נחל בקע,31.224704,34.780244
באר שבע,רחבת ימית,14,שכונת ט,31.244422,34.772260
באר שבע,חסמן מרק,17,,31.264171,34.754241
באר שבע,חטיבת הנגב,26,שכונת עיר עתיקה,31.238825,34.784259
באר שבע,סמילנסקי,13,שכונת עיר עתיקה,31.236843,34.788121
באר שבע,רודנסקי שמואל,30,,31.271168,34.772379
באר שבע,הרב שושנה,6,,31.283272,34.797489
באר שבע,הגאולים,18,,31.248582,34.804395
באר שבע,נטר,32,שכונת רמות,31.273002,34.825939
באר שבע,אבן עזרא,6,שכונת ד,31.270901,34.786838
באר שבע,סמילנסקי,62,שכונת עיר עתיקה,31.239420,34.784789
באר שבע,שטיינברג יהודה,34,שכונת ו,31.268305,34.771671
באר שבע,דרור,45,שכונת פלח שבע,31.226624,34.768584
באר שבע,בן דוד יוסף,12,,31.272906,34.801259
באר שבע,עמיר אנדה,30,,31.271683,34.766837
באר שבע,האבות,59,,31.239856,34.786238
באר שבע,אבן-שושן אברהם,125,,31.247632,34.757568
באר שבע,פלדברג שמואל,28,,31.274471,34.825365
באר שבע,גרינשפן הרשל,28,שכונת נווה מנחם,31.268350,34.757350
באר שבע,סמילנסקי,51,,31.238220,34.786169
באר שבע,סנהדרין,44,שכונת ד,31.272192,34.793806
באר שבע,ברגסון אנרי,9,שכונת רמות,31.271997,34.806389
באר שבע,דוד הראובני,11,שכונת נווה מנחם,31.264681,34.765152
באר שבע,בוסקוביץ אלכסנדר,1,,31.219505,34.774351
באר שבע,דוד אלעזר,17,שכונת ו,31.266846,34.775490
באר שבע,אמנון,6,,31.266058,34.765934
באר שבע,אדמון ידידיה,33,,31.220185,34.772947
באר שבע,זבולון,9,שכונת עיר עתיקה,31.237676,34.782263
באר שבע,ברטונוב יהושע,12,,31.269648,34.770610
באר שבע,הגאונים,30,שכונת נאות לון,31.253403,34.761611
באר שבע,רבקה,46,שכונת נווה מנחם,31.270290,34.762083
באר שבע,הצדיק מירושלים,60,,31.273862,34.787084
באר שבע,לוריא צבי,13,שכונת רמות,31.267603,34.810574
באר שבע,"חז""ל",61,שכונת ב,31.257418,34.792018
באר שבע,חיבת ציון,1,שכונת ג,31.253540,34.810808
באר שבע,העליה,37,,31.254439,34.780630
באר שבע,אלבק חנוך,15,,31.271577,34.804127
באר שבע,החלוץ,101,,31.240873,34.791044
באר שבע,קלצ'קין רפאל,92,שכונת נווה מנחם,31.269136,34.768188
באר שבע,פריץ אלברט,4,,31.266914,34.770790
באר שבע,אנקור,12,שכונת נווה זאב,31.231626,34.772675
באר שבע,ייבין יהושע,8,שכונת נווה זאב,31.238386,34.766242
באר שבע,רחבת יעל,5,שכונת ו,31.262081,34.775390
באר שבע,מקלף מרדכי,48,שכונת ו,31.268982,34.776793
באר שבע,פריבס משה,16,שכונת רמות הרכס,31.279103,34.798749
באר שבע,מיכאלסון יצחק,30,שכונת רמות,31.267866,34.808211
באר שבע,נרקיס,38,,31.228426,34.795707
באר שבע,נרקיס,33,,31.228644,34.795382
באר שבע,חגלה,16,שכונת ה,31.249007,34.783188
באר שבע,המר זבולון,41,שכונת רמות,31.267415,34.811886
באר שבע,אייזנשטדט,22,,31.277057,34.823698
באר שבע,בית אשל,25,שכונת עיר עתיקה,31.237999,34.792306
באר שבע,צונדק ברנרד והרמן,8,שכונת רמות,31.268882,34.808604
באר שבע,טוב משה,12,,31.266389,34.759139
באר שבע,טלמון יעקב,3,,31.265765,34.770537
באר שבע,אבישי,17,,31.261748,34.778643
באר שבע,בנטוב מרדכי,12,,31.256971,34.765688
באר שבע,גלילי ישראל,1,שכונת רמות הרכס,31.282492,34.803223
באר שבע,ריבי איזידור,6,,31.273256,34.800634
באר שבע,הרב הרצוג,22,שכונת יא,31.261048,34.767873
באר שבע,התלמוד,32,שכונת ד,31.270411,34.788050
באר שבע,רימלט אלימלך,13,שכונת יא,31.261802,34.765263
באר שבע,אהרליך פאול,21,שכונת רמות,31.269845,34.808658
באר שבע,דרך שמשון,28,שכונת ב,31.256748,34.779024
באר שבע,סדן דב,9,שכונת רמות,31.268889,34.805987
באר שבע,קציר אהרון,13,שכונת רמות,31.271843,34.808996
באר שבע,ולבר יצחק,49,,31.241899,34.762747
באר שבע,שנונית,15,שכונת ה,31.250050,34.779423
באר שבע,סרלין יוסף,13,,31.260277,34.762989
באר שבע,מורדי הגטאות,27,,31.237513,34.788785
באר שבע,השלום,83,,31.253139,34.809159
באר שבע,גרינשפן הרשל,39,שכונת נווה מנחם,31.267626,34.757194
באר שבע,שיזף,11,,31.231859,34.792472
באר שבע,גוש עציון,36,,31.258269,34.807079
באר שבע,בן סרוק מנחם,1,שכונת נאות לון,31.251822,34.762860
באר שבע,פינקל שמעון,92,שכונת נווה מנחם,31.265409,34.753695
באר שבע,רודנסקי שמואל,38,שכונת נווה מנחם,31.271485,34.772193
באר שבע,פיינשטיין מאיר,5,שכונת רמות,31.267424,34.815461
באר שבע,הנוקם,3,שכונת עיר עתיקה,31.242269,34.783977
באר שבע,מלאכי,2,שכונת עיר עתיקה,31.236883,34.785241
באר שבע,הנוטר,17,,31.253545,34.804550
באר שבע,פרופ' שיבא,29,,31.259607,34.758174
באר שבע,ילין דוד,55,שכונת רמות,31.271454,34.805892
באר שבע,החלוץ,130,שכונת מרכז אזרחי,31.242088,34.792487
באר שבע,המדע,27,,31.271866,34.807148
באר שבע,לסקר פרץ,24,שכונת נווה מנחם,31.265725,34.756497
באר שבע,חסמן מרק,16,,31.265048,34.753860
באר שבע,רחבת איבצן,1,שכונת ו,31.262763,34.777624
באר שבע,סוקולוב,2,שכונת א,31.248578,34.792019
באר שבע,הקוצר,13,שכונת עמק שרה,31.213243,34.811232
באר שבע,אדמון ידידיה,38,שכונת נחל בקע,31.221356,34.771458
באר שבע,רודנסקי שמואל,69,שכונת נווה מנחם,31.271622,34.769671
באר שבע,זהרי מיכאל,14,,31.273863,34.802653
באר שבע,צונדק ברנרד והרמן,40,שכונת רמות,31.270887,34.809882
באר שבע,תקוע יוסף,93,,31.277140,34.819323
באר שבע,בדר יוחנן,52,שכונת רמות,31.273586,34.825432
באר שבע,אהוד בן גרא,7,שכונת עיר עתיקה,31.240957,34.780972
באר שבע,נויפלד הנרי,9,שכונת רמות,31.269019,34.807560
באר שבע,שאול המלך,133,,31.258404,34.770408
באר שבע,הגנן,22,,31.218333,34.809170
באר שבע,צבעוני,44,,31.228878,34.779490
באר שבע,יפתח הגלעדי,28,,31.241701,34.779387
באר שבע,אמיר אברהם,27,,31.276850,34.824725
באר שבע,טוב משה,9,,31.266306,34.759420
באר שבע,עכו,15,שכונת נאות לון,31.251421,34.768358
באר שבע,בן-חור אליהו,3,שכונת ו,31.264435,34.774132
באר שבע,יסמין,18,,31.231609,34.792920
באר שבע,לאה,66,,31.270208,34.761215
באר שבע,רופין ארתור,2,שכונת יא,31.263527,34.768294
באר שבע,רחבת איבצן,28,,31.263695,34.777506
באר שבע,פרנק ג'ימס,18,שכונת רמות,31.274321,34.800601
באר שבע,שופט אברהם,46,שכונת רמות,31.266619,34.813897
באר שבע,"הכ""ג",22,,31.249656,34.805518
באר שבע,מזר בנימין,65,שכונת נאות לון,31.245086,34.758970
באר שבע,קציר אהרון,48,,31.274177,34.807758
באר שבע,עבדת,37,שכונת ט,31.244000,34.766772
באר שבע,אבן-שושן אברהם,95,,31.245752,34.758029
באר שבע,דה-שליט עמוס,25,,31.272448,34.807232
באר שבע,שיבטה,15,שכונת ט,31.244728,34.768646
באר שבע,עורב,12,שכונת ה,31.249575,34.781515
באר שבע,ארבע הגיבורות,3,,31.223538,34.780555
באר שבע,רחבת מבצע ארז,6,שכונת ו,31.266050,34.781465
באר שבע,זמיר ישעיהו,37,,31.274146,34.818048
באר שבע,שד ירושלים,7,שכונת ט,31.245334,34.779032
באר שבע,בזל,27,שכונת א,31.248622,34.786846
באר שבע,סרלין יוסף,11,,31.260330,34.763260
באר שבע,שתל יצחק,24,שכונת רמות,31.277484,34.821509
באר שבע,גת,6,שכונת נאות לון,31.246596,34.767980
באר שבע,הגאונים,27,שכונת נאות לון,31.253862,34.761400
באר שבע,קהירי,31,שכונת רמות הרכס,31.283034,34.801927
באר שבע,גרשם שלום,29,שכונת רמות,31.270936,34.805456
באר שבע,רחבת מבצע ברוש,5,שכונת ו,31.265543,34.785481
באר שבע,מבצע עובדה,26,שכונת ו,31.259928,34.777302
באר שבע,חכים אליהו,29,,31.272056,34.812394
באר שבע,רובינא חנה,25,,31.270396,34.770734
באר שבע,פרטוש עדן,27,,31.221889,34.773942
באר שבע,קהירי,27,שכונת רמות הרכס,31.283478,34.802594
באר שבע,יוחנן הורקנוס,28,שכונת ד,31.265652,34.795613
באר שבע,האבות,20,שכונת עיר עתיקה,31.237843,34.789797
באר שבע,אסא,15,,31.261709,34.781515
באר שבע,שטיינברג יהודה,26,,31.268471,34.772029
באר שבע,שיבטה,6,שכונת ט,31.243967,34.770199
באר שבע,גרשון,14,שכונת עיר עתיקה,31.240981,34.792595
באר שבע,דנציגר יצחק,20,שכונת נאות לון,31.245405,34.761723
באר שבע,הרב קפאח,5,שכונת נאות לון,31.251921,34.765129
באר שבע,יונה הנביא,1,שכונת עיר עתיקה,31.238384,34.784270
באר שבע,בר ניסן,50,שכונת נווה זאב,31.240110,34.766053
באר שבע,הכט ראובן,69,,31.274712,34.816656
באר שבע,קלצ'קין רפאל,53,שכונת נווה מנחם,31.268212,34.767898
באר שבע,שטיינברג יהודה,56,,31.267716,34.770745
באר שבע,אלבק חנוך,29,,31.271908,34.804891
באר שבע,חרדון,18,שכונת ה,31.249462,34.778627
באר שבע,קרן קיימת לישראל,85,,31.238504,34.790590
באר שבע,וירשובסקי חיים,16,שכונת רמות,31.268908,34.805223
באר שבע,אבידום מנחם,29,,31.221530,34.773641
באר שבע,רמלה,23,שכונת ט,31.242395,34.766785
באר שבע,שירמן חיים,30,,31.272710,34.806050
באר שבע,מזר בנימין,62,,31.246800,34.759781
באר שבע,טוב משה,10,,31.266485,34.759144
באר שבע,"רחבת לח""י",54,שכונת ו,31.263798,34.776838
באר שבע,האוזנר גדעון,8,שכונת רמות הרכס,31.286240,34.805344
באר שבע,רחבת מולדת,4,שכונת ה,31.255453,34.778951
באר שבע,יוחנן הורקנוס,49,שכונת ד,31.266819,34.795807
באר שבע,טווס,8,,31.278353,34.822932
באר שבע,רחל אמנו,64,שכונת נווה מנחם,31.271586,34.763344
באר שבע,סלמה,7,שכונת ד,31.261189,34.796985
באר שבע,כלנית,29,שכונת נווה נוי,31.232700,34.780926
באר שבע,הלפרין,2,שכונת ג,31.251564,34.804268
באר שבע,דרך מצדה,23,שכונת ד,31.258171,34.794206
באר שבע,הרב גורן שלמה,53,שכונת נאות לון,31.245051,34.764255
באר שבע,רחבת אחזיה,1,שכונת ו,31.264268,34.784928
באר שבע,גלעד,35,שכונת ד,31.268692,34.794207
באר שבע,מקלף מרדכי,1,שכונת ד,31.264509,34.786610
באר שבע,חזמה יעקב,22,שכונת נחל בקע,31.222155,34.775056
באר שבע,רבנו תם,37,שכונת ד,31.270756,34.784668
באר שבע,גומא,1,שכונת נווה נוי,31.231245,34.785526
באר שבע,הרב גורן שלמה,61,שכונת נאות לון,31.245343,34.764765
באר שבע,שד ירושלים,5,,31.245047,34.780553
באר שבע,שד ירושלים,25,שכונת ט,31.245339,34.777282
באר שבע,אלישבע,14,,31.270692,34.769186
באר שבע,יפתח הגלעדי,13,,31.240873,34.780134
באר שבע,"רחבת השל""ה",10,שכונת יא,31.257607,34.769943
באר שבע,רחבת מבצע ארז,13,שכונת ו,31.265527,34.781977
באר שבע,בית אשל,26,שכונת עיר עתיקה,31.237820,34.792531
באר שבע,הר בקע,5,,31.275819,34.809071
באר שבע,ולבר יצחק,9,שכונת נאות לון,31.242032,34.764824
באר שבע,סלנט שמואל,15,שכונת ו,31.267185,34.780451
באר שבע,"החיד""א",55,,31.253684,34.768408
באר שבע,המדע,82,שכונת רמות,31.272293,34.807288
באר שבע,תמיר שמואל,11,,31.263425,34.765647
באר שבע,רחבת בן נון,39,שכונת ו,31.262781,34.776155
באר שבע,זמנהוף,5,שכונת נווה מנחם,31.265420,34.762130
באר שבע,אהרליך פאול,3,שכונת רמות,31.270114,34.807852
באר שבע,דרך מצדה,162,שכונת ו,31.258777,34.782414
באר שבע,חגלה,8,שכונת ה,31.248573,34.782745
באר שבע,זמנהוף,4,שכונת נווה מנחם,31.265488,34.761898
באר שבע,צבר,26,,31.231554,34.794381
באר שבע,קהירי,10,שכונת רמות הרכס,31.285469,34.800865
באר שבע,"רמב""ן",34,,31.271670,34.784418
באר שבע,יששכר,3,שכונת עיר עתיקה,31.238320,34.781937
באר שבע,אהרוני יוחנן,1,,31.274133,34.805551
באר שבע,שיפר יצחק,5,שכונת ד,31.271521,34.798828
באר שבע,וילנסקי משה,59,,31.246841,34.760538
באר שבע,ארן זלמן,9,,31.255700,34.761483
באר שבע,דרך המשחררים,14,שכונת ב,31.251725,34.795204
באר שבע,יציאת אירופה,3,,31.253072,34.782626
באר שבע,אברבנאל,10,שכונת יא,31.254797,34.770201
באר שבע,רחל אמנו,48,,31.271330,34.764183
באר שבע,אבנר,37,שכונת ו,31.259971,34.777906
באר שבע,רחל המשוררת,15,שכונת ב,31.253610,34.794093
באר שבע,הפלס,30,שכונת עמק שרה,31.226085,34.810546
באר שבע,עכו,52,שכונת נאות לון,31.251794,34.766327
באר שבע,די זהב אפרים,49,שכונת נחל בקע,31.223963,34.774175
באר שבע,סלעית,9,שכונת ה,31.248840,34.782143
באר שבע,גרשון,15,,31.240681,34.792607
באר שבע,צביה ויצחק,38,שכונת נחל בקע,31.223889,34.779556
באר שבע,זלפה,1,,31.269394,34.763863
באר שבע,אלכסנדר ינאי,3,שכונת ד,31.262643,34.796368
באר שבע,סביון,27,שכונת נווה נוי,31.233067,34.779089
באר שבע,הרב קפאח,25,שכונת נאות לון,31.252405,34.763108
באר שבע,רחבת אמציה,10,שכונת ו,31.264732,34.784738
באר שבע,פלוסר דוד,8,,31.246291,34.761279
באר שבע,שד מרש יעקב,13,שכונת רמות,31.266016,34.810752
באר שבע,בצלאל,19,שכונת ב,31.252725,34.789624
באר שבע,החלוץ,35,,31.238060,34.788297
באר שבע,זרובבל,13,,31.264617,34.763651
באר שבע,"ד""ר טיכו",26,,31.261457,34.757987
באר שבע,ילן-שטקליס מרים,5,,31.271072,34.771093
באר שבע,סמילן רות,35,,31.222946,34.774570
באר שבע,בר יוחאי,42,שכונת ד,31.273267,34.794711
באר שבע,רייק חביבה,31,שכונת ג,31.258241,34.808196
באר שבע,שלדג,11,,31.231079,34.763920
באר שבע,כפר הדרום,19,שכונת עיר עתיקה,31.237005,34.786586
באר שבע,גוש עציון,28,שכונת ג,31.256777,34.806831
באר שבע,הרב גורן שלמה,45,שכונת נאות לון,31.244981,34.764764
באר שבע,לברי מרק,25,,31.221683,34.774315
באר שבע,רחבת גדעון,5,שכונת ו,31.262809,34.778976
באר שבע,לוזון אפרים,71,שכונת נווה מנחם,31.266729,34.757060
באר שבע,אדמון ידידיה,22,,31.220184,34.773289
באר שבע,חיבת ציון,42,שכונת ג,31.253366,34.811382
באר שבע,החלוץ,72,שכונת עיר עתיקה,31.239034,34.789510
באר שבע,חזמה יעקב,25,,31.222090,34.774725
באר שבע,הר מירון,4,,31.276976,34.810339
באר שבע,יוחנן הורקנוס,44,שכונת ד,31.266036,34.795886
באר שבע,אמיר אברהם,70,שכונת רמות,31.277689,34.824076
באר שבע,סרלין יוסף,6,,31.259681,34.762934
באר שבע,הלפרין,19,,31.261963,34.755737
באר שבע,פריד אלפרד,21,שכונת רמות,31.271934,34.802543
באר שבע,חטיבת הנגב,46,שכונת עיר עתיקה,31.240048,34.785673
באר שבע,שטה,31,שכונת נווה נוי,31.231687,34.791315
באר שבע,הרב עדני,28,שכונת נאות לון,31.253205,34.764117
באר שבע,הזוהר,18,,31.271289,34.788533
באר שבע,ברוידס אברהם,12,,31.266082,34.755785
באר שבע,לישנסקי יוסף,6,שכונת נווה מנחם,31.267335,34.759110
באר שבע,החלוץ,93,,31.240582,34.790760
באר שבע,"ד""ר טיכו",36,שכונת נווה מנחם,31.261807,34.757633
באר שבע,עבדת,9,שכונת נאות לון,31.246188,34.766940
באר שבע,שד רגר יצחק,104,שכונת ד,31.264438,34.798353
באר שבע,רחל אמנו,75,שכונת נווה מנחם,31.270570,34.762140
באר שבע,קרן קיימת לישראל,95,,31.238555,34.790408
באר שבע,אמיר אברהם,19,,31.276238,34.824356
באר שבע,דובדבן,38,,31.287172,34.798560
באר שבע,הר תבור,23,,31.277419,34.809542
באר שבע,שלמה המלך,67,שכונת ד,31.259854,34.794915
באר שבע,"הפלמ""ח",123,שכונת עיר עתיקה,31.241677,34.784972
באר שבע,רובינא חנה,12,,31.270642,34.770679
באר שבע,ההגנה,15,שכונת עיר עתיקה,31.238170,34.785223
באר שבע,אלעזר בן יאיר,15,שכונת ד,31.262855,34.791416
באר שבע,אברמסון שרגא,4,,31.276766,34.798243
באר שבע,ברדיצ'ב אבא,3,,31.225676,34.779317
באר שבע,חובב משה,6,שכונת נחל בקע,31.219874,34.773760
באר שבע,הרב גורן שלמה,57,שכונת נאות לון,31.245323,34.764508
באר שבע,המדע,62,,31.271406,34.807707
באר שבע,ברק,19,,31.241955,34.780493
באר שבע,קדיש לוז,18,שכונת יא,31.257083,34.764315
באר שבע,רנה קסן,62,,31.275621,34.802518
באר שבע,"רמב""ן",57,שכונת ד,31.271266,34.783118
באר שבע,הכותל המערבי,23,שכונת א,31.247010,34.786872
באר שבע,חבצלת הנגב,57,,31.233580,34.788316
באר שבע,ארניה אסוולדו,29,שכונת ד,31.266938,34.801928
באר שבע,בית שאן,122,שכונת נאות לון,31.247648,34.767704
באר שבע,"הפלמ""ח",87,שכונת עיר עתיקה,31.239745,34.787625
באר שבע,מזר בנימין,26,,31.244072,34.760182
באר שבע,יאיר,15,,31.239795,34.792586
באר שבע,סלנט שמואל,17,שכונת ו,31.267095,34.780376
באר שבע,בר יוחאי,17,שכונת ד,31.272923,34.795101
באר שבע,הרב קפאח,18,שכונת נאות לון,31.252555,34.763831
באר שבע,בית שאן,76,שכונת נאות לון,31.248634,34.767552
באר שבע,אלחריזי,20,שכונת נאות לון,31.251910,34.763828
באר שבע,אוליצקי אריה,6,שכונת נווה מנחם,31.259260,34.758328
באר שבע,גיבתון חנוך,9,שכונת נחל בקע,31.223298,34.777732
באר שבע,תמיר שמואל,5,,31.263812,34.766015
באר שבע,בזל,4,שכונת א,31.248489,34.790217
באר שבע,חטיבת הנגב,51,,31.240729,34.785722
באר שבע,אפק,11,שכונת ט,31.243396,34.766388
באר שבע,פיקרד,98,,31.279435,34.801671
באר שבע,אליהו הנביא,22,שכונת ד,31.265875,34.792827
באר שבע,ויטנברג יצחק,12,,31.224970,34.780410
באר שבע,החלוץ,84,,31.239491,34.789982
באר שבע,ארנון יצחק,5,,31.269503,34.771094
באר שבע,ארן זלמן,59,,31.257040,34.759816
באר שבע,דה-שליט עמוס,10,,31.271688,34.808051
באר שבע,בן יעקב צבי,9,שכונת נחל בקע,31.225674,34.777995
באר שבע,דיה,45,,31.231261,34.761489
באר שבע,די זהב אפרים,11,,31.222205,34.776488
באר שבע,דרך המשחררים,33,שכונת ב,31.251439,34.794086
באר שבע,אביתר הכהן,9,,31.267281,34.765844
באר שבע,נעמי,10,,31.269025,34.764486
באר שבע,פלדברג שמואל,10,,31.275336,34.824595
באר שבע,רינגלבלום,16,שכונת ד,31.267315,34.800528
באר שבע,חזני מיכאל,44,,31.263024,34.770377
באר שבע,נאות הככר,17,שכונת ה,31.247740,34.781129
באר שבע,"הפלמ""ח",61,,31.238539,34.789153
באר שבע,דרך המשחררים,96,שכונת ה,31.249589,34.783801
באר שבע,קרן קיימת לישראל,179,,31.239508,34.789148
באר שבע,עליאש מרדכי,22,,31.254614,34.806585
באר שבע,שד רגר יצחק,108,שכונת ד,31.264837,34.798391
באר שבע,החלוץ,110,שכונת עיר עתיקה,31.241014,34.791409
באר שבע,החלוץ,78,,31.239280,34.789709
באר שבע,שלמה המלך,43,שכונת ד,31.259753,34.795812
באר שבע,ברוידס אברהם,4,,31.266238,34.756209
באר שבע,המסגר,6,,31.224069,34.810657
באר שבע,הדעת,86,שכונת רמות,31.271440,34.803512
באר שבע,אפרת יעקב,1,,31.270138,34.772398
באר שבע,שמעון בר גיורא,59,שכונת ד,31.259635,34.788273
באר שבע,ונטורה,5,,31.223224,34.800679
באר שבע,טרומפלדור,24,,31.237444,34.790359
באר שבע,פריץ אלברט,19,,31.266193,34.770117
באר שבע,שד ירושלים,85,שכונת ט,31.246033,34.773354
באר שבע,רחבת שמגר השופט,20,שכונת ו,31.262397,34.776030
באר שבע,פינקל שמעון,26,שכונת נווה מנחם,31.264354,34.756882
באר שבע,מקלף מרדכי,3,שכונת ד,31.264979,34.786485
באר שבע,פרץ י ל,30,שכונת נווה זאב,31.241398,34.778491
באר שבע,דרך מצדה,266,,31.253477,34.770872
באר שבע,פריבס משה,20,שכונת רמות הרכס,31.279602,34.798554
באר שבע,בזל,1,,31.247597,34.790163
באר שבע,שיבטה,34,שכונת ט,31.244831,34.769006
באר שבע,שרת משה,50,,31.259600,34.769703
באר שבע,בן חיים פאול,53,,31.223959,34.774717
באר שבע,רחבת הרב עוזיאל,7,שכונת יא,31.254841,34.771027
באר שבע,המרד,27,,31.270194,34.814828
באר שבע,זרחין אלכסנדר,8,שכונת רמות,31.274665,34.805583
באר שבע,ביאליק,143,שכונת א,31.246462,34.787916
באר שבע,דרך מצדה,42,שכונת ד,31.258624,34.791655
באר שבע,ברוידס אברהם,9,שכונת נווה מנחם,31.266109,34.756440
באר שבע,דרך מצדה,190,שכונת ו,31.259266,34.777587
באר שבע,חכים אליהו,8,,31.271837,34.814295
באר שבע,ז'בוטינסקי זאב,11,שכונת ג,31.249095,34.808871
באר שבע,הכותל המערבי,11,שכונת א,31.247625,34.788164
באר שבע,המלכים,22,שכונת נווה מנחם,31.264945,34.757573
באר שבע,משעול גבעון,10,,31.245141,34.775507
באר שבע,פרופ' שיבא,23,,31.259783,34.758662
באר שבע,הזוהר,16,,31.271257,34.788487
באר שבע,משעול מבצע יונתן,30,שכונת ו,31.265292,34.782848
באר שבע,די זהב אפרים,41,שכונת נחל בקע,31.223527,34.774803
באר שבע,פרופ' שיבא,69,שכונת נווה מנחם,31.260547,34.756266
באר שבע,שיזף,25,שכונת נווה נוי,31.231830,34.791305
באר שבע,יאיר,39,,31.240975,34.791053
באר שבע,מבצע יואב,43,,31.261160,34.779791
באר שבע,זהרי מיכאל,23,שכונת רמות,31.274502,34.802793
באר שבע,רחל אמנו,23,שכונת נווה מנחם,31.269643,34.765375
באר שבע,שפרה,17,,31.270506,34.763208
באר שבע,"חז""ל",38,שכונת ד,31.257831,34.793001
באר שבע,יאיר,20,,31.240431,34.792091
באר שבע,העליה,32,,31.254255,34.781813
באר שבע,די זהב אפרים,26,,31.223428,34.775327
באר שבע,נגבה,29,שכונת עיר עתיקה,31.239953,34.784965
באר שבע,עמיצור שמשון,4,שכונת רמות הרכס,31.280460,34.798205
באר שבע,ילן-שטקליס מרים,21,שכונת נווה מנחם,31.270888,34.769148
באר שבע,הר חרמון,12,,31.273899,34.811126
באר שבע,פרץ י ל,27,שכונת נווה זאב,31.240691,34.778422
באר שבע,אלמוג,5,שכונת נווה נוי,31.230062,34.785668
באר שבע,שלשת בני עין חרוד,53,,31.238517,34.791811
באר שבע,מבצע חורב,31,,31.261928,34.784783
באר שבע,רחבת אמציה,3,שכונת ו,31.264227,34.783750
באר שבע,ולבר יצחק,43,,31.241551,34.762942
באר שבע,טולידנו,6,שכונת ו,31.267214,34.779185
באר שבע,נרקיס,41,,31.228960,34.796037
באר שבע,"הפלמ""ח",18,,31.238254,34.790229
באר שבע,הדעת,22,שכונת רמות,31.268058,34.807492
באר שבע,דה-שליט עמוס,38,,31.273102,34.807277
באר שבע,רחל אמנו,33,,31.270381,34.764372
באר שבע,מונטיפיורי,9,שכונת א,31.249119,34.795625
באר שבע,דרך המשחררים,111,שכונת א,31.249261,34.784269
באר שבע,הדסה,62,שכונת עיר עתיקה,31.240889,34.790328
באר שבע,זמורה משה,4,,31.269792,34.776403
באר שבע,מוריה,9,שכונת א,31.247907,34.784347
באר שבע,ברני רוברט,5,,31.270715,34.808354
באר שבע,בן דוד יוסף,7,שכונת רמות,31.273124,34.800879
באר שבע,אירוס הנגב,69,,31.228369,34.790889
באר שבע,הנגבי,10,שכונת רמות הרכס,31.284691,34.805044
באר שבע,שלונסקי,3,,31.252263,34.774367
באר שבע,?,75,שכונת ב,31.258794,34.788100
באר שבע,רוטנברג,13,שכונת ד,31.259011,34.808435
באר שבע,בן לברט,16,שכונת נאות לון,31.251146,34.762735
באר שבע,כפר הדרום,42,,31.237878,34.785748
באר שבע,הרב עדני,48,שכונת נאות לון,31.253434,34.763007
באר שבע,תמיר שמואל,7,שכונת יא,31.263699,34.765886
באר שבע,גורדון א ד,1,שכונת א,31.247607,34.794968
באר שבע,אנילביץ,21,,31.237669,34.788233
באר שבע,קציר אהרון,61,,31.273862,34.807664
באר שבע,קרן קיימת לישראל,36,שכונת עיר עתיקה,31.238043,34.791839
באר שבע,ינשוף,11,,31.229892,34.765730
באר שבע,הפלדה,28,שכונת עמק שרה,31.223306,34.811213
באר שבע,ויתקון אלפרד,3,,31.270735,34.778286
באר שבע,בז,71,,31.229779,34.770970
באר שבע,אלוף יריב אהרון,5,שכונת רמות,31.266555,34.811828
באר שבע,די זהב אפרים,51,שכונת נחל בקע,31.224035,34.774149
באר שבע,גרינבוים יצחק,7,שכונת יא,31.261497,34.765151
באר שבע,"חז""ל",34,שכונת ד,31.257813,34.793158
באר שבע,שמעון בר גיורא,45,שכונת ד,31.259669,34.790068
באר שבע,הכט ראובן,24,,31.275098,34.818974
באר שבע,ייבין יהושע,10,שכונת נווה זאב,31.238906,34.766425
באר שבע,אקצין בנימין,27,,31.269589,34.777268
באר שבע,החלוץ,66,,31.238896,34.789327
באר שבע,יסעור,5,,31.229728,34.766472
באר שבע,המרד,51,,31.272520,34.815334
באר שבע,בזל,21,שכונת א,31.248385,34.787530
באר שבע,חיבת ציון,17,,31.252288,34.810576
באר שבע,רונאל דב,17,שכונת נווה זאב,31.240003,34.772080
באר שבע,הרב טנא שלמה,22,שכונת נווה זאב,31.234142,34.785518
באר שבע,חוחית,77,,31.228725,34.763862
באר שבע,חזני מיכאל,32,שכונת יא,31.262294,34.770998
באר שבע,"רחבת לח""י",40,שכונת ו,31.263933,34.775877
באר שבע,חגלה,29,שכונת ה,31.249681,34.782424
באר שבע,רנה קסן,55,שכונת רמות,31.275390,34.801875
באר שבע,עבדת,30,שכונת נאות לון,31.245579,34.766702
באר שבע,שתל יצחק,4,שכונת רמות,31.276951,34.820593
באר שבע,בר ניסן,11,,31.239461,34.763087
באר שבע,רחבת מבצע ארז,64,שכונת ו,31.265634,34.781814
באר שבע,החלוץ,55,,31.239034,34.789179
באר שבע,רוטנשטרייך,23,,31.281409,34.797049
באר שבע,גולדמן נחום,3,שכונת רמות הרכס,31.277822,34.802817
באר שבע,יהואש,13,,31.262352,34.786124
באר שבע,קציר אהרון,44,שכונת רמות,31.273999,34.807861
באר שבע,תקוע יוסף,15,,31.276610,34.820648
באר שבע,חזן יעקב,41,,31.275417,34.817076
באר שבע,פורת לאה,21,,31.223562,34.775586
באר שבע,בעלי התוספות,17,שכונת ד,31.271337,34.786822
באר שבע,אמיר אברהם,20,,31.276075,34.823216
באר שבע,"הפלמ""ח",109,שכונת עיר עתיקה,31.240829,34.786143
באר שבע,רובינא חנה,36,,31.269735,34.768615
באר שבע,חטיבת הנגב,40,שכונת עיר עתיקה,31.240034,34.785306
באר שבע,טננבוים מרדכי,6,שכונת נחל בקע,31.223821,34.781388
באר שבע,ברטונוב יהושע,22,,31.270722,34.769939
באר שבע,העצמאות,26,,31.238885,34.791850
באר שבע,פייגנבאום אריה,11,שכונת נווה מנחם,31.260907,34.757311
באר שבע,רחל אמנו,52,,31.271211,34.763809
באר שבע,השלום,27,שכונת ג,31.253169,34.803856
באר שבע,פרופ' שיבא,38,,31.260180,34.757342
באר שבע,סבידור מנחם,3,שכונת יא,31.257292,34.762011
באר שבע,רימלט אלימלך,17,,31.261981,34.764984
באר שבע,אהוד בן גרא,33,שכונת נווה זאב,31.242232,34.778936
באר שבע,דודאים,19,שכונת נווה נוי,31.231339,34.780637
באר שבע,מבצע חירם,19,,31.260768,34.784029
באר שבע,חזן יעקב,17,,31.275414,34.819379
באר שבע,לנדאו חיים,14,שכונת יא,31.257256,34.761052
באר שבע,ברזני משה,1,שכונת רמות,31.268525,34.813654
באר שבע,ברק,33,,31.242545,34.779612
באר שבע,הרב גורן שלמה,23,שכונת ט,31.244347,34.764745
באר שבע,"החיד""א",67,שכונת יא,31.253462,34.767595
באר שבע,קדושי יאסי,12,,31.265990,34.760526
באר שבע,אברבנאל,32,שכונת יא,31.255141,34.767634
באר שבע,הגלבוע,13,שכונת ה,31.252119,34.771898
באר שבע,מבצע חירם,38,שכונת ו,31.260667,34.781972
באר שבע,קדושי סלוניקי,42,,31.265229,34.758348
באר שבע,אהוד בן גרא,50,שכונת נווה זאב,31.241787,34.778605
באר שבע,סייפן,6,שכונת נווה נוי,31.230920,34.781637
באר שבע,הרב קפאח,12,שכונת נאות לון,31.252452,34.764414
באר שבע,סטולר שמואל,4,,31.270883,34.770530
באר שבע,רבנו תם,18,,31.271197,34.785376
באר שבע,?,58,שכונת ד,31.259104,34.790203
באר שבע,רחל אמנו,73,שכונת נווה מנחם,31.270653,34.762171
באר שבע,טרומפלדור,99,,31.240302,34.792428
באר שבע,גלילי ישראל,23,שכונת רמות הרכס,31.284208,34.803637
באר שבע,גור יהודה,3,שכונת נווה זאב,31.240970,34.775282
באר שבע,פיארברג,7,שכונת נווה זאב,31.235557,34.776600
באר שבע,זנגויל ישראל,3,שכונת נווה מנחם,31.265454,34.761315
באר שבע,הרב גבאי מנחם,27,שכונת ד,31.271283,34.793716
באר שבע,גרשם שלום,2,שכונת רמות,31.270521,34.805236
באר שבע,זמיר ישעיהו,62,,31.274077,34.816780
באר שבע,"ד""ר טיכו",2,,31.260370,34.758160
באר שבע,?,164,שכונת ד,31.271351,34.798271
באר שבע,ברני רוברט,3,שכונת רמות,31.270600,34.808352
באר שבע,בוסקוביץ אלכסנדר,8,,31.219844,34.774319
באר שבע,פלדברג שמואל,12,,31.275239,34.824679
באר שבע,אסא,25,,31.260936,34.781085
באר שבע,ארלנגר ג'וזף,18,שכונת רמות,31.269081,34.808253
באר שבע,מרכז הנגב,7,,31.257408,34.807604
באר שבע,מנדלסון,5,שכונת ב,31.256584,34.790252
באר שבע,האוזנר גדעון,9,,31.286406,34.804548
באר שבע,הר חרמון,37,,31.273727,34.812618
באר שבע,זרחין אלכסנדר,15,,31.274514,34.805011
באר שבע,אלעזר בן יאיר,6,שכונת ד,31.263342,34.791043
באר שבע,מיכה,5,שכונת עיר עתיקה,31.238094,34.784069
באר שבע,קורא,5,שכונת ה,31.248915,34.781776
באר שבע,האז גיאורג,3,שכונת רמות,31.273611,34.806290
באר שבע,רודנסקי שמואל,78,שכונת נווה מנחם,31.272140,34.770175
באר שבע,העליה,72,שכונת ה,31.256800,34.777757
באר שבע,מלאכי,1,שכונת עיר עתיקה,31.236784,34.785124
באר שבע,ורד,21,שכונת נווה נוי,31.230877,34.779065
באר שבע,מורדי הגטאות,35,שכונת עיר עתיקה,31.238089,34.789386
באר שבע,פלוסר דוד,31,שכונת נאות לון,31.245757,34.760733
באר שבע,יהוא,4,,31.262635,34.782457
באר שבע,תמר,45,,31.229864,34.787968
באר שבע,שד רגר יצחק,51,שכונת ב,31.253312,34.798470
באר שבע,אלמוג,27,שכונת נווה נוי,31.230081,34.784250
באר שבע,מולכו שלמה,1,שכונת נווה מנחם,31.264075,34.763515
באר שבע,כפר הדרום,28,שכונת עיר עתיקה,31.237342,34.786480
באר שבע,חסמן מרק,39,שכונת נווה מנחם,31.264861,34.753296
באר שבע,שטה,42,,31.231079,34.790903
באר שבע,רחבת יותם,8,שכונת ו,31.264430,34.783384
באר שבע,גוש עציון,42,,31.258437,34.808061
באר שבע,אלפסי,2,שכונת יא,31.257475,34.773994
באר שבע,אנקור,9,שכונת נווה זאב,31.231672,34.772267
באר שבע,אבן-שושן אברהם,10,,31.243316,34.761899
באר שבע,רחבת אופירה,20,שכונת ט,31.244445,34.771181
באר שבע,חזמה יעקב,31,,31.223054,34.773519
באר שבע,ברני רוברט,18,,31.271154,34.808777
באר שבע,הרב קפאח,4,שכונת נאות לון,31.252239,34.765111
באר שבע,רינגלבלום,96,שכונת ד,31.269331,34.800077
באר שבע,המלכים,54,,31.264977,34.757004
באר שבע,שד ירושלים,44,,31.246975,34.776373
באר שבע,לברי מרק,23,שכונת נחל בקע,31.221624,34.774446
באר שבע,הגלבוע,11,שכונת ה,31.252073,34.772033
באר שבע,רותם,57,,31.229038,34.792426
באר שבע,הר עודד,8,,31.272963,34.811661
באר שבע,ארץ חמדה,28,,31.234166,34.763856
באר שבע,סיגלון,15,שכונת נווה נוי,31.231048,34.783466
באר שבע,העליה,20,,31.253324,34.782276
באר שבע,שלשת בני עין חרוד,29,שכונת עיר עתיקה,31.237717,34.791085
באר שבע,רחבת המרי העברי,4,שכונת ה,31.255826,34.778389
באר שבע,ארן זלמן,51,,31.256590,34.759784
באר שבע,רחבת אופירה,34,שכונת ט,31.245006,34.771466
באר שבע,ברדיצ'ב אבא,11,,31.226048,34.779212
באר שבע,עמיר אנדה,41,,31.271842,34.766142
באר שבע,נעמי,6,,31.269168,34.764633
באר שבע,פינקל שמעון,98,שכונת נווה מנחם,31.265377,34.753889
באר שבע,הרתך,1,,31.224489,34.816772
באר שבע,אבן עזרא,81,שכונת ד,31.270032,34.783891
באר שבע,המר זבולון,18,שכונת רמות,31.266523,34.811120
באר שבע,לכיש,5,שכונת ט,31.244415,34.778272
באר שבע,עפרוני,102,,31.230603,34.768273
באר שבע,שריג נחום,56,שכונת רמות הרכס,31.286524,34.806293
באר שבע,הרב גורן שלמה,22,שכונת נאות לון,31.244941,34.765130
באר שבע,רחל אמנו,69,שכונת נווה מנחם,31.270715,34.762357
באר שבע,זמיר ישעיהו,66,,31.273924,34.816664
באר שבע,צביה ויצחק,52,שכונת נחל בקע,31.224172,34.780763
באר שבע,סבידור מנחם,41,שכונת יא,31.257366,34.763483
באר שבע,עכו,55,שכונת נאות לון,31.252285,34.766512
באר שבע,צבעוני,6,שכונת נווה נוי,31.232419,34.779415
באר שבע,שרעבי,29,שכונת ג,31.253825,34.812272
באר שבע,הר רמון,5,,31.275165,34.813921
באר שבע,מולכו שלמה,10,,31.264512,34.763437
באר שבע,פשוש,29,,31.229618,34.763582
באר שבע,שד יעלים,106,שכונת ה,31.256679,34.775163
באר שבע,פרופ' שיבא,12,,31.260261,34.758804
באר שבע,מבצע יואב,51,,31.264111,34.778676
באר שבע,הנחושת,1,,31.228175,34.808656
באר שבע,צביה ויצחק,6,,31.224640,34.778253
באר שבע,שקמה,47,שכונת רמות הרכס,31.286279,34.798932
באר שבע,משעול גבעון,27,שכונת ט,31.244397,34.775782
באר שבע,משעול פנקס דוד,8,שכונת יא,31.254830,34.765035
באר שבע,אברבנאל,34,שכונת יא,31.255188,34.767525
באר שבע,ברזילי ישראל,6,,31.259532,34.761917
באר שבע,לכיש,7,שכונת ט,31.244272,34.778229
באר שבע,תמר,27,,31.229640,34.789375
באר שבע,וילנר אריה,3,שכונת נחל בקע,31.223251,34.779344
באר שבע,מבצע חורב,27,,31.261821,34.784431
באר שבע,זרובבל,9,,31.264796,34.763797
באר שבע,נויפלד הנרי,1,שכונת רמות,31.269121,34.807023
באר שבע,משעול חפר,6,שכונת ט,31.245711,34.773382
באר שבע,לברי מרק,6,שכונת נחל בקע,31.221025,34.775626
באר שבע,אהוד בן גרא,29,שכונת עיר עתיקה,31.241966,34.779492
באר שבע,"זק""ש נלי",16,,31.271465,34.807337
באר שבע,פיקרד,12,שכונת רמות הרכס,31.277686,34.799950
באר שבע,קיפוד,19,שכונת ה,31.250351,34.777717
באר שבע,מאפו אברהם,25,שכונת נווה זאב,31.236641,34.772629
באר שבע,פריבס משה,18,שכונת רמות הרכס,31.279485,34.798308
באר שבע,רחבת הראל,18,שכונת ו,31.263445,34.775276
באר שבע,אבן ארי מיכאל,45,שכונת רמות,31.275582,34.805835
באר שבע,דרך מצדה,72,שכונת ד,31.259021,34.789159
באר שבע,ברני רוברט,13,,31.271082,34.808450
באר שבע,ברזני משה,20,,31.269243,34.815563
באר שבע,הר רמון,12,,31.275635,34.813771
באר שבע,יפה אברהם,8,שכונת רמות הרכס,31.284536,34.808533
באר שבע,חוחית,47,,31.226875,34.762281
באר שבע,אדלר,5,,31.266495,34.769847
באר שבע,רודנסקי שמואל,37,,31.271566,34.771402
באר שבע,עמיצור שמשון,18,,31.281570,34.798535
באר שבע,אינשטיין,24,שכונת ב,31.257372,34.790850
באר שבע,גומא,15,שכונת נווה נוי,31.231823,34.785719
באר שבע,בן דוד יוסף,9,,31.273133,34.800992
באר שבע,טלמון יעקב,2,,31.265915,34.770807
באר שבע,שאול המלך,14,,31.264120,34.784291
באר שבע,"רמב""ן",73,,31.270311,34.783080
באר שבע,טבנקין,23,,31.254217,34.773343
באר שבע,דרך מצדה,95,שכונת ב,31.257989,34.781288
באר שבע,מודעי יצחק,16,שכונת רמות,31.265189,34.808808
באר שבע,ביאליק,145,שכונת א,31.246326,34.787843
באר שבע,הגאונים,5,שכונת נאות לון,31.250595,34.761420
באר שבע,רחבת מבצע ארז,3,שכונת ו,31.266025,34.782103
באר שבע,צפורה,4,,31.268192,34.763902
באר שבע,עין גדי,42,שכונת נאות לון,31.251100,34.767136
באר שבע,ארן זלמן,8,שכונת יא,31.255916,34.761288
באר שבע,שנונית,39,שכונת ה,31.250558,34.778766
באר שבע,העליה,4,שכונת ה,31.249568,34.781256
באר שבע,אביגדור המאירי,10,שכונת נווה זאב,31.239361,34.776063
באר שבע,וילנסקי משה,12,,31.244581,34.760594
באר שבע,רחבת שמגר השופט,32,שכונת ו,31.263135,34.775380
באר שבע,אירוס הנגב,62,,31.228684,34.792276
באר שבע,"הפלמ""ח",23,שכונת עיר עתיקה,31.237676,34.790707
באר שבע,חזן יעקב,26,,31.275698,34.818826
באר שבע,הפלס,18,שכונת עמק שרה,31.226971,34.810306
באר שבע,זמורה משה,16,שכונת ו,31.269095,34.774686
באר שבע,קיפוד,4,שכונת ה,31.249847,34.777344
באר שבע,תקוע יוסף,38,,31.277424,34.820619
באר שבע,האוזנר גדעון,25,שכונת רמות הרכס,31.287541,34.805347
באר שבע,אינשטיין,5,שכונת ב,31.255200,34.790877
באר שבע,די זהב אפרים,47,שכונת נחל בקע,31.223892,34.774331
באר שבע,שיזף,20,,31.232118,34.790942
באר שבע,יששכר,13,שכונת עיר עתיקה,31.239194,34.781521
באר שבע,הרב ריינס,34,,31.263297,34.759930
באר שבע,רחבת יותם,7,שכונת ו,31.264314,34.782671
באר שבע,ברטונוב יהושע,19,,31.270826,34.769402
באר שבע,אדמון ידידיה,28,שכונת נחל בקע,31.220696,34.772205
באר שבע,זריצקי יוסף,52,,31.260930,34.762152
באר שבע,דרך מצדה,18,שכונת ד,31.258575,34.793545
באר שבע,גרונר דב,37,,31.271052,34.811672
באר שבע,חגלה,28,שכונת ה,31.249787,34.782690
באר שבע,שרה אמנו,7,שכונת עיר עתיקה,31.239481,34.785580
באר שבע,צביה ויצחק,18,,31.224138,34.778459
באר שבע,בדר יוחנן,34,,31.273435,34.825217
באר שבע,בורן מכס,24,שכונת רמות,31.273941,34.803535
באר שבע,אבן שפרוט,13,שכונת נאות לון,31.251291,34.763061
באר שבע,החלוץ,64,,31.238646,34.789180
באר שבע,וינגייט,40,שכונת ג,31.256031,34.805689
באר שבע,הרב גבאי מנחם,31,שכונת ד,31.271165,34.793514
באר שבע,בית צורי אליהו,2,,31.272324,34.813056
באר שבע,תלמה,19,,31.220672,34.773684
באר שבע,מסקין אהרון,30,שכונת נווה מנחם,31.271110,34.766688
באר שבע,סנהדרין,40,שכונת ד,31.272336,34.794256
באר שבע,לוזון אפרים,23,שכונת נווה מנחם,31.264923,34.759770
באר שבע,טבנקין,9,,31.254772,34.773980
באר שבע,וקסמן זלמן,1,שכונת רמות,31.270729,34.807645
באר שבע,משעול מבצע יונתן,24,שכונת ו,31.265519,34.782694
באר שבע,ברוור אברהם,71,שכונת רמות,31.274732,34.807568
באר שבע,חזן יעקב,38,,31.275677,34.817339
באר שבע,מוריה,48,,31.246271,34.785590
באר שבע,וולפסון דוד,6,,31.245555,34.798807
באר שבע,חרצית,9,,31.232616,34.788035
באר שבע,שד יעלים,97,שכונת ה,31.255137,34.775759
באר שבע,הר עצמון,10,,31.274719,34.813130
באר שבע,"חז""ל",36,שכונת ד,31.257788,34.793005
באר שבע,גלעד,31,שכונת ד,31.268387,34.794030
באר שבע,בר ניסן,6,שכונת נווה זאב,31.238212,34.763082
באר שבע,כלנית,18,שכונת נווה נוי,31.231894,34.781327
באר שבע,בנטואיץ יוסף,1,שכונת רמות,31.269496,34.805910
באר שבע,הצנחנים,16,,31.225130,34.779199
באר שבע,פשוש,49,,31.231039,34.764486
באר שבע,הר רמון,10,,31.275500,34.813688
באר שבע,חגלה,23,שכונת ה,31.249504,34.782531
באר שבע,מבצע נחשון,44,שכונת ו,31.259951,34.786513
באר שבע,מבצע יואב,40,,31.261180,34.780510
באר שבע,נרקיס,52,,31.228958,34.796816
באר שבע,?,88,שכונת ד,31.259291,34.788812
באר שבע,"הפלמ""ח",19,שכונת עיר עתיקה,31.237335,34.791145
באר שבע,מנדלסון,2,שכונת ב,31.256946,34.790388
באר שבע,די זהב אפרים,2,שכונת נחל בקע,31.222084,34.777028
באר שבע,נגבה,35,שכונת עיר עתיקה,31.240114,34.784659
באר שבע,לאה,58,,31.269866,34.760521
באר שבע,ארץ חמדה,23,שכונת נווה זאב,31.234385,34.763638
באר שבע,רחבת שמגר השופט,11,,31.262494,34.774676
באר שבע,סבידור מנחם,9,שכונת יא,31.257283,34.762266
באר שבע,פינקל שמעון,72,שכונת נווה מנחם,31.265514,34.754284
באר שבע,אלוף אדם יקותיאל,12,שכונת רמות,31.267981,34.812041
באר שבע,סנש חנה,6,שכונת ג,31.256855,34.809966
באר שבע,חן ארנסט,11,,31.271119,34.807830
באר שבע,יפה לייב,21,שכונת מרכז אזרחי,31.246104,34.800867
באר שבע,גרונר דב,35,,31.270942,34.811797
באר שבע,עמיר אנדה,8,,31.270423,34.768094
באר שבע,הרב הרצוג,60,,31.259345,34.767862
באר שבע,צבי-רן שלמה,36,,31.273762,34.817708
באר שבע,קלצ'קין רפאל,84,שכונת נווה מנחם,31.268806,34.768434
באר שבע,מרלא,25,,31.267050,34.758353
באר שבע,אלדד,54,שכונת רמות,31.274914,34.824042
באר שבע,לינדנר יוחנן,24,שכונת רמות,31.274699,34.802587
באר שבע,אשבל מיכאל,7,שכונת נווה זאב,31.241238,34.774647
באר שבע,הר רמון,25,,31.275568,34.812053
באר שבע,מזר בנימין,57,,31.244451,34.759306
באר שבע,שירמן חיים,9,,31.272553,34.804844
באר שבע,גרונר דב,21,,31.269997,34.812496
באר שבע,בקי רוברטו,17,,31.278550,34.798003
באר שבע,אמיר אברהם,53,שכונת רמות,31.277545,34.822607
באר שבע,הבדיל,49,,31.221143,34.809605
באר שבע,סביון,17,שכונת נווה נוי,31.233037,34.779819
באר שבע,שטיינברג יהודה,6,שכונת ו,31.268103,34.773151
באר שבע,קהירי,15,שכונת רמות הרכס,31.284271,34.802713
באר שבע,קיפניס לוין,2,שכונת נווה זאב,31.237907,34.779878
באר שבע,שרת משה,44,שכונת יא,31.258949,34.769462
באר שבע,סגל צבי,20,שכונת רמות,31.271013,34.804875
באר שבע,אלוף יריב אהרון,3,שכונת רמות,31.266435,34.811547
באר שבע,רוטנשטרייך,33,,31.281915,34.797051
באר שבע,חוה,17,,31.269306,34.763808
באר שבע,סלעית,6,שכונת ה,31.248680,34.782135
באר שבע,משעול גבעון,31,שכונת ט,31.244253,34.775548
באר שבע,נרקיס,19,שכונת רמות הרכס,31.283055,34.803881
באר שבע,אבידום מנחם,13,,31.220716,34.774684
באר שבע,חזן יעקב,16,,31.275712,34.819847
באר שבע,כרמלי,2,,31.258065,34.807106
באר שבע,קרן קיימת לישראל,161,שכונת עיר עתיקה,31.239326,34.789274
באר שבע,דיה,55,,31.231722,34.762270
באר שבע,הצבי,62,,31.252946,34.773224
באר שבע,כפר הדרום,14,,31.236972,34.787190
באר שבע,קרן קיימת לישראל,93,שכונת עיר עתיקה,31.238635,34.790480
באר שבע,בן לברט,14,שכונת נאות לון,31.251046,34.762842
באר שבע,אלפסי,12,,31.258805,34.772970
באר שבע,די זהב אפרים,21,,31.222807,34.775756
באר שבע,גרשם שלום,24,שכונת רמות,31.270081,34.804388
באר שבע,פרץ י ל,16,שכונת נווה זאב,31.240746,34.778695
באר שבע,אייזנשטדט,1,,31.276340,34.823544
באר שבע,סנש חנה,19,שכונת ג,31.258021,34.809588
באר שבע,דה-שליט עמוס,16,שכונת רמות,31.271892,34.807944
באר שבע,ברק,25,,31.242223,34.780100
באר שבע,אלישע,1,שכונת עיר עתיקה,31.236569,34.785282
באר שבע,אביבית,8,,31.230782,34.795939
באר שבע,זילברג משה,3,שכונת ו,31.268924,34.775778
באר שבע,הכשרת הישוב,50,,31.214469,34.812511
באר שבע,לסקר פרץ,2,שכונת נווה מנחם,31.266564,34.757298
באר שבע,יריחו,9,שכונת ט,31.243990,34.778810
באר שבע,קדושי סלוניקי,38,,31.265075,34.758165
באר שבע,שלשת בני עין חרוד,15,,31.236935,34.790337
באר שבע,בן יוסף שלמה,6,,31.271279,34.812151
באר שבע,האיילה,22,שכונת ה,31.250676,34.777260
באר שבע,אלישר,34,,31.273221,34.817759
באר שבע,שד בן גוריון,28,שכונת ג,31.258533,34.810742
באר שבע,רודנסקי שמואל,24,,31.270937,34.772435
באר שבע,פילדרמן,10,,31.265514,34.760461
באר שבע,שרה אמנו,13,שכונת עיר עתיקה,31.239872,34.785917
באר שבע,אייזנשטדט,3,,31.276479,34.823628
באר שבע,שטיין ריכרד,30,,31.266384,34.769647
באר שבע,אלדד,20,,31.273770,34.822810
באר שבע,ורד,34,שכונת נווה נוי,31.229993,34.778570
באר שבע,רחבת יעל,6,,31.262371,34.775191
באר שבע,לוזון אפרים,67,שכונת נווה מנחם,31.266644,34.757311
באר שבע,צביה ויצחק,25,,31.224139,34.779421
באר שבע,אלמוג,3,שכונת נווה נוי,31.230116,34.785824
באר שבע,שמעון בר גיורא,29,שכונת ד,31.260958,34.792616
באר שבע,אבן-שושן אברהם,59,שכונת נאות לון,31.243647,34.759260
באר שבע,רבנו תם,26,שכונת ד,31.271075,34.784923
באר שבע,בורלא יהודה,7,שכונת ה,31.250806,34.776125
באר שבע,טשרניחובסקי,2,שכונת ב,31.255775,34.795346
באר שבע,אדמון ידידיה,23,,31.219728,34.773091
באר שבע,הר בוקר,13,,31.272961,34.810038
באר שבע,רחל המשוררת,11,שכונת ב,31.253618,34.793876
באר שבע,דרך המשחררים,48,שכונת ב,31.252110,34.789279
באר שבע,"שח""ל",17,שכונת א,31.245146,34.794976
באר שבע,משה אדר,3,שכונת עיר עתיקה,31.241481,34.784110
באר שבע,זוסמן יואל,3,,31.269306,34.776962
באר שבע,סרן דב,3,שכונת נווה זאב,31.235222,34.781282
באר שבע,ולבר יצחק,8,שכונת נאות לון,31.242340,34.764531
באר שבע,פרטוש עדן,53,שכונת נחל בקע,31.224203,34.776514
באר שבע,בנימין מטודלה,8,שכונת ד,31.267768,34.801176
באר שבע,ז'בוטינסקי זאב,7,שכונת ג,31.248568,34.808424
באר שבע,רחבת מבצע יקב,5,,31.265301,34.780332
באר שבע,דוידוביץ לב,30,שכונת רמות,31.272834,34.802487
באר שבע,נאות הככר,11,שכונת ה,31.247736,34.780965
באר שבע,ינשוף,5,,31.230291,34.766075
באר שבע,דרך מצדה,123,שכונת ב,31.258699,34.777651
באר שבע,פרץ י ל,4,שכונת נווה זאב,31.240545,34.779293
באר שבע,אלחריזי,21,שכונת נאות לון,31.251457,34.764605
באר שבע,מבצע נחשון,39,,31.260143,34.785953
באר שבע,הדסה,27,שכונת עיר עתיקה,31.239656,34.791733
באר שבע,מרלא,15,שכונת נווה מנחם,31.267318,34.758603
באר שבע,ילין דוד,53,שכונת רמות,31.271446,34.805984
באר שבע,נגבה,46,שכונת עיר עתיקה,31.241797,34.782278
באר שבע,צונדק ברנרד והרמן,12,שכונת רמות,31.269237,34.808804
באר שבע,?,130,שכונת ד,31.267157,34.798457
באר שבע,דוידוביץ לב,24,שכונת רמות,31.272655,34.802220
באר שבע,חסמן מרק,3,,31.264440,34.755363
באר שבע,אבן-שושן אברהם,58,,31.246458,34.758047
באר שבע,יאיר,34,,31.241655,34.790444
באר שבע,רחבת הרב עוזיאל,17,שכונת יא,31.255641,34.771665
באר שבע,"אצ""ג",11,,31.243019,34.791912
באר שבע,סרלין יוסף,34,,31.260597,34.762967
באר שבע,פלדברג שמואל,4,,31.275635,34.824380
באר שבע,סמילן רות,52,,31.223802,34.773879
באר שבע,אבן-שושן אברהם,107,שכונת נאות לון,31.246363,34.757652
באר שבע,בית אשל,30,,31.238009,34.792614
באר שבע,אסר טוביאס,16,שכונת רמות,31.272021,34.802181
באר שבע,אביגיל,21,,31.268774,34.761193
באר שבע,שפרה,23,,31.270846,34.762826
באר שבע,ארדון מרדכי,12,,31.248755,34.757253
באר שבע,שריג נחום,26,,31.282936,34.806112
באר שבע,אברבנאל,20,שכונת יא,31.254833,34.769127
באר שבע,עמל,3,שכונת אזור תעשיה,31.250369,34.822941
באר שבע,שד רגר יצחק,199,שכונת ד,31.272654,34.797554
באר שבע,אדמון ידידיה,32,,31.221185,34.771719
באר שבע,תקוע יוסף,19,,31.276458,34.820500
באר שבע,המכתשים,1,שכונת ד,31.268388,34.794747
באר שבע,סטרומה,18,,31.254016,34.778819
באר שבע,הדעת,82,שכונת רמות,31.270902,34.803811
באר שבע,פרומקין גד,11,,31.270710,34.778415
באר שבע,רחל אמנו,16,שכונת נווה מנחם,31.269723,34.766173
באר שבע,ארץ חמדה,42,,31.234743,34.764912
באר שבע,דרור,37,שכונת פלח שבע,31.226873,34.768904
באר שבע,שלמה המלך,33,שכונת ד,31.259681,34.796184
באר שבע,לברי מרק,42,,31.223100,34.772883
באר שבע,הכט ראובן,15,,31.274787,34.819497
באר שבע,האבות,38,שכונת עיר עתיקה,31.238573,34.788450
באר שבע,משעול עקרון,7,שכונת ט,31.245301,34.775186
באר שבע,דה-שליט עמוס,1,,31.271355,34.807865
באר שבע,לוזון אפרים,15,שכונת נווה מנחם,31.264693,34.760089
באר שבע,מבצע יואב,7,שכונת ו,31.258792,34.780739
באר שבע,שטיין ריכרד,38,שכונת ו,31.266748,34.769294
באר שבע,טרומפלדור,55,,31.238885,34.791105
באר שבע,כיכר אליעזר קפלן,6,שכונת א,31.248960,34.791567
באר שבע,הצנחנים,22,שכונת נחל בקע,31.225332,34.779980
באר שבע,זמיר ישעיהו,70,,31.273573,34.816584
באר שבע,השלום,89,שכונת ג,31.253969,34.809704
באר שבע,רחבת מבצע קדם,6,שכונת ו,31.266327,34.782815
באר שבע,נרקיס עוזי,7,שכונת רמות הרכס,31.282114,34.802984
באר שבע,חוחית,30,,31.228364,34.763785
באר שבע,זריצקי יוסף,32,,31.260213,34.761435
באר שבע,אהרליך פאול,8,שכונת רמות,31.269776,34.807936
באר שבע,דינור בן-ציון,21,,31.258672,34.761109
באר שבע,שד רגר יצחק,57,שכונת ב,31.254636,34.798320
באר שבע,תקוע יוסף,133,,31.277841,34.820015
באר שבע,שד יעלים,45,שכונת ה,31.248492,34.780952
באר שבע,ההסתדרות,63,,31.241006,34.790111
באר שבע,ארלנגר ג'וזף,3,שכונת רמות,31.269615,34.807638
באר שבע,קהירי,41,,31.283046,34.802546
באר שבע,אלוף אדם יקותיאל,1,שכונת רמות,31.267668,34.810983
באר שבע,מסקין אהרון,54,שכונת נווה מנחם,31.271777,34.765680
באר שבע,הצנחנים,30,,31.225455,34.780575
באר שבע,לוזון אפרים,66,,31.267366,34.756859
באר שבע,בר ניסן,14,שכונת נווה זאב,31.238840,34.763239
באר שבע,קציר אהרון,50,,31.274224,34.807764
באר שבע,ארן זלמן,34,שכונת יא,31.256933,34.760456
באר שבע,פרופ' שיבא,83,,31.260976,34.755754
באר שבע,דרך המשחררים,86,שכונת ה,31.250826,34.784480
באר שבע,רחל אמנו,50,,31.271405,34.764021
באר שבע,פריץ אלברט,15,שכונת ו,31.266444,34.770620
באר שבע,אייזנשטדט,26,,31.277130,34.823397
באר שבע,אלישבע,8,,31.270459,34.769338
באר שבע,גינצבורג דוד,20,שכונת רמות,31.274636,34.806672
באר שבע,ההגנה,20,שכונת עיר עתיקה,31.238584,34.786322
באר שבע,החלוץ,11,שכונת עיר עתיקה,31.236803,34.786659
באר שבע,יוסף בן מתתיהו,21,שכונת ד,31.265663,34.799678
באר שבע,מרגולין,2,,31.220536,34.800251
באר שבע,אבן עזרא,56,,31.270282,34.783340
באר שבע,אחאב,14,,31.262620,34.784185
באר שבע,הפלדה,9,,31.223254,34.812257
באר שבע,גלעד,23,שכונת ד,31.268304,34.793893
באר שבע,רוזן פנחס,8,שכונת יא,31.262527,34.764595
באר שבע,טרומפלדור,6,שכונת עיר עתיקה,31.236534,34.789178
באר שבע,החורש,30,,31.217488,34.810027
באר שבע,דיה,6,,31.231848,34.763193
באר שבע,הכט ראובן,41,,31.274733,34.818137
באר שבע,"רמב""ן",40,,31.271654,34.784151
באר שבע,יוספטל גיורא,4,שכונת ד,31.270497,34.796776
באר שבע,משעול מבצע יונתן,13,שכונת ו,31.265986,34.782655
באר שבע,בר כוכבא,11,שכונת עיר עתיקה,31.243537,34.780988
באר שבע,הזז חיים,2,שכונת ב,31.252929,34.796442
באר שבע,לברי מרק,43,שכונת נחל בקע,31.222876,34.772814
באר שבע,זמנהוף,2,,31.265641,34.762077
באר שבע,המר זבולון,28,שכונת רמות,31.267163,34.812179
באר שבע,רודנסקי שמואל,32,,31.271269,34.772252
באר שבע,"ד""ר טיכו",12,שכונת נווה מנחם,31.260827,34.758294
באר שבע,רחבת מבצע ארז,23,שכונת ו,31.265477,34.781680
באר שבע,בזל,66,שכונת א,31.250163,34.791075
באר שבע,הרב קפאח,54,שכונת נאות לון,31.253355,34.760525
באר שבע,זבולון,7,שכונת עיר עתיקה,31.237498,34.782356
באר שבע,מזר בנימין,28,,31.244141,34.760019
באר שבע,פריבס משה,2,,31.279954,34.800559
באר שבע,דובדבן,28,,31.287277,34.799934
באר שבע,הר תבור,9,,31.276842,34.810819
באר שבע,רחבת יותם,9,שכונת ו,31.264463,34.782840
באר שבע,סנהדרין,28,שכונת ד,31.272658,34.795368
באר שבע,טרומפלדור,49,שכונת עיר עתיקה,31.238822,34.790995
באר שבע,רודנסקי שמואל,45,,31.271641,34.770946
באר שבע,זמורה משה,7,,31.269413,34.775941
באר שבע,עמרי,23,,31.261660,34.780590
באר שבע,האוזנר גדעון,21,,31.287159,34.804662
באר שבע,קיפניס לוין,35,שכונת נווה זאב,31.239345,34.780163
באר שבע,גיבתון חנוך,56,שכונת נחל בקע,31.225162,34.775625
באר שבע,בזל,3,,31.247867,34.790065
באר שבע,נקר מאיר,5,שכונת רמות,31.267868,34.815562
באר שבע,סמילן רות,51,שכונת נחל בקע,31.223708,34.773620
באר שבע,הכותל המערבי,28,שכונת א,31.247753,34.785660
באר שבע,הכט ראובן,12,,31.275087,34.820253
באר שבע,יערי מאיר,22,שכונת יא,31.257612,34.762594
באר שבע,יריחו,10,שכונת ט,31.244031,34.778586
באר שבע,הפחח,8,שכונת עמק שרה,31.225062,34.810837
באר שבע,בז,6,,31.230622,34.772120
באר שבע,גרשם שלום,19,שכונת רמות,31.270635,34.804903
באר שבע,די זהב אפרים,1,,31.221930,34.776881
באר שבע,ירקוני עמוס,10,שכונת ו,31.266714,34.776036
באר שבע,מזר בנימין,56,שכונת נאות לון,31.246436,34.759477
באר שבע,בן דוד יוסף,3,שכונת רמות,31.273056,34.800712
באר שבע,השופט אלקיים,1,שכונת נאות לון,31.242851,34.764962
באר שבע,אבן-שושן אברהם,62,שכונת נאות לון,31.246978,34.757815
באר שבע,בר הלל יהושע,1,שכונת רמות,31.269822,34.804466
באר שבע,אבן ארי מיכאל,1,שכונת רמות,31.274145,34.807392
באר שבע,רותם,59,,31.229040,34.792288
באר שבע,שופט אברהם,21,שכונת רמות,31.266755,34.813070
באר שבע,מנדלסון,28,שכונת ב,31.256487,34.789132
באר שבע,הכט ראובן,65,,31.274712,34.816884
באר שבע,שדרת הערים התאומות,27,שכונת רמות הרכס,31.281255,34.799034
באר שבע,פורת קלמן,9,שכונת רמות הרכס,31.285571,34.804898
באר שבע,שופט אברהם,138,,31.269603,34.811796
באר שבע,בלוך רודולף,46,שכונת רמות,31.273318,34.807671
באר שבע,סמילן רות,25,,31.222492,34.775136
באר שבע,הפלדה,16,,31.225847,34.811631
באר שבע,אבישי,6,,31.261410,34.777577
באר שבע,חוה,33,שכונת נווה מנחם,31.269883,34.764676
באר שבע,הר נס,10,,31.273547,34.811256
באר שבע,ויטנברג יצחק,4,שכונת נחל בקע,31.224611,34.780578
באר שבע,ויניק זאב,14,,31.258843,34.759433
באר שבע,אורלנד יעקב,6,שכונת נאות לון,31.248446,34.756700
באר שבע,"רש""י",38,שכונת ד,31.267957,34.787636
באר שבע,אמיר אברהם,6,,31.276360,34.822248
באר שבע,חכים אליהו,14,,31.271621,34.813720
באר שבע,גרשון,38,,31.242824,34.790179
באר שבע,חוה,32,שכונת נווה מנחם,31.269485,34.764651
באר שבע,הר בוקר,65,,31.275050,34.808556
באר שבע,אסר טוביאס,22,,31.272177,34.802443
באר שבע,נרקיס,40,,31.228504,34.795877
באר שבע,יוחנן הורקנוס,63,שכונת ד,31.267066,34.795811
באר שבע,ארליך שמחה,6,שכונת יא,31.258347,34.766801
באר שבע,"הפלמ""ח",71,שכונת עיר עתיקה,31.239017,34.788699
באר שבע,שליו,11,שכונת ה,31.249315,34.781637
באר שבע,רחבת יבנה,14,שכונת ט,31.245660,34.772853
באר שבע,הר רמון,64,,31.276523,34.808408
באר שבע,תקוע יוסף,1,שכונת רמות,31.276684,34.821418
באר שבע,חטיבה שמונה,5,שכונת נווה זאב,31.236848,34.777070
באר שבע,יוסף,6,שכונת יא,31.255753,34.764701
באר שבע,שלמה המלך,40,שכונת ד,31.260140,34.795475
באר שבע,לברי מרק,37,,31.222650,34.773051
באר שבע,המדע,110,שכונת רמות,31.273392,34.806391
באר שבע,צונדק ברנרד והרמן,31,שכונת רמות,31.270935,34.809098
באר שבע,רנה קסן,49,,31.275206,34.801722
באר שבע,הר בוקר,63,,31.274961,34.808427
באר שבע,הרב סילברט,14,שכונת ד,31.270717,34.787565
באר שבע,אלישר,43,,31.272945,34.817661
באר שבע,השופט אלקיים,10,שכונת נאות לון,31.243179,34.764320
באר שבע,עוזיה המלך,5,שכונת ד,31.261060,34.793960
באר שבע,?,154,שכונת ד,31.270207,34.798296
באר שבע,אגוז,21,,31.264492,34.761839
באר שבע,המוכתר,3,,31.243806,34.784901
באר שבע,הר רמון,68,,31.276576,34.807998
באר שבע,רחבת ימית,25,שכונת ט,31.244487,34.771913
באר שבע,שיזף,26,,31.231993,34.790047
באר שבע,נאות הככר,9,שכונת ה,31.247803,34.780973
באר שבע,הבדיל,28,,31.224448,34.809190
באר שבע,עבדת,34,שכונת נאות לון,31.245676,34.766327
באר שבע,שד יעלים,46,שכונת ה,31.251304,34.779421
באר שבע,רודנסקי שמואל,55,,31.271770,34.770376
באר שבע,המר זבולון,20,שכונת רמות,31.266793,34.811584
באר שבע,ברית כהונה,2,שכונת ו,31.268684,34.779915
באר שבע,המדע,58,,31.271170,34.807757
באר שבע,הרב חביב חיים,1,שכונת נאות לון,31.251940,34.760996
באר שבע,רייק חביבה,6,שכונת ג,31.257297,34.808290
באר שבע,מאפו אברהם,17,שכונת נווה זאב,31.236020,34.773644
באר שבע,מסקין אהרון,66,שכונת נווה מנחם,31.272222,34.765095
באר שבע,שד בן גוריון,14,שכונת ד,31.259995,34.809152
באר שבע,חרדון,9,שכונת ה,31.249247,34.778760
באר שבע,אחינועם,12,שכונת נווה מנחם,31.268821,34.762061
באר שבע,שטיין ריכרד,22,,31.265659,34.769908
באר שבע,מבצע חורב,44,,31.261860,34.786627
באר שבע,הרב קפאח,33,שכונת נאות לון,31.252591,34.762379
באר שבע,בסקין צבי,8,,31.250647,34.804789
באר שבע,פיקרד,28,שכונת רמות הרכס,31.278114,34.801093
באר שבע,פינקל שמעון,52,שכונת נווה מנחם,31.265285,34.754348
באר שבע,שירמן חיים,23,,31.272833,34.805428
באר שבע,הזוהר,58,,31.272279,34.787576
באר שבע,ברבור,5,,31.229908,34.770274
באר שבע,שד רגר יצחק,169,שכונת ד,31.268165,34.797800
באר שבע,הפלס,10,שכונת עמק שרה,31.227405,34.810335
באר שבע,לברי מרק,14,,31.221263,34.775195
באר שבע,מנדלסון,19,שכונת ב,31.256175,34.789300
באר שבע,שלשת בני עין חרוד,78,,31.239776,34.793369
באר שבע,החלוץ,41,שכונת עיר עתיקה,31.238354,34.788239
באר שבע,פטנקין דן,5,,31.247622,34.760568
באר שבע,דרויאנוב אברהם,10,שכונת נווה מנחם,31.266685,34.756722
באר שבע,שטה,8,,31.233669,34.791072
באר שבע,"הפלמ""ח",50,,31.239004,34.789127
באר שבע,רובינא חנה,6,שכונת נווה מנחם,31.270917,34.771283
באר שבע,אורן,6,שכונת נווה נוי,31.231501,34.784462
באר שבע,העצמאות,10,,31.238438,34.792512
באר שבע,אסא,2,,31.263187,34.780970
באר שבע,שטיין ריכרד,36,,31.266522,34.769458
באר שבע,שופט אברהם,31,,31.267672,34.812106
באר שבע,הרצל,66,שכונת עיר עתיקה,31.241402,34.789826
באר שבע,פרופ' שיבא,39,,31.259726,34.757692
באר שבע,התלמוד,30,שכונת ד,31.270525,34.788306
באר שבע,"זק""ש נלי",9,שכונת רמות,31.271507,34.806674
באר שבע,מיכאלסון יצחק,20,שכונת רמות,31.268031,34.807678
באר שבע,גירית,22,שכונת ה,31.249997,34.779097
באר שבע,ארניה אסוולדו,85,שכונת ד,31.265786,34.801771
באר שבע,אלישר,18,,31.273247,34.819254
באר שבע,רחבת פל-ים,36,,31.264351,34.776634
באר שבע,"זק""ש נלי",2,,31.271170,34.806779
באר שבע,"הפלמ""ח",59,,31.238634,34.789254
באר שבע,שיזף,5,,31.231939,34.792982
באר שבע,אירוס הנגב,8,,31.230002,34.796706
באר שבע,המדע,36,שכונת רמות,31.270175,34.807463
באר שבע,רוקח ישראל,6,שכונת יא,31.262043,34.765484
באר שבע,משעול חפר,4,,31.245650,34.773386
באר שבע,כיכר הגנים,14,שכונת נווה נוי,31.230445,34.789244
באר שבע,בית לחם,14,שכונת ט,31.244117,34.779085
באר שבע,ההסתדרות,94,שכונת עיר עתיקה,31.241212,34.790565
באר שבע,פרטוש עדן,24,,31.221333,34.773802
באר שבע,סדנא,1,שכונת אזור תעשיה,31.252316,34.823013
באר שבע,הרב גורן שלמה,10,שכונת ט,31.244122,34.765037
באר שבע,אלדד,8,,31.273950,34.822327
באר שבע,סירני,15,,31.226486,34.780393
באר שבע,המר זבולון,34,שכונת רמות,31.267358,34.812529
באר שבע,רייק חביבה,11,שכונת ג,31.257038,34.807859
באר שבע,פיינברג אבשלום,16,,31.266328,34.759944
באר שבע,אקצין בנימין,8,שכונת ו,31.270408,34.778192
באר שבע,דודאים,20,שכונת נווה נוי,31.231142,34.780273
באר שבע,השלום,23,,31.253166,34.803349
באר שבע,חוה,5,שכונת נווה מנחם,31.268083,34.761995
באר שבע,הס משה,4,שכונת א,31.250534,34.793401
באר שבע,הצדיק מירושלים,51,,31.273677,34.785738
באר שבע,רובינא חנה,33,שכונת נווה מנחם,31.270199,34.770364
באר שבע,חזמה יעקב,7,,31.221262,34.775795
באר שבע,ויתקון אלפרד,30,,31.270631,34.777230
באר שבע,שנונית,7,שכונת ה,31.249944,34.779616
באר שבע,פיינברג אבשלום,15,שכונת נווה מנחם,31.266213,34.760262
באר שבע,אהוד בן גרא,22,שכונת עיר עתיקה,31.241817,34.780112
באר שבע,רחבת שלומציון,8,שכונת ו,31.264145,34.782053
באר שבע,דובנוב,6,שכונת ב,31.256956,34.793456
באר שבע,חסמן מרק,41,,31.264951,34.753061
באר שבע,תקוע יוסף,26,,31.277473,34.820292
באר שבע,זמיר ישעיהו,61,,31.273634,34.816921
באר שבע,"יל""ג",3,שכונת נווה זאב,31.240553,34.773237
באר שבע,הכותל המערבי,22,שכונת א,31.247252,34.786224
באר שבע,רבקה,36,שכונת נווה מנחם,31.269840,34.762690
באר שבע,פרופ' שיבא,30,,31.259974,34.757757
באר שבע,המדע,28,שכונת רמות,31.269824,34.807256
באר שבע,פלוסר דוד,12,,31.246317,34.760902
באר שבע,פורת לאה,36,,31.224670,34.774559
באר שבע,משעול הערבה,9,שכונת ה,31.247607,34.781576
באר שבע,נשר,23,,31.226287,34.766957
באר שבע,אפק,12,שכונת ט,31.243712,34.766489
באר שבע,חוחית,12,,31.228096,34.764038
באר שבע,שדרת הערים התאומות,19,שכונת רמות הרכס,31.280265,34.798901
באר שבע,שנונית,25,שכונת ה,31.250275,34.779191
באר שבע,ברדיצ'ב אבא,17,שכונת נחל בקע,31.226284,34.779126
באר שבע,בית צורי אליהו,10,,31.271903,34.813481
באר שבע,הזוהר,8,,31.271299,34.788856
באר שבע,לוזון אפרים,28,,31.265359,34.759694
באר שבע,פיקרד,76,,31.280027,34.800981
באר שבע,בן סרוק מנחם,3,שכונת נאות לון,31.251962,34.762637
באר שבע,רחבת שמגר השופט,10,שכונת ו,31.262368,34.775877
באר שבע,לוזון אפרים,17,,31.264796,34.759987
באר שבע,בן סרוק מנחם,8,שכונת נאות לון,31.252207,34.762605
באר שבע,בז,8,,31.230421,34.772156
באר שבע,תקוע יוסף,65,שכונת רמות,31.277118,34.818465
באר שבע,המרד,60,,31.274325,34.816338
באר שבע,אביגדור המאירי,19,שכונת נווה זאב,31.239290,34.775372
באר שבע,"חז""ל",55,שכונת ב,31.257462,34.792015
באר שבע,אהרונסון,48,שכונת נווה מנחם,31.267917,34.759890
באר שבע,שקמה,25,,31.286405,34.800326
באר שבע,מודעי יצחק,39,שכונת רמות,31.266669,34.809392
באר שבע,קדושי סלוניקי,15,,31.265212,34.757593
באר שבע,סרלין יוסף,22,,31.260208,34.763851
באר שבע,"רמב""ם",26,שכונת עיר עתיקה,31.243753,34.790178
באר שבע,שטה,52,,31.229813,34.791569
באר שבע,רחבת ימית,3,שכונת ט,31.243965,34.771704
באר שבע,הגדודים,25,,31.235163,34.782696
באר שבע,שלדג,9,,31.231192,34.764043
באר שבע,חגלה,3,שכונת ה,31.248476,34.782259
באר שבע,סימון ארנסט דוד,39,שכונת רמות,31.270318,34.807562
באר שבע,מורדי הגטאות,85,שכונת עיר עתיקה,31.238863,34.790079
באר שבע,זמורה משה,10,שכונת ו,31.269400,34.775437
באר שבע,סמילן רות,4,,31.221768,34.776565
באר שבע,?,125,שכונת ד,31.263952,34.797719
באר שבע,מבצע חורב,6,,31.259991,34.784673
באר שבע,זרחין אלכסנדר,21,שכונת רמות,31.274716,34.804825
באר שבע,ויטנברג יצחק,17,שכונת נחל בקע,31.225112,34.780104
באר שבע,פריד אלפרד,2,שכונת רמות,31.271206,34.801770
באר שבע,טור סיני נפתלי,3,שכונת רמות,31.270599,34.806424
באר שבע,שלמה המלך,77,שכונת ד,31.260018,34.793592
באר שבע,האז גיאורג,1,שכונת רמות,31.273534,34.806352
באר שבע,אלכסנדר ינאי,12,שכונת ד,31.264173,34.796836
באר שבע,?,117,שכונת ד,31.263702,34.797860
באר שבע,עפרוני,61,שכונת פלח שבע,31.230826,34.768045
באר שבע,אבן-שושן אברהם,25,,31.242910,34.761084
באר שבע,ארדון מרדכי,18,שכונת נאות לון,31.249304,34.757040
באר שבע,גרינשפן הרשל,11,שכונת נווה מנחם,31.268108,34.758483
באר שבע,דיה,49,שכונת פלח שבע,31.231433,34.761801
באר שבע,קהירי,33,שכונת רמות הרכס,31.283112,34.801831
באר שבע,זילברג משה,6,,31.269139,34.776035
באר שבע,שירמן חיים,35,שכונת רמות,31.273061,34.805958
באר שבע,בית שאן,66,שכונת נאות לון,31.248820,34.766660
באר שבע,"רש""י",46,שכונת ד,31.268080,34.787886
באר שבע,פקועה,4,,31.231738,34.795745
באר שבע,אהרליך פאול,22,שכונת רמות,31.269601,34.808585
באר שבע,רייס רפאל,11,שכונת נחל בקע,31.225983,34.778560
באר שבע,קורא הדורות,14,,31.251160,34.760207
באר שבע,הזז חיים,5,שכונת ב,31.254088,34.795983
באר שבע,אדלר,9,שכונת ו,31.266619,34.769724
באר שבע,בית שאן,51,שכונת נאות לון,31.247396,34.767052
באר שבע,אורות ישראל,13,שכונת נווה זאב,31.236506,34.764022
באר שבע,האוזנר גדעון,12,,31.286681,34.805453
באר שבע,הרב אסף שמחה,13,שכונת ד,31.265569,34.802205
באר שבע,נרקיס,35,,31.228700,34.795562
באר שבע,קדושי בגדד,8,שכונת ה,31.252774,34.780748
באר שבע,פטנקין דן,11,,31.247677,34.760142
באר שבע,שתל יצחק,28,שכונת רמות,31.278062,34.821143
באר שבע,עמיר אנדה,71,,31.272826,34.764726
באר שבע,פרטוש עדן,8,,31.220098,34.772781
באר שבע,האוזנר גדעון,2,שכונת רמות הרכס,31.286084,34.805545
באר שבע,שרעבי,23,שכונת ג,31.254144,34.812306
באר שבע,ברגסון אנרי,11,שכונת רמות,31.271973,34.806490
באר שבע,אחאב,11,,31.262556,34.784565
באר שבע,"חז""ל",3,שכונת ד,31.257565,34.794613
באר שבע,אמנון,9,,31.267155,34.766240
באר שבע,האיילה,28,שכונת ה,31.250821,34.777395
באר שבע,מאפו אברהם,21,שכונת נווה זאב,31.236308,34.773050
באר שבע,דרך המשחררים,36,שכונת ב,31.252004,34.790691
באר שבע,ילין-מור,4,,31.274638,34.823387
באר שבע,בלוך רודולף,37,שכונת רמות,31.272740,34.807680
באר שבע,רחבת יותם,12,שכונת ו,31.264810,34.783375
באר שבע,יוחנן הורקנוס,34,שכונת ד,31.265890,34.795625
באר שבע,בית שאן,90,שכונת נאות לון,31.248382,34.767454
באר שבע,רבי עקיבא,26,שכונת ד,31.259327,34.792515
באר שבע,בלוך רודולף,13,שכונת רמות,31.271774,34.808347
באר שבע,יוסי הבורסקאי,5,,31.245393,34.809178
באר שבע,ויצמן,11,שכונת א,31.247539,34.794344
באר שבע,מסקין אהרון,84,שכונת נווה מנחם,31.272856,34.764262
באר שבע,הר כנען,15,,31.274372,34.812818
באר שבע,מזר בנימין,58,,31.246559,34.759571
באר שבע,גוש עציון,39,,31.256256,34.806653
באר שבע,עפרוני,39,,31.231006,34.768802
באר שבע,ילן-שטקליס מרים,42,,31.271092,34.769165
באר שבע,אלישר,45,,31.272842,34.817629
באר שבע,אלדד,56,שכונת רמות,31.275002,34.823963
באר שבע,אירוס הנגב,71,,31.228316,34.790662
באר שבע,ונטורה,1,,31.223335,34.799658
באר שבע,אנקור,48,,31.231851,34.771493
באר שבע,דיה,8,שכונת פלח שבע,31.231680,34.763116
באר שבע,צונדק ברנרד והרמן,36,שכונת רמות,31.270487,34.809586
באר שבע,פרופ' שיבא,75,שכונת נווה מנחם,31.260719,34.756116
באר שבע,דרך המשחררים,92,שכונת ה,31.250022,34.783980
באר שבע,סביון,24,שכונת נווה נוי,31.233210,34.778872
באר שבע,אסר טוביאס,28,,31.272234,34.802676
באר שבע,פראוור יהושע,2,,31.272083,34.805949
באר שבע,הבשור,11,שכונת ד,31.265696,34.797414
באר שבע,אלדד,21,,31.275015,34.823221
באר שבע,אלחריזי,2,שכונת נאות לון,31.251595,34.765563
באר שבע,?,87,שכונת ו,31.262598,34.778309
באר שבע,אבן-שושן אברהם,33,,31.242986,34.760576
באר שבע,אסר טוביאס,18,,31.272094,34.802263
באר שבע,רחבת איבצן,13,שכונת ו,31.263327,34.777388
באר שבע,רינגלבלום,38,שכונת ד,31.267799,34.800689
באר שבע,רחבת ימית,15,שכונת ט,31.244177,34.772067
באר שבע,אמנון,20,,31.266575,34.766543
באר שבע,הדסה,38,שכונת עיר עתיקה,31.240213,34.791314
באר שבע,אדמון ידידיה,19,,31.219605,34.773260
באר שבע,זמיר ישעיהו,2,,31.274529,34.819912
באר שבע,בנימין מטודלה,9,שכונת ד,31.268311,34.801016
באר שבע,חבצלת הנגב,43,,31.234052,34.789545
באר שבע,החורש,36,,31.217309,34.809065
באר שבע,אלישר,29,,31.272863,34.818446
באר שבע,שד רגר יצחק,97,שכונת ד,31.261620,34.797664
באר שבע,עוזיה המלך,6,שכונת ד,31.261355,34.794077
באר שבע,"המהר""ל",8,שכונת ו,31.267323,34.782162
באר שבע,פינקל שמעון,90,שכונת נווה מנחם,31.265474,34.753709
באר שבע,קרוק גלעד דורותיה,20,שכונת רמות,31.269539,34.806793
באר שבע,בר כוכבא,5,שכונת עיר עתיקה,31.243227,34.780698
באר שבע,סעדיה גאון,9,שכונת ב,31.257501,34.788909
באר שבע,סמילנסקי,6,,31.236363,34.789212
באר שבע,חטיבת הנגב,25,שכונת עיר עתיקה,31.239071,34.784016
באר שבע,הרצל,15,שכונת עיר עתיקה,31.238522,34.786763
באר שבע,הר חרמון,20,,31.273661,34.812090
באר שבע,רבנו תם,17,שכונת ד,31.271012,34.786112
באר שבע,מנדלסון,17,שכונת ב,31.256116,34.789315
באר שבע,מורדי הגטאות,29,,31.237595,34.788837
באר שבע,אברמסון שרגא,5,,31.277440,34.797939
באר שבע,בית אל,15,שכונת ט,31.245467,34.774016
באר שבע,ארלוזורוב,2,שכונת ג,31.252101,34.807580
באר שבע,הרצל,8,שכונת עיר עתיקה,31.237924,34.786468
באר שבע,קדושי סלוניקי,7,שכונת נווה מנחם,31.265534,34.757558
באר שבע,שד רגר יצחק,41,,31.251649,34.797451
באר שבע,פיכמן יעקב,19,שכונת נווה זאב,31.237219,34.773872
באר שבע,אלה,7,שכונת נווה נוי,31.231729,34.785060
באר שבע,חוחית,25,,31.227061,34.762836
באר שבע,גויטיין דוד,5,,31.269242,34.776301
באר שבע,יריחו,20,שכונת ט,31.243600,34.777903
באר שבע,קורא,4,שכונת ה,31.248819,34.781733
באר שבע,בר ניסן,5,,31.238756,34.762925
באר שבע,רונאל דב,31,שכונת נווה זאב,31.240138,34.771822
באר שבע,דה-שליט עמוס,14,שכונת רמות,31.271857,34.808008
באר שבע,חיבת ציון,3,,31.253335,34.810810
באר שבע,פרנק ג'ימס,10,שכונת רמות,31.273992,34.800454
באר שבע,אסא,12,,31.262048,34.781068
באר שבע,אביגד,42,,31.276171,34.802195
באר שבע,עמרי,13,,31.261794,34.781753
באר שבע,בורלא יהודה,51,שכונת ה,31.251714,34.774923
באר שבע,"רחבת לח""י",7,,31.264790,34.776199
באר שבע,זמיר ישעיהו,6,,31.274534,34.819719
באר שבע,צבעוני,28,שכונת נווה נוי,31.230562,34.779500
באר שבע,פרופ' שיבא,10,,31.260263,34.758896
באר שבע,אדמון ידידיה,47,שכונת נחל בקע,31.220402,34.772073
באר שבע,שיבטה,36,שכונת ט,31.244954,34.768902
באר שבע,בז,9,,31.230514,34.772501
באר שבע,סימון ארנסט דוד,21,שכונת רמות,31.269493,34.807211
באר שבע,מזר בנימין,43,,31.243643,34.760560
באר שבע,הרב גורן שלמה,30,שכונת נאות לון,31.245441,34.765218
באר שבע,בז,23,,31.229605,34.771864
באר שבע,הכט ראובן,34,,31.275088,34.818045
באר שבע,פריד אלפרד,1,שכונת רמות,31.271523,34.801541
באר שבע,גבריהו חיים,1,שכונת רמות,31.275470,34.804779
באר שבע,אלתרמן,21,שכונת ה,31.253199,34.774202
באר שבע,שליו,12,שכונת ה,31.249316,34.781739
באר שבע,קרן קיימת לישראל,197,שכונת עיר עתיקה,31.239785,34.788912
באר שבע,אחאב,3,שכונת ו,31.263543,34.784046
באר שבע,יערי מאיר,9,שכונת יא,31.258022,34.763493
באר שבע,הזוהר,10,,31.271309,34.788927
באר שבע,רינגלבלום,108,שכונת ד,31.269605,34.800014
באר שבע,הושע,5,שכונת עיר עתיקה,31.236766,34.786174
באר שבע,דרך מצדה,111,שכונת ב,31.258584,34.778702
באר שבע,מזר בנימין,81,שכונת נאות לון,31.246534,34.759209
באר שבע,קובנר אבא,13,,31.224800,34.779528
באר שבע,ארניה אסוולדו,61,שכונת ד,31.266478,34.802320
באר שבע,"חז""ל",63,שכונת ב,31.257460,34.791838
באר שבע,ארן זלמן,49,,31.256503,34.759840
באר שבע,"הפלמ""ח",6,שכונת עיר עתיקה,31.237826,34.790800
באר שבע,עבדת,7,שכונת נאות לון,31.246193,34.766780
באר שבע,בן חביב,6,שכונת ו,31.268446,34.779429
באר שבע,שדרת הערים התאומות,41,שכונת רמות הרכס,31.284456,34.798566
באר שבע,ארניה אסוולדו,65,שכונת ד,31.266251,34.801785
באר שבע,ירבוע,29,שכונת ה,31.251441,34.778176
באר שבע,אסר טוביאס,17,שכונת רמות,31.272351,34.802075
באר שבע,זמיר ישעיהו,23,,31.274084,34.819073
באר שבע,קרן קיימת לישראל,109,שכונת עיר עתיקה,31.238970,34.790118
באר שבע,ממשית,1,שכונת ט,31.243702,34.769861
באר שבע,דיה,31,,31.230460,34.761879
באר שבע,וולפסון דוד,32,שכונת מרכז אזרחי,31.244834,34.801589
באר שבע,מרגולין,11,,31.222674,34.800967
באר שבע,הכשרת הישוב,12,,31.225554,34.813009
באר שבע,גרוסמן מאיר,26,שכונת נווה זאב,31.237337,34.768322
באר שבע,בית שאן,56,שכונת נאות לון,31.249010,34.767385
באר שבע,שד רגר יצחק,119,שכונת ד,31.263699,34.797728
באר שבע,אורבך אפרים,29,,31.246658,34.758093
באר שבע,הר מירון,31,,31.277011,34.807929
באר שבע,רחבת יותם,13,,31.264632,34.782558
באר שבע,ליפמן גבריאל,8,שכונת רמות,31.274306,34.800667
באר שבע,הרצל,97,שכונת עיר עתיקה,31.243427,34.791311
באר שבע,סנהדרין,123,שכונת ד,31.268511,34.786859
באר שבע,ברוידס אברהם,23,שכונת נווה מנחם,31.265533,34.756084
באר שבע,אבנר,31,,31.260901,34.778307
באר שבע,עבדת,4,שכונת נאות לון,31.245958,34.766435
באר שבע,אלוף אדם יקותיאל,11,שכונת רמות,31.268057,34.811549
באר שבע,גומא,13,שכונת נווה נוי,31.231780,34.785661
באר שבע,בן סרוק מנחם,12,שכונת נאות לון,31.252139,34.762196
באר שבע,בן-חור אליהו,7,שכונת ו,31.264260,34.773312
באר שבע,ברוור אברהם,45,שכונת רמות,31.273809,34.808314
באר שבע,פינקל שמעון,8,,31.263731,34.758763
באר שבע,נדב,6,,31.263199,34.786570
באר שבע,רופין ארתור,20,,31.265008,34.769125
באר שבע,ברוור אברהם,21,,31.273013,34.808998
באר שבע,סרלין יוסף,28,,31.260518,34.763485
באר שבע,הכט ראובן,40,,31.275093,34.817439
באר שבע,מסקין אהרון,16,,31.270265,34.767469
באר שבע,משעול ניצנה,14,שכונת ה,31.248325,34.779457
באר שבע,הרצל,126,,31.243203,34.791473
באר שבע,זהרי מיכאל,4,,31.273501,34.802361
באר שבע,בובר מרטין,18,,31.267540,34.770941
באר שבע,קפריסין,5,,31.253317,34.780884
באר שבע,שד ירושלים,22,שכונת ט,31.246019,34.778243
באר שבע,זינדר חמדה וצבי,16,שכונת נחל בקע,31.223284,34.777288
באר שבע,שמעון בר גיורא,19,שכונת ד,31.262275,34.792743
באר שבע,הרב גבאי מנחם,10,שכונת ד,31.271879,34.794998
באר שבע,דרך המשחררים,131,שכונת א,31.247251,34.783574
באר שבע,יוחנן הורקנוס,32,שכונת ד,31.265772,34.795615
באר שבע,חזמה יעקב,8,,31.221482,34.775983
באר שבע,בן יוסף שלמה,2,,31.271479,34.811858
באר שבע,הר רמון,47,,31.276185,34.808953
באר שבע,מרגולין,6,,31.221422,34.800040
באר שבע,"רמב""ם",70,,31.245111,34.786328
באר שבע,הכשרת הישוב,42,,31.217538,34.812357
באר שבע,סגל צבי,4,שכונת רמות,31.270690,34.804079
באר שבע,"הפלמ""ח",43,,31.238378,34.789369
באר שבע,רבנו תם,57,,31.270401,34.783791
באר שבע,גוש עציון,13,,31.253632,34.808065
באר שבע,הזוהר,19,,31.271680,34.787539
באר שבע,תלמה,47,,31.221852,34.772217
באר שבע,רחל המשוררת,21,שכונת ב,31.253723,34.794439
באר שבע,אבן עזרא,39,שכונת ד,31.270012,34.785890
באר שבע,נרקיס עוזי,26,,31.282696,34.804912
באר שבע,אהרוני יוחנן,20,,31.275066,34.806652
באר שבע,שאול ואליהו,2,,31.266451,34.759035
באר שבע,בן לברט,15,שכונת נאות לון,31.251005,34.762428
באר שבע,אלבק חנוך,23,שכונת רמות,31.271715,34.804455
באר שבע,רחל אמנו,4,שכונת נווה מנחם,31.268859,34.766634
באר שבע,גרינשפן הרשל,13,,31.268247,34.758393
באר שבע,רחבת בן נון,21,,31.262844,34.776535
באר שבע,רחבת מבצע ארז,54,שכונת ו,31.265475,34.781429
באר שבע,הר עודד,5,,31.272979,34.811284
באר שבע,מסקין אהרון,50,שכונת נווה מנחם,31.271654,34.765829
באר שבע,הכנסת,6,שכונת ד,31.271354,34.796049
באר שבע,זלפה,19,,31.269948,34.763103
באר שבע,סמילנסקי,50,שכונת עיר עתיקה,31.238535,34.786019
באר שבע,יהושפט,13,,31.262715,34.783038
באר שבע,ברוור אברהם,119,שכונת רמות,31.276097,34.806039
באר שבע,גיבתון חנוך,54,שכונת נחל בקע,31.225091,34.775795
באר שבע,קורא הדורות,20,,31.250915,34.759712
באר שבע,שלשת בני עין חרוד,93,שכונת עיר עתיקה,31.239990,34.793226
באר שבע,אורן,10,שכונת נווה נוי,31.231587,34.784285
באר שבע,אירוס הנגב,53,,31.228499,34.792488
באר שבע,רחבת אופירה,22,שכונת ט,31.244464,34.771255
באר שבע,שיזף,22,,31.232056,34.790339
באר שבע,דיה,4,שכונת פלח שבע,31.231990,34.763234
באר שבע,סדן דב,4,שכונת רמות,31.268685,34.805611
באר שבע,יוספטל גיורא,17,שכונת ד,31.271646,34.796313
באר שבע,קלצ'קין רפאל,22,שכונת נווה מנחם,31.269450,34.771478
באר שבע,גרינפלד,12,שכונת רמות הרכס,31.281291,34.800065
באר שבע,פלוסר דוד,11,,31.246453,34.761624
באר שבע,יהושפט,4,,31.263232,34.782748
באר שבע,אבן עזרא,14,,31.270787,34.786362
באר שבע,לינדנר יוחנן,30,,31.274893,34.802703
באר שבע,סבידור מנחם,33,שכונת יא,31.257339,34.763215
באר שבע,חוה,26,,31.269306,34.764334
באר שבע,רחל אמנו,45,שכונת נווה מנחם,31.270757,34.763874
באר שבע,קדושי יאסי,14,,31.265960,34.760452
באר שבע,ילין דוד,15,שכונת רמות,31.269705,34.805617
באר שבע,בן חיים פאול,32,,31.223352,34.774583
באר שבע,מזר בנימין,93,שכונת נאות לון,31.247297,34.760084
באר שבע,בר ניסן,30,שכונת נווה זאב,31.239864,34.764453
באר שבע,רבי עקיבא,1,שכונת ד,31.259041,34.794390
באר שבע,יוסף בן מתתיהו,52,שכונת ד,31.264606,34.800973
באר שבע,רנה קסן,22,שכונת רמות,31.274171,34.801331
באר שבע,ברטונוב יהושע,3,שכונת נווה מנחם,31.269215,34.770548
באר שבע,מבצע חורב,57,,31.262181,34.787086
באר שבע,"רחבת השל""ה",11,שכונת יא,31.256436,34.770078
באר שבע,יוחנן הורקנוס,56,שכונת ד,31.266363,34.795966
באר שבע,אגוז,22,שכונת נווה מנחם,31.264629,34.761567
באר שבע,סמילנסקי,69,שכונת עיר עתיקה,31.239472,34.784437
באר שבע,פטנקין דן,30,,31.247909,34.760059
באר שבע,ורטהיימר חיים,2,,31.271184,34.807748
באר שבע,יסעור,4,,31.230198,34.766723
באר שבע,פרטוש עדן,43,שכונת נחל בקע,31.223893,34.776000
באר שבע,צביה ויצחק,45,,31.224488,34.780844
באר שבע,החלוץ,132,שכונת מרכז אזרחי,31.242138,34.792786
באר שבע,פטנקין דן,29,שכונת נאות לון,31.246625,34.758821
באר שבע,בז,12,,31.230123,34.771949
באר שבע,הכט ראובן,33,,31.274730,34.818608
באר שבע,אדמון ידידיה,69,,31.221095,34.771177
באר שבע,קלצ'קין רפאל,4,,31.269828,34.772370
באר שבע,אהוד בן גרא,9,שכונת עיר עתיקה,31.241070,34.780824
באר שבע,שלשת בני עין חרוד,16,שכונת עיר עתיקה,31.237222,34.790873
באר שבע,חבצלת הנגב,55,,31.233638,34.788500
באר שבע,בודנהיימר,32,שכונת רמות הרכס,31.282190,34.800829
באר שבע,אלבק חנוך,38,,31.271843,34.805445
באר שבע,הר עודד,6,,31.272840,34.811557
באר שבע,יוסף בן מתתיהו,63,שכונת ד,31.265268,34.800107
באר שבע,בלוך רודולף,41,,31.272919,34.807589
באר שבע,זכריה,2,שכונת עיר עתיקה,31.238355,34.784684
באר שבע,משעול סוסיה,6,שכונת ט,31.244757,34.773312
באר שבע,הרב ריינס,8,,31.263681,34.759606
באר שבע,בר-לב חיים,15,שכונת ו,31.265542,34.773452
באר שבע,הדעת,80,שכונת רמות,31.270622,34.804046
באר שבע,יוכבד בת מרים,37,,31.268630,34.768929
באר שבע,בקי רוברטו,8,,31.278304,34.798542
באר שבע,מבצע חורב,19,,31.261181,34.784211
באר שבע,גינצבורג דוד,24,,31.274761,34.806534
באר שבע,קדושי סלוניקי,40,,31.265226,34.758299
באר שבע,עין גדי,35,שכונת נאות לון,31.250566,34.767629
באר שבע,מבצע חורב,59,,31.262161,34.787266
באר שבע,הגאולים,6,,31.248941,34.802807
באר שבע,דרך המשחררים,77,שכונת א,31.251273,34.786730
באר שבע,רחבת בן נון,1,שכונת ו,31.262575,34.776833
באר שבע,הגדודים,36,,31.234893,34.782788
באר שבע,בן חביב,5,שכונת ו,31.268250,34.779254
באר שבע,צביה המלכה,4,שכונת ד,31.263182,34.795457
באר שבע,קדושי סלוניקי,8,,31.265951,34.757606
באר שבע,סמבורסקי שמואל,10,שכונת רמות,31.271748,34.803846
באר שבע,זילברג משה,18,,31.269748,34.775696
באר שבע,אירוס הנגב,99,,31.228423,34.788123
באר שבע,ארבע הגיבורות,11,,31.223853,34.780427
באר שבע,חסמן מרק,55,,31.265182,34.753477
באר שבע,דוידוביץ לב,6,,31.272268,34.801321
באר שבע,משה יצחק,22,,31.275502,34.805457
באר שבע,צבי-רן שלמה,22,,31.273873,34.818460
באר שבע,זריצקי יוסף,5,,31.259991,34.760351
באר שבע,אשבל מיכאל,13,שכונת נווה זאב,31.241522,34.774491
באר שבע,אמיר אברהם,84,שכונת רמות,31.277957,34.822871
באר שבע,הקוצר,6,,31.213861,34.814936
באר שבע,הדסה,35,,31.239842,34.791469
באר שבע,יוספטל גיורא,20,שכונת ד,31.271895,34.797394
באר שבע,מזר בנימין,79,שכונת נאות לון,31.246412,34.759076
באר שבע,דרך מצדה,90,שכונת ד,31.259280,34.788720
באר שבע,"חז""ל",4,שכונת ד,31.257871,34.794596
באר שבע,רחבת יעל,2,שכונת ו,31.262447,34.775415
באר שבע,רחבת בן נון,22,שכונת ו,31.263170,34.776042
באר שבע,גורדון א ד,11,שכונת א,31.248525,34.794845
באר שבע,אמנון,1,,31.265912,34.765540
באר שבע,סנהדרין,140,שכונת ד,31.269599,34.788256
באר שבע,הבדיל,2,,31.228296,34.809467
באר שבע,יוחנן הורקנוס,65,שכונת ד,31.267129,34.795969
באר שבע,רחבת מבצע ארז,4,שכונת ו,31.266079,34.781540
באר שבע,הוברמן,2,שכונת ב,31.253008,34.790521
באר שבע,צפורה,17,שכונת נווה מנחם,31.268462,34.763137
באר שבע,מורדי הגטאות,50,,31.238680,34.790182
באר שבע,חובב משה,9,שכונת נחל בקע,31.220450,34.773891
באר שבע,זמורה משה,14,,31.269157,34.774867
באר שבע,"חז""ל",46,שכונת ד,31.257793,34.792724
באר שבע,ברק,26,שכונת עיר עתיקה,31.242054,34.780808
באר שבע,נויפלד הנרי,16,שכונת רמות,31.268625,34.807766
באר שבע,שוחט ישראל,25,שכונת נווה זאב,31.233663,34.766460
באר שבע,גולדברג לאה,20,שכונת ב,31.253004,34.794298
באר שבע,ברוור אברהם,89,שכונת רמות,31.275358,34.807083
באר שבע,יפה אברהם,20,,31.284778,34.807950
באר שבע,יערי מאיר,7,שכונת יא,31.258003,34.763239
באר שבע,קהירי,36,שכונת רמות הרכס,31.284228,34.801706
באר שבע,הר בוקר,17,,31.273280,34.809988
באר שבע,אוליצקי אריה,32,שכונת נווה מנחם,31.258229,34.758942
באר שבע,"חז""ל",96,שכונת ב,31.257909,34.789950
באר שבע,פרץ י ל,21,שכונת נווה זאב,31.240422,34.778519
באר שבע,נגבה,25,שכונת עיר עתיקה,31.239716,34.785226
באר שבע,קרן קיימת לישראל,91,,31.238600,34.790526
באר שבע,בית שאן,16,שכונת נאות לון,31.249905,34.768101
באר שבע,רחבת הראל,20,שכונת ו,31.263492,34.775437
באר שבע,הרצל,120,,31.243036,34.791326
באר שבע,סיגלון,3,שכונת נווה נוי,31.230774,34.784035
באר שבע,לברי מרק,18,,31.221626,34.774768
באר שבע,הכותל המערבי,73,שכונת א,31.250962,34.786402
באר שבע,אמיר אברהם,35,,31.277311,34.824175
באר שבע,טשרניחובסקי,5,שכונת ב,31.256204,34.794954
באר שבע,האבות,16,,31.237650,34.789865
באר שבע,רנה קסן,2,שכונת רמות,31.271838,34.802139
באר שבע,שינדלר אוסקר,23,שכונת רמות הרכס,31.282863,34.799722
באר שבע,מרלא,11,,31.267443,34.758757
באר שבע,פלוסר דוד,29,שכונת נאות לון,31.245755,34.760830
באר שבע,רחל אמנו,51,,31.271000,34.763600
באר שבע,רחבת הרב עוזיאל,8,שכונת יא,31.255037,34.769335
באר שבע,מבצע נחשון,65,,31.262193,34.787401
באר שבע,אברבנאל,12,שכונת יא,31.254789,34.770026
באר שבע,מנדלסון,31,שכונת ב,31.256269,34.788528
באר שבע,הוכברג נתנאל,8,שכונת נווה מנחם,31.270499,34.771928
באר שבע,"ניל""י",3,,31.259108,34.809798
באר שבע,בית שאן,50,שכונת נאות לון,31.248906,34.767950
באר שבע,מודעי יצחק,21,שכונת רמות,31.265877,34.808728
באר שבע,הצנחנים,3,,31.225217,34.778110
באר שבע,בר-לב חיים,19,שכונת ו,31.265553,34.773049
באר שבע,חיבת ציון,24,,31.252471,34.810972
באר שבע,תמיר שמואל,6,,31.263921,34.765821
באר שבע,שפרה,1,,31.270054,34.763953
באר שבע,הזורע,18,,31.215708,34.809395
באר שבע,הגאולים,3,,31.249163,34.803061
באר שבע,המרד,23,,31.269839,34.814993
באר שבע,עמיר אנדה,55,,31.272399,34.765392
באר שבע,אמיר אברהם,42,,31.276216,34.825095
באר שבע,ברטונוב יהושע,30,שכונת נווה מנחם,31.271036,34.769723
באר שבע,משעול מבצע יונתן,7,שכונת ו,31.266200,34.782487
באר שבע,שד רגר יצחק,124,שכונת ד,31.265966,34.798648
באר שבע,בלהה,3,,31.270084,34.764451
באר שבע,בר הלל יהושע,6,שכונת רמות,31.269686,34.804806
באר שבע,זמנהוף,23,שכונת נווה מנחם,31.264647,34.761357
באר שבע,"הפלמ""ח",119,שכונת עיר עתיקה,31.241410,34.785273
באר שבע,בית שאן,138,שכונת נאות לון,31.247785,34.766341
באר שבע,פינקל שמעון,68,שכונת נווה מנחם,31.265479,34.754393
באר שבע,ארלוזורוב,9,,31.253043,34.807088
באר שבע,סמילן רות,26,שכונת נחל בקע,31.222701,34.775300
באר שבע,רובינא חנה,45,שכונת נווה מנחם,31.269202,34.768297
באר שבע,גוטמן נחום,20,שכונת נווה זאב,31.239126,34.779624
באר שבע,אורבך אפרים,2,,31.248389,34.759466
באר שבע,אבן ארי מיכאל,27,,31.274963,34.806715
באר שבע,הנגבי,14,שכונת רמות הרכס,31.284916,34.804913
באר שבע,הרצל,91,שכונת עיר עתיקה,31.243089,34.791033
באר שבע,גרשם שלום,7,שכונת רמות,31.270479,34.804371
באר שבע,אלתרמן,35,,31.253321,34.774861
באר שבע,מוריה,54,,31.246307,34.786015
באר שבע,שד יעלים,34,שכונת ה,31.250857,34.779849
באר שבע,צפורי,5,שכונת ט,31.246351,34.777542
באר שבע,גרשון,2,שכונת עיר עתיקה,31.240365,34.793397
באר שבע,טרומפלדור,14,,31.237075,34.789639
באר שבע,יוכבד בת מרים,21,,31.268634,34.769710
באר שבע,עמיר אנדה,6,,31.270412,34.768159
באר שבע,אירוס הנגב,63,,31.228354,34.791460
באר שבע,סגל צבי,32,שכונת רמות,31.271288,34.805544
באר שבע,התיבונים,4,שכונת נאות לון,31.251158,34.762296
באר שבע,אברמסון שרגא,6,שכונת רמות הרכס,31.276797,34.798493
באר שבע,ויתקון אלפרד,4,,31.271115,34.778572
באר שבע,דנציגר יצחק,6,שכונת נאות לון,31.245111,34.762410
באר שבע,הכותל המערבי,56,,31.250447,34.786124
באר שבע,ורד,15,שכונת נווה נוי,31.231344,34.779135
באר שבע,גרינשפן הרשל,1,,31.267886,34.758871
באר שבע,פסמון,27,שכונת ה,31.249828,34.778514
באר שבע,יוכבד בת מרים,18,שכונת נווה מנחם,31.268938,34.769658
באר שבע,אחאב,16,,31.262504,34.784288
באר שבע,רבי עקיבא,37,שכונת ד,31.259041,34.791244
באר שבע,בזל,24,,31.248657,34.787189
באר שבע,ברטונוב יהושע,24,,31.270691,34.770013
באר שבע,לינדנר יוחנן,6,,31.273936,34.801907
באר שבע,אוריה החיתי,4,שכונת עיר עתיקה,31.236516,34.784831
באר שבע,ארן זלמן,12,,31.256032,34.761013
באר שבע,פיקרד,46,,31.279101,34.801947
באר שבע,ברטונוב יהושע,34,,31.271276,34.769552
באר שבע,מזר בנימין,66,,31.247148,34.760424
באר שבע,?,91,שכונת ט,31.246136,34.782495
באר שבע,המכתשים,45,שכונת ד,31.269587,34.795369
באר שבע,חבצלת הנגב,92,שכונת נווה נוי,31.230894,34.786850
באר שבע,צוקית,37,שכונת פלח שבע,31.232195,34.760777
באר שבע,רופין ארתור,30,,31.265867,34.768477
באר שבע,האמוראים,5,,31.271015,34.787694
באר שבע,המרד,55,,31.272706,34.815445
באר שבע,?,109,שכונת ד,31.262969,34.797905
באר שבע,"רחבת השל""ה",2,שכונת יא,31.257849,34.769175
באר שבע,שלשת בני עין חרוד,67,,31.238848,34.792127
באר שבע,"הפלמ""ח",22,שכונת עיר עתיקה,31.238315,34.790174
באר שבע,המלכים,38,שכונת נווה מנחם,31.265024,34.757333
באר שבע,שיטרית,45,,31.254558,34.762204
באר שבע,סלנט שמואל,7,שכונת ו,31.267530,34.780744
באר שבע,פריד אלפרד,4,שכונת רמות,31.271217,34.801841
באר שבע,סמילנסקי,5,שכונת עיר עתיקה,31.236473,34.788634
באר שבע,קובנר אבא,10,שכונת נחל בקע,31.224715,34.779840
באר שבע,ארגוב אלכסנדר,7,,31.248221,34.758375
באר שבע,דרך שמשון,24,שכונת ב,31.256639,34.779292
באר שבע,שיבטה,17,שכונת ט,31.244897,34.768604
באר שבע,ממשית,29,שכונת ט,31.244511,34.768425
באר שבע,בן חיים פאול,27,,31.222445,34.773269
באר שבע,בן חיים פאול,38,,31.223717,34.774938
באר שבע,הברזל,11,,31.219209,34.807723
באר שבע,רחבת מבצע ארז,7,שכונת ו,31.265718,34.782200
באר שבע,רחבת מבצע ארז,34,שכונת ו,31.265765,34.781736
באר שבע,אביגד,36,שכונת רמות,31.275978,34.801993
באר שבע,שד יעלים,28,שכונת ה,31.250652,34.780292
באר שבע,רחל אמנו,32,,31.270689,34.765067
באר שבע,שד ירושלים,31,שכונת ט,31.245898,34.776376
באר שבע,קדיש לוז,30,,31.257156,34.764865
באר שבע,בדר יוחנן,33,,31.273367,34.824553
באר שבע,סיני,32,שכונת ה,31.247445,34.779718
באר שבע,עבדת,56,שכונת ט,31.244875,34.767062
באר שבע,שקמה,37,שכונת רמות הרכס,31.286317,34.799448
באר שבע,הרב קפאח,28,שכונת נאות לון,31.252828,34.762801
באר שבע,רחל אמנו,76,שכונת נווה מנחם,31.270938,34.761713
באר שבע,שרה אמנו,2,שכונת עיר עתיקה,31.239056,34.785446
באר שבע,בוסקוביץ אלכסנדר,26,שכונת נחל בקע,31.220896,34.772875
באר שבע,פרץ י ל,38,שכונת נווה זאב,31.240947,34.778965
באר שבע,חגי,7,שכונת עיר עתיקה,31.237973,34.784625
באר שבע,פקועה,10,,31.231435,34.795261
באר שבע,כיכר הגנים,22,שכונת נווה נוי,31.230831,34.790505
באר שבע,אהרוני יוחנן,5,שכונת רמות,31.274610,34.805974
באר שבע,רוט אגון,5,,31.223501,34.779928
באר שבע,פינקל שמעון,4,,31.263613,34.759155
באר שבע,רבנו תם,28,שכונת ד,31.271124,34.784811
באר שבע,רנה קסן,38,שכונת רמות,31.274701,34.801811
באר שבע,גומא,21,שכונת נווה נוי,31.232161,34.785812
באר שבע,שיבטה,4,שכונת ט,31.243814,34.770187
באר שבע,ארץ חמדה,11,,31.234765,34.763865
באר שבע,שד רגר יצחק,95,שכונת ד,31.261591,34.797877
באר שבע,מורדי הגטאות,115,שכונת עיר עתיקה,31.240470,34.791641
באר שבע,העליה,48,שכונת ה,31.254909,34.780517
באר שבע,סמילן רות,19,שכונת נחל בקע,31.222284,34.775376
באר שבע,סנהדרין,38,שכונת ד,31.272392,34.794438
באר שבע,סלמה,3,שכונת ד,31.261554,34.797063
באר שבע,"חז""ל",7,שכונת ד,31.257557,34.794516
באר שבע,גיבתון חנוך,7,שכונת נחל בקע,31.223214,34.777793
באר שבע,ארן זלמן,14,,31.255932,34.760809
באר שבע,שוחט ישראל,13,שכונת נווה זאב,31.234215,34.767962
באר שבע,עפרוני,80,שכונת פלח שבע,31.231140,34.767649
באר שבע,סלעית,8,שכונת ה,31.248765,34.782187
באר שבע,הנוטר,41,שכונת ג,31.252497,34.806811
באר שבע,רובינא חנה,10,,31.270711,34.770721
באר שבע,תקוע יוסף,97,,31.277293,34.819208
באר שבע,המדע,39,,31.273353,34.805861
באר שבע,הרב גורן שלמה,16,שכונת נאות לון,31.244568,34.765147
באר שבע,דן,10,שכונת עיר עתיקה,31.238985,34.780748
באר שבע,מונטיפיורי,21,שכונת א,31.249495,34.794125
באר שבע,מזר בנימין,7,,31.244252,34.762884
באר שבע,יוסף בן מתתיהו,48,שכונת ד,31.264312,34.800983
באר שבע,פיקרד,64,,31.279989,34.801773
באר שבע,סימון ארנסט דוד,7,שכונת רמות,31.268794,34.806849
באר שבע,ניב דוד,16,שכונת נווה זאב,31.238870,34.769590
באר שבע,טוב משה,3,שכונת נווה מנחם,31.266463,34.759618
באר שבע,יהואש,8,,31.262654,34.786731
באר שבע,ברוור אברהם,1,,31.272323,34.809559
באר שבע,ז'בוטינסקי זאב,15,שכונת ג,31.249655,34.809039
באר שבע,סימון ארנסט דוד,19,שכונת רמות,31.269456,34.807200
באר שבע,אמיר אברהם,88,שכונת רמות,31.278100,34.822801
באר שבע,שטיינברג יהודה,22,,31.268553,34.772209
באר שבע,עכו,62,שכונת נאות לון,31.251108,34.766763
באר שבע,חיבת ציון,11,,31.252690,34.810614
באר שבע,הפלדה,11,,31.223965,34.811811
באר שבע,ארן זלמן,42,שכונת יא,31.257098,34.760445
באר שבע,חשין,14,שכונת ו,31.269380,34.775183
באר שבע,משה יצחק,15,,31.275013,34.805464
באר שבע,עמיר אנדה,38,,31.271939,34.766535
באר שבע,מסקין אהרון,17,שכונת נווה מנחם,31.269985,34.767110
באר שבע,אביגיל,3,,31.268375,34.761988
באר שבע,מולכו שלמה,20,,31.264739,34.762991
באר שבע,הזוהר,12,שכונת ד,31.271438,34.788663
באר שבע,אבישי,19,,31.261746,34.778818
באר שבע,קהירי,30,שכונת רמות הרכס,31.284591,34.801215
באר שבע,המלכים,80,שכונת נווה מנחם,31.265646,34.755064
באר שבע,בני אור,26,שכונת ב,31.258812,34.785273
באר שבע,שמאלי אליעזר,10,שכונת נווה זאב,31.240050,34.771739
באר שבע,זינדר חמדה וצבי,32,,31.224404,34.775919
באר שבע,הרב סילברט,3,שכונת ד,31.270684,34.787965
באר שבע,אורות ישראל,49,,31.235972,34.762528
באר שבע,בנטואיץ יוסף,16,שכונת רמות,31.269044,34.806378
באר שבע,קציר אהרון,35,שכונת רמות,31.272785,34.808467
באר שבע,אלישר,36,,31.273208,34.817588
באר שבע,צ'לנוב יחיאל,7,,31.265771,34.760883
באר שבע,זנגויל ישראל,9,,31.265228,34.761100
באר שבע,המר זבולון,15,שכונת רמות,31.267191,34.811548
באר שבע,כיכר הגנים,20,,31.230764,34.790280
באר שבע,הדעת,98,,31.273344,34.803930
באר שבע,חזני מיכאל,36,שכונת יא,31.262463,34.770669
באר שבע,רינגלבלום,98,שכונת ד,31.269350,34.799958
באר שבע,שריג נחום,38,שכונת רמות הרכס,31.284214,34.806421
באר שבע,הלפרין,15,,31.262085,34.755922
באר שבע,יוספטל גיורא,1,שכונת ד,31.270524,34.796085
באר שבע,מבצע עובדה,38,שכונת ו,31.260474,34.776849
באר שבע,ויטנברג יצחק,15,שכונת נחל בקע,31.225066,34.780120
באר שבע,משעול מצפה,7,,31.246217,34.778283
באר שבע,הרב גורן שלמה,27,שכונת נאות לון,31.244393,34.764481
באר שבע,ששון אליהו,4,,31.256878,34.766331
באר שבע,גיבתון חנוך,4,,31.223295,34.778145
באר שבע,רחבת הראל,4,שכונת ו,31.263913,34.774506
באר שבע,רחבת פל-ים,30,,31.264458,34.776968
באר שבע,טווס,4,,31.278213,34.823191
באר שבע,קיפוד,23,שכונת ה,31.250420,34.777802
באר שבע,ממשית,27,שכונת ט,31.244423,34.768490
באר שבע,אורבך אפרים,1,שכונת נאות לון,31.248252,34.759997
באר שבע,הר רמון,60,,31.276508,34.808812
באר שבע,ז'בוטינסקי זאב,3,שכונת ג,31.248071,34.807844
באר שבע,גולדברג לאה,12,שכונת ב,31.253110,34.793877
באר שבע,סמילנסקי,14,,31.236817,34.788502
באר שבע,המדע,76,,31.272127,34.807328
באר שבע,אייזנשטדט,16,,31.276972,34.824252
באר שבע,פלדברג שמואל,40,,31.274897,34.826038
באר שבע,בית שאן,132,שכונת נאות לון,31.247759,34.766832
באר שבע,עמרי,19,,31.261638,34.780971
באר שבע,ורבורג,1,שכונת א,31.248663,34.785332
באר שבע,ארניה אסוולדו,75,שכונת ד,31.266099,34.801875
באר שבע,הרב אסף שמחה,31,שכונת ד,31.266196,34.802605
באר שבע,בצלאל,5,שכונת ב,31.252353,34.790659
באר שבע,הגנן,23,,31.217871,34.809571
באר שבע,ורד,13,שכונת נווה נוי,31.231493,34.779108
באר שבע,?,94,שכונת ד,31.259240,34.788596
באר שבע,טוב משה,2,,31.266696,34.759503
באר שבע,פורת קלמן,2,שכונת רמות הרכס,31.285941,34.803988
באר שבע,מאפו אברהם,6,שכונת נווה זאב,31.236233,34.774807
באר שבע,סעדיה גאון,13,שכונת ב,31.257905,34.789224
באר שבע,מזר בנימין,18,,31.243854,34.760916
באר שבע,סייפן,12,שכונת נווה נוי,31.231016,34.781889
באר שבע,אולשן יצחק,14,שכונת ו,31.268872,34.774762
באר שבע,יוהנה ז'בוטינסקי,52,שכונת נווה זאב,31.237069,34.771404
באר שבע,הרב קפאח,22,שכונת נאות לון,31.252701,34.763335
באר שבע,המסילה,13,שכונת אזור תעשיה,31.255509,34.820429
באר שבע,נויפלד הנרי,17,שכונת רמות,31.268902,34.807920
באר שבע,רחבת מבצע ארז,10,שכונת ו,31.265956,34.781335
באר שבע,ביאליק,23,שכונת ב,31.254007,34.792050
באר שבע,גרשון,28,שכונת עיר עתיקה,31.242101,34.790985
באר שבע,?,72,שכונת ד,31.259021,34.789159
באר שבע,חטיבת הנגב,15,שכונת עיר עתיקה,31.238472,34.783038
באר שבע,שופט אברהם,116,שכונת רמות,31.269185,34.811550
באר שבע,זריצקי יוסף,13,,31.260277,34.760309
באר שבע,בלוך רודולף,14,,31.271907,34.808669
באר שבע,פיינשטיין מאיר,8,שכונת רמות,31.267827,34.815472
באר שבע,רונאל דב,3,שכונת נווה זאב,31.240720,34.772779
באר שבע,הבדיל,11,שכונת עמק שרה,31.226943,34.809818
באר שבע,בן חיים פאול,55,,31.224042,34.774841
באר שבע,שלמה המלך,39,שכונת ד,31.259753,34.795933
באר שבע,טור סיני נפתלי,2,שכונת רמות,31.270308,34.806281
באר שבע,חזני מיכאל,12,שכונת יא,31.260904,34.772296
באר שבע,?,182,שכונת ו,31.258839,34.779549
באר שבע,דותן,1,שכונת נווה מנחם,31.265084,34.763039
באר שבע,משעול פנקס דוד,32,שכונת יא,31.255092,34.762893
באר שבע,אשכולית,6,שכונת רמות הרכס,31.288228,34.802494
באר שבע,מודעי יצחק,45,שכונת רמות,31.267471,34.809438
באר שבע,בר יוחאי,2,שכונת ד,31.273373,34.795997
באר שבע,פרץ י ל,41,שכונת נווה זאב,31.241358,34.778205
באר שבע,דונקלבלום מנחם,7,שכונת ו,31.268911,34.773711
באר שבע,מסקין אהרון,34,,31.271228,34.766535
באר שבע,גרינפלד,8,שכונת רמות הרכס,31.281058,34.800511
באר שבע,כיכר הגנים,12,שכונת נווה נוי,31.230236,34.789156
באר שבע,האז גיאורג,14,שכונת רמות,31.274110,34.806209
באר שבע,חכים אליהו,24,,31.272012,34.812857
באר שבע,ארן זלמן,40,,31.257114,34.760122
באר שבע,חסמן מרק,37,שכונת נווה מנחם,31.264872,34.753247
באר שבע,קורא הדורות,8,שכונת נאות לון,31.251412,34.760701
באר שבע,אהוד בן גרא,40,שכונת נווה זאב,31.242219,34.778645
באר שבע,אביתר הכהן,3,,31.267718,34.766401
באר שבע,הרב פרנק,11,,31.267341,34.781215
באר שבע,אירוס הנגב,20,,31.229639,34.795867
באר שבע,רחל אמנו,14,שכונת נווה מנחם,31.269207,34.766177
באר שבע,דרך מצדה,124,שכונת ו,31.259302,34.786762
באר שבע,בר כוכבא,15,,31.243782,34.781201
באר שבע,שד ירושלים,81,שכונת ט,31.245930,34.773476
באר שבע,חשין,8,,31.268964,34.775438
באר שבע,"רחבת לח""י",44,שכונת ו,31.263769,34.776122
באר שבע,פרופ' שיבא,42,,31.260436,34.757003
באר שבע,שד בן גוריון,24,שכונת ג,31.259141,34.810236
באר שבע,רזיאל,11,שכונת ג,31.258120,34.810693
באר שבע,הנגבי,12,שכונת רמות הרכס,31.284744,34.804807
באר שבע,הכותל המערבי,67,שכונת א,31.250659,34.785673
באר שבע,הלפרין,30,,31.261983,34.755355
באר שבע,שד ירושלים,2,שכונת ט,31.245400,34.782245
באר שבע,שטה,12,,31.233236,34.791043
באר שבע,שלשת בני עין חרוד,41,שכונת עיר עתיקה,31.238291,34.791596
באר שבע,אלמוג,13,שכונת נווה נוי,31.229994,34.785118
באר שבע,מורדי הגטאות,100,,31.240098,34.791545
באר שבע,צפורי,7,שכונת ט,31.246410,34.777433
באר שבע,"רמב""ן",29,,31.271353,34.785026
באר שבע,גיבתון חנוך,66,,31.225460,34.775328
באר שבע,זילברג משה,21,שכונת ו,31.269820,34.775179
באר שבע,מבצע חירם,7,,31.260982,34.785335
באר שבע,צביה ויצחק,29,שכונת נחל בקע,31.224202,34.779618
באר שבע,יוחנן הורקנוס,54,שכונת ד,31.266391,34.795890
באר שבע,אלדד,14,,31.274090,34.822685
באר שבע,פריץ אלברט,10,,31.266319,34.769971
באר שבע,הכנסת,2,שכונת ד,31.271384,34.796243
באר שבע,"שז""ר זלמן",9,שכונת מרכז אזרחי,31.248218,34.803284
באר שבע,רחבת הרב קוק,9,שכונת יא,31.258147,34.771088
באר שבע,"הפלמ""ח",52,,31.239028,34.789090
באר שבע,לאה,13,שכונת נווה מנחם,31.267931,34.760779
באר שבע,ילן-שטקליס מרים,40,,31.271253,34.769641
באר שבע,גיבתון חנוך,58,שכונת נחל בקע,31.225219,34.775619
באר שבע,קרן קיימת לישראל,175,שכונת עיר עתיקה,31.239531,34.789231
באר שבע,דה-שליט עמוס,28,שכונת רמות,31.272514,34.807534
באר שבע,קרוק גלעד דורותיה,3,שכונת רמות,31.270065,34.806196
באר שבע,רחבת הרב קוק,3,שכונת יא,31.258486,34.771437
באר שבע,הקנאים,12,שכונת ד,31.269925,34.793178
באר שבע,יוכבד בת מרים,41,שכונת נווה מנחם,31.268766,34.768845
באר שבע,האבות,22,,31.237883,34.789628
באר שבע,רחבת פל-ים,12,,31.264846,34.776407
באר שבע,הנדיב,9,שכונת ג,31.253843,34.811294
באר שבע,לרון אפרים,53,,31.231556,34.764616
באר שבע,שיפר יצחק,23,שכונת ד,31.270953,34.799519
באר שבע,התיבונים,23,שכונת נאות לון,31.252857,34.763686
באר שבע,מבצע דני,14,,31.260472,34.783122
באר שבע,סרלין יוסף,32,,31.260733,34.763140
באר שבע,וילנר אריה,9,,31.223556,34.779280
באר שבע,דרך מצדה,13,שכונת ד,31.258159,34.795666
באר שבע,אנילביץ,19,,31.237589,34.788345
באר שבע,אהרונסון,39,שכונת נווה מנחם,31.266934,34.760203
באר שבע,בן סרוק מנחם,5,שכונת נאות לון,31.251887,34.762433
באר שבע,שטיינברג יהודה,3,,31.267829,34.772886
באר שבע,נשר,15,,31.226752,34.766408
באר שבע,מודעי יצחק,33,שכונת רמות,31.266435,34.808985
באר שבע,אברבנאל,26,,31.255005,34.768225
באר שבע,רבקה,43,,31.269782,34.762274
באר שבע,המסגר,8,,31.224155,34.810485
באר שבע,עמיר אנדה,5,שכונת נווה מנחם,31.270230,34.767880
באר שבע,קיפניס לוין,1,שכונת נווה זאב,31.238189,34.779924
באר שבע,מיכאלסון יצחק,1,שכונת רמות,31.268529,34.807086
באר שבע,בן דוד יוסף,6,,31.272770,34.801020
באר שבע,קרוק גלעד דורותיה,7,שכונת רמות,31.270008,34.806352
באר שבע,חן ארנסט,9,,31.271077,34.807747
באר שבע,אסף הרופא,3,שכונת ב,31.255695,34.793146
באר שבע,"חז""ל",41,שכונת ד,31.257497,34.793140
באר שבע,חזמה יעקב,34,,31.223255,34.773616
באר שבע,גרשון,23,,31.241125,34.792064
באר שבע,אבן ארי מיכאל,32,,31.275740,34.806153
באר שבע,הגאונים,13,שכונת נאות לון,31.251861,34.761124
באר שבע,חוחית,3,,31.228017,34.764699
באר שבע,שמחוני אסף,16,שכונת עיר עתיקה,31.244253,34.790155
באר שבע,"רש""י",78,שכונת ד,31.268076,34.788581
באר שבע,פריץ אלברט,12,,31.266219,34.769803
באר שבע,הנוטר,5,,31.253374,34.803052
באר שבע,רינגלבלום,42,שכונת ד,31.267904,34.800466
באר שבע,חגלה,35,שכונת ה,31.249851,34.782090
באר שבע,שנונית,30,שכונת ה,31.251293,34.778093
באר שבע,שירמן חיים,17,,31.272728,34.805145
באר שבע,פורת לאה,13,שכונת נחל בקע,31.222693,34.776812
באר שבע,אבנר,23,,31.261127,34.777739
באר שבע,פטנקין דן,8,,31.247376,34.761085
באר שבע,עולי הגרדום,13,,31.251305,34.805558
באר שבע,סתונית,12,שכונת נווה נוי,31.229015,34.780812
באר שבע,טל חרמון,42,שכונת נווה זאב,31.236162,34.765261
באר שבע,רייק חביבה,29,שכונת ג,31.258137,34.808119
באר שבע,"משעול בית""ר",8,שכונת ד,31.259905,34.790570
באר שבע,פרופ' שיבא,5,,31.260300,34.759343
באר שבע,סביון,3,שכונת נווה נוי,31.233075,34.780563
באר שבע,בובר מרטין,13,,31.267309,34.770720
באר שבע,בלוך רודולף,64,שכונת רמות,31.273910,34.807279
באר שבע,יאיר,17,,31.239774,34.792473
באר שבע,ירבוע,27,שכונת ה,31.251378,34.778225
באר שבע,הפחח,5,,31.224263,34.810737
באר שבע,אנקור,54,,31.231480,34.771586
באר שבע,פרטוש עדן,35,,31.223063,34.775308
באר שבע,המלכים,45,,31.265177,34.755317
באר שבע,יערי מאיר,38,שכונת יא,31.257693,34.763222
באר שבע,"הפלמ""ח",32,שכונת עיר עתיקה,31.238401,34.789987
באר שבע,שד יעלים,32,שכונת ה,31.250747,34.779797
באר שבע,די זהב אפרים,19,שכונת נחל בקע,31.222701,34.775828
באר שבע,סדן דב,7,שכונת רמות,31.268914,34.805862
באר שבע,אלמוג,14,שכונת נווה נוי,31.230317,34.785165
באר שבע,רחל המשוררת,9,שכונת ב,31.253703,34.793823
באר שבע,אלוף מנדלר אלברט,9,שכונת רמות,31.268507,34.811114
באר שבע,הבדיל,24,,31.224994,34.809235
באר שבע,חזני מיכאל,5,שכונת יא,31.261006,34.770801
באר שבע,פרופ' שיבא,32,,31.260054,34.757727
באר שבע,גיבתון חנוך,46,,31.224871,34.776097
באר שבע,פראוור יהושע,19,שכונת רמות,31.272594,34.806498
באר שבע,טרומפלדור,58,,31.239348,34.791813
באר שבע,שטה,35,,31.231365,34.791322
באר שבע,בן יוסף שלמה,12,,31.270963,34.812585
באר שבע,מבצע דני,2,,31.259596,34.783360
באר שבע,כלנית,16,שכונת נווה נוי,31.231831,34.781365
באר שבע,שטיין ריכרד,40,שכונת ו,31.266692,34.769286
באר שבע,משעול עקרון,3,שכונת ט,31.245509,34.775024
באר שבע,לאה,48,שכונת נווה מנחם,31.269623,34.760059
באר שבע,לוזון אפרים,24,,31.265228,34.759849
באר שבע,בוסקוביץ אלכסנדר,22,שכונת נחל בקע,31.220593,34.773309
באר שבע,גיבתון חנוך,38,,31.224614,34.776414
באר שבע,הרב קפאח,52,שכונת נאות לון,31.253361,34.760716
באר שבע,שיבטה,25,שכונת נאות לון,31.245667,34.768621
באר שבע,הס משה,3,,31.250423,34.793121
באר שבע,חזמה יעקב,39,,31.223294,34.773205
באר שבע,יפה אברהם,44,שכונת רמות הרכס,31.285293,34.807362
באר שבע,המכונאי,10,שכונת עמק שרה,31.222041,34.809942
באר שבע,מבצע חירם,21,,31.260785,34.783860
באר שבע,בן חיים פאול,13,,31.221696,34.772417
באר שבע,הרב קפאח,20,שכונת נאות לון,31.252641,34.763540
באר שבע,חזן יעקב,32,שכונת רמות,31.275710,34.818268
באר שבע,גלילי ישראל,14,שכונת רמות הרכס,31.283691,34.804055
באר שבע,דיה,36,שכונת פלח שבע,31.231456,34.762401
באר שבע,רוקח ישראל,18,,31.261585,34.766204
באר שבע,אלדד,17,,31.274846,34.823617
באר שבע,אנילביץ,7,שכונת עיר עתיקה,31.237046,34.789092
באר שבע,גמל,17,שכונת ה,31.248805,34.779202
באר שבע,פטנקין דן,4,,31.247216,34.761162
באר שבע,המדע,22,שכונת רמות,31.269540,34.807146
באר שבע,קורא הדורות,6,שכונת נאות לון,31.251472,34.760870
באר שבע,אבן שפרוט,4,שכונת נאות לון,31.251016,34.763628
באר שבע,חטיבת הנגב,24,שכונת עיר עתיקה,31.238646,34.784080
באר שבע,אבן ארי מיכאל,5,שכונת רמות,31.274281,34.807278
באר שבע,גרינשפן הרשל,3,,31.267886,34.758803
באר שבע,קלצ'קין רפאל,5,שכונת נווה מנחם,31.269434,34.772225
באר שבע,עמוס,8,שכונת עיר עתיקה,31.236544,34.785211
באר שבע,פטנקין דן,33,,31.246357,34.758702
באר שבע,אלכסנדר ינאי,5,שכונת ד,31.262813,34.796368
באר שבע,הקוצר,17,,31.212838,34.809461
באר שבע,פינקל שמעון,9,שכונת נווה מנחם,31.263502,34.758552
באר שבע,רחבת הראל,35,שכונת ו,31.263892,34.775462
באר שבע,הרב קפאח,24,שכונת נאות לון,31.252713,34.763175
באר שבע,זינדר חמדה וצבי,6,,31.222968,34.777649
באר שבע,בן סרוק מנחם,9,שכונת נאות לון,31.251755,34.762084
באר שבע,אפרת יעקב,7,,31.269997,34.772045
באר שבע,נרקיס עוזי,23,שכונת רמות הרכס,31.282963,34.804313
באר שבע,בורלא יהודה,35,שכונת ה,31.251642,34.775317
באר שבע,שרעבי,9,,31.255280,34.811966
באר שבע,אבן עזרא,26,,31.270639,34.785736
באר שבע,הנוקם,11,שכונת עיר עתיקה,31.241959,34.783622
באר שבע,דן,6,שכונת עיר עתיקה,31.238164,34.781160
באר שבע,ויטנברג יצחק,13,,31.224946,34.780175
באר שבע,אולשן יצחק,6,שכונת ו,31.268595,34.774954
באר שבע,אבשלום,27,שכונת נווה מנחם,31.266031,34.766371
באר שבע,שטיין ריכרד,61,,31.266265,34.769169
באר שבע,תלמה,18,,31.220832,34.773910
באר שבע,החורש,28,,31.217510,34.810272
באר שבע,יוסף בן מתתיהו,31,שכונת ד,31.265657,34.800386
באר שבע,זילברג משה,15,שכונת ו,31.269513,34.775454
באר שבע,השופט אלקיים,4,שכונת נאות לון,31.243102,34.764857
באר שבע,הפלס,13,,31.226372,34.810842
באר שבע,דרך מצדה,268,שכונת יא,31.252914,34.770456
באר שבע,המר זבולון,30,שכונת רמות,31.267269,34.812298
באר שבע,עכו,45,שכונת נאות לון,31.251979,34.767428
באר שבע,פקועה,14,,31.231404,34.794948
באר שבע,אלבק חנוך,12,שכונת רמות,31.271241,34.804149
באר שבע,שטה,21,,31.232507,34.791295
באר שבע,סלנט שמואל,8,שכונת ו,31.267682,34.780519
באר שבע,גרינשפן הרשל,25,שכונת נווה מנחם,31.268062,34.757669
באר שבע,זלפה,18,,31.270217,34.763138
באר שבע,סלעית,3,שכונת ה,31.248668,34.781944
באר שבע,רודנסקי שמואל,122,שכונת נווה מנחם,31.271352,34.767939
באר שבע,האיילה,23,שכונת ה,31.251631,34.777828
באר שבע,עמיר אנדה,15,,31.270567,34.767554
באר שבע,"רש""י",8,שכונת ד,31.268319,34.786927
באר שבע,זריצקי יוסף,40,,31.260488,34.761706
באר שבע,לוזון אפרים,37,,31.265508,34.758951
באר שבע,שדרת הערים התאומות,11,שכונת רמות הרכס,31.278707,34.798949
באר שבע,סביון,33,שכונת נווה נוי,31.233022,34.778799
באר שבע,רבקה,57,,31.270204,34.761644
באר שבע,מבצע דני,27,,31.261166,34.781859
באר שבע,מיכאלסון יצחק,4,שכונת רמות,31.268272,34.806975
באר שבע,קרן קיימת לישראל,140,שכונת עיר עתיקה,31.240098,34.788888
באר שבע,ההסתדרות,46,שכונת עיר עתיקה,31.238945,34.788562
באר שבע,אלבק חנוך,16,שכונת רמות,31.271287,34.804348
באר שבע,חרדון,5,שכונת ה,31.249171,34.778855
באר שבע,סרלין יוסף,15,,31.260179,34.762859
באר שבע,הרב גבאי מנחם,30,שכונת ד,31.271439,34.793502
באר שבע,ארגוב אלכסנדר,1,,31.248031,34.758920
באר שבע,משה יצחק,11,,31.274910,34.805590
באר שבע,וולפסון דוד,26,שכונת מרכז אזרחי,31.245411,34.801193
באר שבע,ארץ חמדה,17,,31.234644,34.763537
באר שבע,שטיינברג יהודה,62,שכונת ו,31.267505,34.770504
באר שבע,גד,4,שכונת עיר עתיקה,31.239518,34.782983
באר שבע,שטה,4,,31.233944,34.791114
באר שבע,משעול פנקס דוד,20,שכונת יא,31.254750,34.764230
באר שבע,שלום עליכם,1,שכונת ב,31.255674,34.794131
באר שבע,חכים אליהו,61,,31.273716,34.814787
באר שבע,אירוס הנגב,41,,31.228616,34.793544
באר שבע,בית אשל,44,שכונת עיר עתיקה,31.238404,34.793105
באר שבע,המר זבולון,21,שכונת רמות,31.267291,34.811456
באר שבע,אירוס הנגב,28,,31.229276,34.795205
באר שבע,סמולנסקין,3,,31.267094,34.756508
באר שבע,שופט אברהם,29,שכונת רמות,31.267607,34.811982
באר שבע,שיפר יצחק,19,שכונת ד,31.271047,34.798941
באר שבע,התלמוד,105,שכונת ד,31.268895,34.784707
באר שבע,גירית,4,שכונת ה,31.249705,34.779473
באר שבע,פיינשטיין מאיר,18,,31.268453,34.815015
באר שבע,וילנסקי משה,63,,31.246983,34.760876
באר שבע,עפרים,5,שכונת ה,31.249703,34.777645
באר שבע,תקוע יוסף,127,,31.277815,34.819816
באר שבע,החורש,19,,31.216974,34.810079
באר שבע,אבן עזרא,61,,31.270199,34.785166
באר שבע,ויניק זאב,16,,31.258853,34.759368
באר שבע,צבר,22,,31.231927,34.794275
באר שבע,הגנן,13,שכונת עמק שרה,31.217719,34.810833
באר שבע,הרב חביב חיים,17,,31.251281,34.759744
באר שבע,יציאת אירופה,28,שכונת ה,31.251800,34.784589
באר שבע,יציאת אירופה,32,שכונת ה,31.251957,34.784775
באר שבע,בן סרוק מנחם,6,שכונת נאות לון,31.252171,34.762810
באר שבע,מינץ,8,,31.258147,34.776633
באר שבע,בית צורי אליהו,20,,31.272185,34.814420
באר שבע,הר בוקר,91,,31.276039,34.808037
באר שבע,שד ירושלים,95,שכונת ט,31.246203,34.773001
באר שבע,גרוסמן מאיר,27,שכונת נווה זאב,31.237283,34.767422
באר שבע,אסר טוביאס,15,שכונת רמות,31.272349,34.801962
באר שבע,אלעזר בן יאיר,5,שכונת ד,31.263588,34.791663
באר שבע,לאה,26,,31.268675,34.760718
באר שבע,פשוש,9,,31.230551,34.765218
באר שבע,קציר אהרון,41,שכונת רמות,31.273063,34.808282
באר שבע,העליה,81,שכונת ה,31.256510,34.775746
באר שבע,"רחבת לח""י",8,שכונת ו,31.264384,34.775377
באר שבע,פרנק ג'ימס,3,שכונת רמות,31.274001,34.800043
באר שבע,יוחנן הורקנוס,35,שכונת ד,31.265939,34.795276
באר שבע,בן צבי יצחק,5,,31.244420,34.797828
באר שבע,השלום,15,,31.252608,34.802407
באר שבע,אמיר אברהם,47,,31.277535,34.823015
באר שבע,חיבת ציון,16,,31.252243,34.810172
באר שבע,אירוס הנגב,56,,31.228785,34.792848
באר שבע,קרן קיימת לישראל,122,שכונת עיר עתיקה,31.239684,34.789503
באר שבע,ורד,11,שכונת נווה נוי,31.231616,34.779091
באר שבע,יוסף בן מתתיהו,68,שכונת ד,31.265060,34.800623
באר שבע,גרינשפן הרשל,21,שכונת נווה מנחם,31.268277,34.757957
באר שבע,דרך מצדה,138,שכונת ו,31.259414,34.785085
באר שבע,חיבת ציון,19,,31.252455,34.810679
באר שבע,תמיר שמואל,18,,31.263090,34.765096
באר שבע,ורד,30,שכונת נווה נוי,31.230519,34.778753
באר שבע,בר-לב חיים,1,שכונת ו,31.266269,34.775101
באר שבע,פרנק ג'ימס,12,,31.274107,34.800472
באר שבע,גולדמן נחום,19,שכונת רמות הרכס,31.278831,34.802557
באר שבע,אבן-שושן אברהם,12,,31.243288,34.761706
באר שבע,רותם,13,,31.230134,34.795895
באר שבע,רודנסקי שמואל,50,שכונת נווה מנחם,31.271781,34.771643
באר שבע,קציר אהרון,4,שכונת רמות,31.271480,34.809695
באר שבע,דרבן,21,שכונת ה,31.250544,34.777508
באר שבע,אירוס הנגב,115,,31.228711,34.786678
באר שבע,משעול פנקס דוד,30,שכונת יא,31.255031,34.763018
באר שבע,כיכר הגנים,15,שכונת נווה נוי,31.230571,34.789339
באר שבע,פרנק ג'ימס,2,,31.273611,34.800391
באר שבע,הרב טנא שלמה,12,שכונת נווה זאב,31.233796,34.783747
באר שבע,הדסה,29,שכונת עיר עתיקה,31.239648,34.791629
באר שבע,הנוקם,9,שכונת עיר עתיקה,31.242119,34.783776
באר שבע,ההסתדרות,98,שכונת עיר עתיקה,31.241241,34.790636
באר שבע,בזל,52,שכונת א,31.250707,34.789382
באר שבע,ילן-שטקליס מרים,4,,31.271175,34.771546
באר שבע,תקוע יוסף,55,,31.276855,34.818431
באר שבע,בוסקוביץ אלכסנדר,20,שכונת נחל בקע,31.220544,34.773425
באר שבע,טביוב,14,שכונת נווה מנחם,31.267505,34.757418
באר שבע,הכט ראובן,55,,31.274784,34.817363
באר שבע,רינגלבלום,10,שכונת ד,31.267193,34.800505
באר שבע,יוחנן הורקנוס,58,שכונת ד,31.266337,34.796036
באר שבע,העליה,76,שכונת ה,31.256975,34.777525
באר שבע,התיבונים,1,שכונת נאות לון,31.251275,34.761923
באר שבע,פסמון,43,שכונת ה,31.250224,34.778073
באר שבע,פשוש,28,,31.230867,34.764675
באר שבע,גרינבוים יצחק,8,,31.261527,34.765350
באר שבע,מבצע יואב,54,,31.262445,34.780084
באר שבע,דרך המשחררים,104,שכונת ה,31.248147,34.783069
באר שבע,סנהדרין,106,שכונת ד,31.270196,34.789848
באר שבע,גיבתון חנוך,2,,31.223210,34.778202
באר שבע,גרשון,27,,31.241110,34.791983
באר שבע,רוזן פנחס,18,,31.261961,34.764117
באר שבע,רבקה,26,,31.269623,34.763083
באר שבע,מבצע חורב,8,,31.260162,34.784743
באר שבע,אבן-שושן אברהם,77,שכונת נאות לון,31.244783,34.758648
באר שבע,אנקור,34,שכונת נווה זאב,31.232143,34.772229
באר שבע,תקוע יוסף,49,,31.276855,34.818632
באר שבע,אלתרמן,11,,31.252962,34.773802
באר שבע,החורש,17,,31.216914,34.810498
באר שבע,עכו,57,שכונת נאות לון,31.251965,34.766584
באר שבע,בסקין צבי,6,שכונת ג,31.250859,34.804893
באר שבע,רופין ארתור,17,,31.264557,34.768996
באר שבע,אבשלום,8,שכונת נווה מנחם,31.265310,34.765333
באר שבע,בית אשל,13,,31.237412,34.791804
באר שבע,דוד הראובני,48,שכונת נווה מנחם,31.263560,34.763049
באר שבע,המכתשים,6,שכונת ד,31.268436,34.794942
באר שבע,כלנית,27,שכונת נווה נוי,31.232536,34.780994
באר שבע,בת שבע,4,שכונת נווה מנחם,31.269248,34.762496
באר שבע,אינשטיין,14,שכונת ב,31.255833,34.791076
באר שבע,שרעבי,35,שכונת ג,31.253767,34.811953
באר שבע,מנדלסון,10,שכונת ב,31.256937,34.790360
באר שבע,פיינברג אבשלום,36,,31.265423,34.758957
באר שבע,מבצע חירם,6,,31.261402,34.784972
באר שבע,נורית,13,שכונת נווה נוי,31.231829,34.778389
באר שבע,מקלף מרדכי,56,שכונת ו,31.268509,34.775652
באר שבע,הרמלין יוסף,8,שכונת רמות,31.266377,34.813320
באר שבע,אהרונסון,19,,31.266142,34.761453
באר שבע,חזמה יעקב,36,,31.223367,34.773496
באר שבע,חביב אבשלום,14,,31.268897,34.815435
באר שבע,רחל אמנו,49,שכונת נווה מנחם,31.270878,34.763685
באר שבע,חבס ברכה,5,שכונת נווה מנחם,31.270105,34.768751
באר שבע,בר הלל יהושע,13,שכונת רמות,31.270041,34.804990
באר שבע,ויטנברג יצחק,3,שכונת נחל בקע,31.224527,34.780292
באר שבע,שדרת חיל הנדסה,2,,31.244388,34.811673
באר שבע,יוחנן הורקנוס,51,שכונת ד,31.266730,34.795723
באר שבע,ביאליק,29,שכונת ב,31.253865,34.792605
באר שבע,ביאליק,25,שכונת ב,31.253876,34.792224
באר שבע,דרך מצדה,76,שכונת ד,31.259157,34.789140
באר שבע,גרונר דב,31,,31.270683,34.811995
באר שבע,פרנק ג'ימס,9,שכונת רמות,31.274292,34.800159
באר שבע,פרומקין גד,14,שכונת ו,31.270526,34.778835
באר שבע,חזמה יעקב,40,,31.223501,34.773330
באר שבע,בעלי התוספות,21,,31.271498,34.786767
באר שבע,יוחנן הורקנוס,80,שכונת ד,31.267112,34.796339
באר שבע,שופט אברהם,114,שכונת רמות,31.269042,34.811644
באר שבע,פיקרד,48,,31.279172,34.801935
באר שבע,?,78,שכונת ד,31.259241,34.789367
באר שבע,לוזון אפרים,56,שכונת נווה מנחם,31.266980,34.757330
באר שבע,לויצקי יעקב,3,שכונת רמות,31.276049,34.805158
באר שבע,משעול חפר,28,שכונת ט,31.246256,34.772266
באר שבע,רחבת מבצע ארז,22,שכונת ו,31.265789,34.781297
באר שבע,הרב עדני,2,שכונת נאות לון,31.252818,34.765444
באר שבע,"הפלמ""ח",75,שכונת עיר עתיקה,31.239264,34.788303
באר שבע,רחבת אמציה,15,שכונת ו,31.264942,34.784235
באר שבע,פורת לאה,12,,31.222773,34.777056
באר שבע,הר תבור,7,,31.276681,34.810802
באר שבע,רונאל דב,15,שכונת נווה זאב,31.240059,34.772154
באר שבע,שתל יצחק,16,,31.277147,34.820726
באר שבע,הפלדה,17,,31.223671,34.811929
באר שבע,נגבה,50,,31.241996,34.782039
באר שבע,גבריהו חיים,3,שכונת רמות,31.275646,34.804614
באר שבע,עוזיה המלך,9,שכונת ד,31.260783,34.793981
באר שבע,תלמה,29,,31.221116,34.773246
באר שבע,צבעוני,19,שכונת נווה נוי,31.231031,34.779858
באר שבע,מבצע יואב,19,שכונת ו,31.259369,34.780282
באר שבע,בארון דבורה,11,שכונת ב,31.252860,34.793834
באר שבע,ארניה אסוולדו,59,שכונת ד,31.266428,34.802228
באר שבע,רובינא חנה,28,שכונת נווה מנחם,31.269963,34.769014
באר שבע,עבדת,58,שכונת ט,31.244942,34.766937
באר שבע,בדר יוחנן,46,שכונת רמות,31.273398,34.825764
באר שבע,גלילי ישראל,3,שכונת רמות הרכס,31.282500,34.803441
באר שבע,משעול ניצנה,24,שכונת ה,31.247790,34.779189
באר שבע,אברמסון שרגא,10,שכונת רמות הרכס,31.277161,34.798647
באר שבע,הנוקם,5,שכונת עיר עתיקה,31.242214,34.783891
באר שבע,הגלבוע,1,,31.252158,34.773226
באר שבע,רבקה,10,,31.268896,34.764084
באר שבע,שמאלי אליעזר,9,שכונת נווה זאב,31.239340,34.771230
באר שבע,הנגבי,2,,31.283491,34.804790
באר שבע,קויפמן,2,,31.253478,34.772943
באר שבע,זמורה משה,9,,31.269263,34.775565
באר שבע,פינקל שמעון,27,,31.264127,34.756661
באר שבע,דוד אלעזר,23,שכונת ו,31.267053,34.774659
באר שבע,רבי עקיבא,9,שכונת ד,31.259071,34.792902
באר שבע,רנה קסן,71,שכונת רמות,31.276007,34.802426
באר שבע,רייק חביבה,27,שכונת ג,31.258033,34.808105
באר שבע,אביגיל,29,,31.269221,34.760582
באר שבע,המעפילים,23,שכונת ג,31.251394,34.806898
באר שבע,יערה,40,שכונת נווה נוי,31.232770,34.786940
באר שבע,הר חרמון,45,,31.273677,34.813424
באר שבע,ארץ חמדה,13,,31.234700,34.763770
באר שבע,הרצל,53,,31.240997,34.789137
באר שבע,ריבי איזידור,14,שכונת רמות,31.273400,34.800940
באר שבע,בורן מכס,32,שכונת רמות,31.274205,34.803759
באר שבע,ארץ חמדה,45,,31.235492,34.764736
באר שבע,ברנע דב,35,,31.285054,34.802392
באר שבע,ז'בוטינסקי זאב,14,שכונת ג,31.248184,34.808488
באר שבע,ההסתדרות,44,,31.238880,34.788445
באר שבע,סביון,10,שכונת נווה נוי,31.233232,34.779853
באר שבע,גרונר דב,26,,31.270820,34.812286
באר שבע,קהירי,21,שכונת רמות הרכס,31.283646,34.802111
באר שבע,תמיר שמואל,12,שכונת יא,31.263525,34.765456
באר שבע,רודנסקי שמואל,18,,31.270629,34.772671
באר שבע,פטנקין דן,56,,31.246450,34.758383
באר שבע,האוזנר גדעון,67,,31.287249,34.807736
באר שבע,אולשן יצחק,18,שכונת ו,31.269194,34.774609
באר שבע,חזן יעקב,5,,31.275288,34.820615
באר שבע,הרב סילברט,7,שכונת ד,31.270593,34.787749
באר שבע,אירוס הנגב,79,,31.228270,34.789934
באר שבע,סמולנסקין,23,,31.266347,34.755571
באר שבע,אורלנד יעקב,1,,31.248426,34.757057
באר שבע,בת שבע,32,,31.270045,34.761332
באר שבע,הצנחנים,26,,31.225406,34.780348
באר שבע,ריבי איזידור,9,,31.273802,34.801125
באר שבע,גולומב,23,,31.254287,34.801187
באר שבע,הר רמון,23,,31.275539,34.812237
באר שבע,בלקינד נעמן,6,,31.266738,34.759955
באר שבע,ההסתדרות,5,שכונת עיר עתיקה,31.237387,34.786668
באר שבע,פייגנבאום אריה,7,,31.260688,34.757344
באר שבע,רבקה,24,,31.269468,34.763196
באר שבע,בית שאן,42,שכונת נאות לון,31.249293,34.767113
באר שבע,אנפה,4,,31.275529,34.825090
באר שבע,חרדון,1,שכונת ה,31.249111,34.778909
באר שבע,גולדברג לאה,4,שכונת ב,31.253110,34.793485
באר שבע,אסר טוביאס,24,,31.272167,34.802514
באר שבע,שמאלי אליעזר,11,שכונת נווה זאב,31.239176,34.771016
באר שבע,הרב גבאי מנחם,19,שכונת ד,31.271460,34.794216
באר שבע,קרן קיימת לישראל,153,שכונת עיר עתיקה,31.239351,34.789372
באר שבע,גומא,34,שכונת נווה נוי,31.232378,34.786226
באר שבע,נרקיס עוזי,5,שכונת רמות הרכס,31.281982,34.803105
באר שבע,רחבת מבצע ארז,62,שכונת ו,31.265614,34.781754
באר שבע,פריבס משה,23,,31.279514,34.797850
באר שבע,הגאולים,28,,31.247961,34.805296
באר שבע,רודנסקי שמואל,57,,31.271836,34.770340
באר שבע,בלהה,17,שכונת נווה מנחם,31.269692,34.763942
באר שבע,מבצע דני,28,,31.261477,34.782763
באר שבע,פקועה,17,,31.230996,34.794926
באר שבע,שיפר יצחק,9,שכונת ד,31.271527,34.799178
באר שבע,תקוע יוסף,53,,31.276716,34.818450
באר שבע,עמרי,11,,31.261766,34.781966
באר שבע,בורן מכס,27,,31.274233,34.803334
באר שבע,שינדלר אוסקר,26,,31.283196,34.799999
באר שבע,שופמן גרשון,8,שכונת נווה זאב,31.238844,34.774488
באר שבע,"חז""ל",54,שכונת ד,31.257815,34.792360
באר שבע,גירית,45,שכונת ה,31.250465,34.778366
באר שבע,אמיר אברהם,45,שכונת רמות,31.277442,34.823170
באר שבע,אלעזר בן יאיר,21,שכונת ד,31.262466,34.791424
באר שבע,מסקין אהרון,15,שכונת נווה מנחם,31.270125,34.767076
באר שבע,אורות ישראל,58,,31.236160,34.763680
באר שבע,מסקין אהרון,18,,31.270339,34.767452
באר שבע,שד יעלים,41,שכונת ה,31.248355,34.781091
באר שבע,מודעי יצחק,61,שכונת רמות,31.268352,34.809858
באר שבע,עמיר אנדה,48,שכונת נווה מנחם,31.272222,34.766062
באר שבע,גוטמן נחום,2,שכונת נווה זאב,31.238327,34.779630
באר שבע,מודעי יצחק,22,שכונת רמות,31.265648,34.809145
באר שבע,עמיר אנדה,11,,31.270420,34.767685
באר שבע,שיבטה,12,שכונת ט,31.244471,34.770045
באר שבע,ישעיהו ישראל,25,שכונת יא,31.256892,34.764697
באר שבע,סביון,29,שכונת נווה נוי,31.233017,34.779029
באר שבע,הר עודד,9,,31.273270,34.811566
באר שבע,סייפן,20,שכונת נווה נוי,31.231567,34.781829
באר שבע,רבי עקיבא,44,שכונת ד,31.259353,34.791473
באר שבע,גבולות,13,שכונת ט,31.244646,34.771574
באר שבע,שד ירושלים,76,שכונת נאות לון,31.247315,34.771526
באר שבע,פיינשטיין מאיר,23,,31.268940,34.814251
באר שבע,רבקה,48,שכונת נווה מנחם,31.270340,34.762054
באר שבע,אבנר,9,שכונת ו,31.262053,34.777694
באר שבע,הכותל המערבי,43,שכונת א,31.248292,34.785044
באר שבע,סייפן,7,שכונת נווה נוי,31.231443,34.781555
באר שבע,רחבת הראל,16,שכונת ו,31.263397,34.775131
באר שבע,קויפמן,10,שכונת ה,31.253208,34.773381
באר שבע,בית אשל,27,שכונת עיר עתיקה,31.238108,34.792430
באר שבע,הרב חביב חיים,6,שכונת נאות לון,31.251919,34.760343
באר שבע,צוקית,4,,31.232451,34.763550
באר שבע,שרעבי,27,שכונת ג,31.253922,34.812277
באר שבע,בז,47,,31.228479,34.770695
באר שבע,הר נס,3,,31.273387,34.810739
באר שבע,קובנר אבא,14,,31.224890,34.779787
באר שבע,דה-שליט עמוס,17,,31.272175,34.807462
באר שבע,חובב משה,58,שכונת נחל בקע,31.222750,34.776699
באר שבע,מנדלי מוכר ספרים,7,,31.247141,34.793381
באר שבע,חזמה יעקב,10,,31.221518,34.775864
באר שבע,דרור,48,,31.229337,34.768793
באר שבע,"רש""י",1,שכונת ד,31.268518,34.787393
באר שבע,חבצלת הנגב,94,שכונת נווה נוי,31.230731,34.786795
באר שבע,אהוד בן גרא,21,שכונת עיר עתיקה,31.241608,34.779973
באר שבע,אקצין בנימין,25,,31.269571,34.777491
באר שבע,אוליצקי אריה,26,,31.258434,34.758874
באר שבע,דה-שליט עמוס,43,,31.273142,34.806709
באר שבע,עמיר אנדה,28,,31.271620,34.766837
באר שבע,עבדת,23,שכונת ט,31.244633,34.767683
באר שבע,חוחית,21,,31.227336,34.763228
באר שבע,שיפר יצחק,14,שכונת ד,31.270836,34.799849
באר שבע,קרן קיימת לישראל,12,שכונת עיר עתיקה,31.237680,34.792555
באר שבע,המרד,31,,31.270463,34.814661
באר שבע,סטרומה,39,,31.255356,34.777426
באר שבע,שרירא גאון,10,שכונת נאות לון,31.250814,34.760885
באר שבע,נורית,26,שכונת נווה נוי,31.230600,34.778025
באר שבע,בדר יוחנן,38,,31.273117,34.825328
באר שבע,בדר יוחנן,44,שכונת רמות,31.273316,34.825875
באר שבע,עכו,41,שכונת נאות לון,31.251950,34.767705
באר שבע,הוכברג נתנאל,1,,31.270185,34.771842
באר שבע,תלמה,36,,31.221427,34.773177
באר שבע,אבידום מנחם,24,,31.221405,34.774159
באר שבע,קציר אהרון,25,שכונת רמות,31.272471,34.808746
באר שבע,ברוידס אברהם,7,,31.266189,34.756567
באר שבע,המלכים,25,,31.264491,34.757444
באר שבע,חובב משה,41,שכונת נחל בקע,31.222083,34.775606
באר שבע,יסמין,1,,31.231576,34.794294
באר שבע,סמולנסקין,33,שכונת נווה מנחם,31.265680,34.755022
באר שבע,הר חרמון,16,,31.273824,34.811440
באר שבע,אורות ישראל,43,,31.235814,34.762182
באר שבע,שרה אמנו,3,שכונת עיר עתיקה,31.239277,34.785380
באר שבע,העליה,8,שכונת ה,31.250019,34.781715
באר שבע,צבי-רן שלמה,30,,31.273875,34.817983
באר שבע,"חז""ל",23,שכונת ד,31.257523,34.793871
באר שבע,השופט אלקיים,3,שכונת נאות לון,31.242893,34.764454
באר שבע,הר כנען,17,,31.274396,34.812656
באר שבע,פטנקין דן,38,,31.247642,34.759468
באר שבע,פיקרד,62,,31.279918,34.801785
באר שבע,גלילי ישראל,30,שכונת רמות הרכס,31.285464,34.804243
באר שבע,הרב גורן שלמה,17,שכונת נאות לון,31.243877,34.764617
באר שבע,אורלנד יעקב,8,,31.248343,34.756578
באר שבע,הגדודים,22,,31.235604,34.781378
באר שבע,בית צורי אליהו,24,,31.272386,34.814770
באר שבע,המרד,53,,31.272654,34.815491
באר שבע,"רחבת לח""י",60,שכונת ו,31.264174,34.776868
באר שבע,זריצקי יוסף,31,,31.260982,34.761732
באר שבע,מסקין אהרון,75,,31.272012,34.764235
באר שבע,שיטרית,61,,31.254980,34.761739
באר שבע,לוזון אפרים,79,,31.267113,34.756596
באר שבע,יוסף בן מתתיהו,32,שכונת ד,31.264988,34.800121
באר שבע,שד ירושלים,113,שכונת ט,31.245305,34.772006
באר שבע,אפשטיין ישראל,24,,31.276113,34.816040
באר שבע,בלוך רודולף,28,,31.272547,34.808283
באר שבע,ארניה אסוולדו,23,שכונת ד,31.267261,34.801534
באר שבע,בנימין מטודלה,15,שכונת ד,31.268488,34.801074
באר שבע,יערי מאיר,11,שכונת יא,31.258209,34.764032
באר שבע,שלשת בני עין חרוד,81,שכונת עיר עתיקה,31.239440,34.792679
באר שבע,סמבורסקי שמואל,3,,31.271933,34.803292
באר שבע,הרב קפאח,46,שכונת נאות לון,31.253273,34.761109
באר שבע,פינקל שמעון,84,שכונת נווה מנחם,31.265577,34.753901
באר שבע,זהרי מיכאל,39,שכונת רמות,31.275074,34.803225
באר שבע,אבן עזרא,47,שכונת ד,31.269913,34.784796
באר שבע,איילת השחר,32,שכונת נווה זאב,31.237206,34.765098
באר שבע,אלדד,36,,31.273552,34.823751
באר שבע,המכונאי,9,,31.221332,34.809860
באר שבע,ורד,25,שכונת נווה נוי,31.230579,34.779136
באר שבע,דרך המשחררים,15,שכונת ב,31.251308,34.794841
באר שבע,סרלין יוסף,10,שכונת יא,31.259712,34.763241
באר שבע,המרד,67,,31.273233,34.815641
באר שבע,רחבת שמגר השופט,26,שכונת ו,31.262728,34.775854
באר שבע,"שז""ר זלמן",15,שכונת מרכז אזרחי,31.248385,34.803835
באר שבע,פסמון,18,שכונת ה,31.249750,34.778833
באר שבע,אלבק חנוך,18,,31.271425,34.804400
באר שבע,קויפמן,5,,31.253479,34.773351
באר שבע,משעול פנקס דוד,19,שכונת יא,31.254809,34.763209
באר שבע,פינקל שמעון,28,שכונת נווה מנחם,31.264479,34.756714
באר שבע,"רש""י",98,שכונת ד,31.268247,34.788875
באר שבע,קדש,18,שכונת ד,31.267570,34.797290
באר שבע,הנחושת,18,,31.226610,34.808071
באר שבע,"רחבת לח""י",10,שכונת ו,31.264337,34.775250
באר שבע,העליה,65,שכונת ה,31.256573,34.777098
באר שבע,ארן זלמן,57,,31.256975,34.759726
באר שבע,המכתשים,32,שכונת ד,31.269287,34.795383
באר שבע,ארגוב אלכסנדר,23,,31.247490,34.757106
באר שבע,חגלה,33,שכונת ה,31.249798,34.782210
באר שבע,גרונר דב,14,,31.269708,34.813164
באר שבע,משעול ניצנה,3,שכונת ה,31.248521,34.780097
באר שבע,קהירי,20,שכונת רמות הרכס,31.284630,34.800757
באר שבע,מיכאלסון יצחק,10,שכונת רמות,31.268180,34.807283
באר שבע,גלזמן יוסף,11,,31.224626,34.778975
באר שבע,השלום,68,שכונת ג,31.253350,34.810302
באר שבע,המסגר,4,,31.223849,34.810969
באר שבע,ולבר יצחק,14,שכונת נאות לון,31.241860,34.764470
באר שבע,עמרי,10,,31.262062,34.782018
באר שבע,פלדברג שמואל,48,שכונת רמות,31.275322,34.825944
באר שבע,משעול עקרון,17,שכונת ט,31.244834,34.775151
באר שבע,הוגו שמואל,10,שכונת רמות,31.271010,34.805185
באר שבע,קציר אהרון,15,שכונת רמות,31.271906,34.808951
באר שבע,אמיר אברהם,78,שכונת רמות,31.277765,34.823372
באר שבע,ארניה אסוולדו,51,שכונת ד,31.266723,34.802077
באר שבע,עגנון,19,שכונת ה,31.251524,34.777507
באר שבע,מבצע דני,41,,31.260078,34.782146
באר שבע,ולבר יצחק,11,שכונת נאות לון,31.241860,34.764781
באר שבע,אלה,8,שכונת נווה נוי,31.231645,34.785331
באר שבע,האוזנר גדעון,26,שכונת רמות הרכס,31.287457,34.805721
באר שבע,רחבת אלכסנדרוני,10,,31.264856,34.777798
באר שבע,משעול גבעון,12,שכונת ט,31.245011,34.775523
באר שבע,בורן מכס,12,שכונת רמות,31.273426,34.803121
באר שבע,הכשרת הישוב,48,,31.215012,34.812531
באר שבע,משעול פנקס דוד,21,שכונת יא,31.254851,34.762945
באר שבע,"חז""ל",39,שכונת ד,31.257511,34.793191
באר שבע,ילין דוד,59,,31.271665,34.805808
באר שבע,ילין-מור,11,,31.274739,34.822638
באר שבע,פיינברג אבשלום,31,שכונת נווה מנחם,31.265258,34.759162
באר שבע,מנדלסון,8,שכונת ב,31.256987,34.790418
באר שבע,הנוקם,4,,31.242202,34.783512
באר שבע,קרן קיימת לישראל,112,,31.239428,34.789917
באר שבע,תלמה,13,,31.220310,34.774278
באר שבע,גירית,56,שכונת ה,31.250806,34.778119
באר שבע,דרבן,25,שכונת ה,31.250681,34.777623
באר שבע,בזל,39,שכונת א,31.250258,34.786880
באר שבע,חזני מיכאל,48,,31.262590,34.770127
באר שבע,ברוידס אברהם,27,שכונת נווה מנחם,31.265504,34.755763
באר שבע,קרן קיימת לישראל,118,שכונת עיר עתיקה,31.239665,34.789667
באר שבע,סתונית,24,שכונת נווה נוי,31.228766,34.780028
באר שבע,שמעון בר גיורא,24,שכונת ד,31.260542,34.791125
באר שבע,סנהדרין,112,שכונת ד,31.270062,34.789228
באר שבע,?,108,שכונת ד,31.264837,34.798391
באר שבע,רחבת המרי העברי,10,,31.255681,34.777995
באר שבע,ורד,22,שכונת נווה נוי,31.231172,34.778744
באר שבע,אבידוב צבי,1,,31.270200,34.771729
באר שבע,הצבי,2,שכונת ה,31.248798,34.778565
באר שבע,אלקחי מרדכי,8,,31.269712,34.814372
באר שבע,פסמון,34,שכונת ה,31.250106,34.778409
באר שבע,רחבת בן נון,15,שכונת ו,31.262981,34.776623
באר שבע,"הפלמ""ח",85,שכונת עיר עתיקה,31.239703,34.787748
באר שבע,דרזנר יחיאל,5,שכונת רמות,31.267020,34.814885
באר שבע,הברזל,18,,31.218319,34.808959
באר שבע,הר חרמון,41,,31.273679,34.813009
באר שבע,יוכבד בת מרים,33,,31.268429,34.769014
באר שבע,שטיינברג יהודה,64,שכונת ו,31.267478,34.770454
באר שבע,זריצקי יוסף,27,,31.260733,34.761358
באר שבע,עכו,31,שכונת נאות לון,31.251758,34.768517
באר שבע,ינשוף,8,,31.230183,34.765558
באר שבע,סיגלון,2,שכונת נווה נוי,31.231049,34.784146
באר שבע,מורדי הגטאות,87,,31.239112,34.790335
באר שבע,דנציגר יצחק,16,,31.245466,34.762146
באר שבע,דרור,69,,31.227165,34.768812
באר שבע,סמולנסקין,15,,31.266603,34.755898
באר שבע,העליה,2,שכונת ה,31.249391,34.781019
באר שבע,יוכבד בת מרים,31,,31.268390,34.769049
באר שבע,הר מירון,24,,31.277115,34.808481
באר שבע,אביתר הכהן,17,,31.267034,34.765384
באר שבע,בורג יוסף,6,שכונת נווה זאב,31.233824,34.770097
באר שבע,בית שאן,47,שכונת נאות לון,31.247404,34.767420
באר שבע,מינץ,9,,31.257349,34.779014
באר שבע,עמיר אנדה,45,שכונת נווה מנחם,31.271929,34.765970
באר שבע,מבצע חורב,46,,31.261877,34.786821
באר שבע,ההגנה,11,שכונת עיר עתיקה,31.237854,34.784877
באר שבע,אמיר אברהם,29,,31.277039,34.824718
באר שבע,ברוידס אברהם,16,שכונת נווה מנחם,31.265998,34.756034
באר שבע,רוטנשטרייך,4,,31.280725,34.797856
באר שבע,די זהב אפרים,43,שכונת נחל בקע,31.223751,34.774480
באר שבע,הדעת,24,שכונת רמות,31.268102,34.807397
באר שבע,שליו,13,שכונת ה,31.249359,34.781744
באר שבע,חגלה,39,שכונת ה,31.249951,34.782003
באר שבע,ארלוזורוב,6,,31.252608,34.807687
באר שבע,פיכמן יעקב,11,שכונת נווה זאב,31.236855,34.774770
באר שבע,אביגד,38,,31.276028,34.802096
באר שבע,הכותל המערבי,71,,31.250785,34.786180
באר שבע,הרצל,43,שכונת עיר עתיקה,31.239531,34.787709
באר שבע,שלשת בני עין חרוד,3,,31.236290,34.789647
באר שבע,הר מירון,1,,31.276858,34.810705
באר שבע,רחל המשוררת,2,שכונת ב,31.253453,34.793413
באר שבע,אורות ישראל,33,,31.236217,34.762303
באר שבע,"חז""ל",33,שכונת ד,31.257531,34.793422
באר שבע,מבצע נחשון,33,,31.259959,34.785283
באר שבע,ההסתדרות,21,,31.238978,34.788189
באר שבע,רוקח ישראל,4,,31.262191,34.765289
באר שבע,הברזל,10,,31.216753,34.809302
באר שבע,וקסמן זלמן,16,,31.270197,34.808423
באר שבע,עפרוני,67,,31.230808,34.768362
באר שבע,רופין ארתור,7,,31.263989,34.768080
באר שבע,תלמה,3,,31.219940,34.774708
באר שבע,רחבת יעל,8,,31.262292,34.775140
באר שבע,אהרליך פאול,5,שכונת רמות,31.270074,34.807955
באר שבע,בצלאל,21,,31.252635,34.789223
באר שבע,הר רמון,55,,31.276255,34.807790
באר שבע,דרך מצדה,104,שכונת ד,31.259283,34.788337
באר שבע,התיבונים,7,שכונת נאות לון,31.251521,34.762377
באר שבע,הנדיב,18,,31.253273,34.811573
באר שבע,זרובבל,3,שכונת נווה מנחם,31.265047,34.764006
באר שבע,משעול גבעון,1,שכונת ט,31.245811,34.774484
באר שבע,עכו,10,שכונת נאות לון,31.251147,34.768218
באר שבע,קרן קיימת לישראל,171,שכונת עיר עתיקה,31.239536,34.789301
באר שבע,סנהדרין,24,שכונת ד,31.272717,34.795603
באר שבע,קרוק גלעד דורותיה,6,שכונת רמות,31.269767,34.806212
באר שבע,החלוץ,40,,31.237544,34.788241
באר שבע,קורא הדורות,19,,31.250680,34.759914
באר שבע,וילנסקי משה,45,,31.245913,34.759625
באר שבע,הר עודד,16,,31.273536,34.811944
באר שבע,הצבי,1,שכונת ה,31.248613,34.778384
באר שבע,ישעיהו ישראל,35,,31.256794,34.765185
באר שבע,קדושי סלוניקי,4,שכונת נווה מנחם,31.266102,34.757719
באר שבע,אייזנשטדט,14,,31.276812,34.824352
באר שבע,דוד הראובני,10,,31.264756,34.764404
באר שבע,בית לחם,4,שכונת ט,31.245063,34.779078
באר שבע,גוטמן נחום,32,שכונת נווה זאב,31.239426,34.779229
באר שבע,הר בוקר,79,,31.275582,34.808387
באר שבע,אגוז,3,שכונת נווה מנחם,31.265212,34.762614
באר שבע,מזר בנימין,20,,31.243862,34.760729
באר שבע,אסתר המלכה,4,,31.268145,34.764029
באר שבע,"הפלמ""ח",107,שכונת עיר עתיקה,31.240642,34.786393
באר שבע,קרן קיימת לישראל,149,שכונת עיר עתיקה,31.239266,34.789372
באר שבע,אלחריזי,12,שכונת נאות לון,31.251790,34.764578
באר שבע,פיינשטיין מאיר,15,שכונת רמות,31.268132,34.814855
באר שבע,אלעזר בן יאיר,31,שכונת ד,31.262588,34.790386
באר שבע,ז'בוטינסקי זאב,1,שכונת ג,31.248213,34.807339
באר שבע,הר כנען,34,,31.274385,34.811684
באר שבע,רימלט אלימלך,18,,31.262103,34.765053
באר שבע,אסירי ציון,14,,31.249352,34.804513
באר שבע,זמיר ישעיהו,45,,31.274143,34.817610
באר שבע,נהרים,3,שכונת מרכז אזרחי,31.244776,34.797840
באר שבע,הברזל,1,,31.213993,34.807611
באר שבע,שופט אברהם,98,שכונת רמות,31.268673,34.811967
באר שבע,בן יהודה,8,שכונת ב,31.253874,34.792360
באר שבע,גרוסמן מאיר,20,,31.236738,34.767661
באר שבע,שד ירושלים,15,שכונת ט,31.245610,34.778265
באר שבע,גולדשטיין פרץ,15,שכונת נחל בקע,31.226351,34.779776
באר שבע,בוסקוביץ אלכסנדר,13,שכונת נחל בקע,31.219898,34.773851
באר שבע,"רש""י",64,שכונת ד,31.267951,34.788222
באר שבע,חרצית,14,,31.233136,34.788950
באר שבע,דב יוסף,31,שכונת יא,31.255636,34.762946
באר שבע,שיפר יצחק,2,שכונת ד,31.270702,34.798736
באר שבע,דרבן,7,שכונת ה,31.250173,34.777097
באר שבע,בדר יוחנן,50,שכונת רמות,31.273526,34.825538
באר שבע,שלשת בני עין חרוד,19,שכונת עיר עתיקה,31.237280,34.790606
באר שבע,צוער,14,,31.222973,34.814289
באר שבע,הר תבור,35,,31.277455,34.808364
באר שבע,גולדברג לאה,14,שכונת ב,31.253016,34.794033
באר שבע,לנדאו חיים,8,,31.256282,34.761873
באר שבע,צביה ויצחק,7,שכונת נחל בקע,31.224638,34.778587
באר שבע,הכט ראובן,13,,31.274724,34.819665
באר שבע,רחבת הראל,13,שכונת ו,31.263900,34.774937
באר שבע,לישנסקי יוסף,14,,31.267085,34.758797
באר שבע,קלצ'קין רפאל,55,שכונת נווה מנחם,31.268565,34.768005
באר שבע,פרץ י ל,42,שכונת נווה זאב,31.240836,34.779139
באר שבע,גירית,28,שכונת ה,31.250114,34.778857
באר שבע,גרינשפן הרשל,58,שכונת נווה מנחם,31.267580,34.756577
באר שבע,הרב פרנק,24,שכונת ו,31.267106,34.780677
באר שבע,שיזף,49,,31.231470,34.788837
באר שבע,קורא,11,שכונת ה,31.249129,34.781948
באר שבע,עבדת,38,שכונת נאות לון,31.245412,34.766168
באר שבע,אבן-שושן אברהם,56,שכונת נאות לון,31.246174,34.758216
באר שבע,הרצל,96,שכונת עיר עתיקה,31.242400,34.790731
באר שבע,רחל אמנו,2,שכונת נווה מנחם,31.268888,34.766391
באר שבע,רייס רפאל,13,שכונת נחל בקע,31.226098,34.778552
באר שבע,מורדי הגטאות,62,,31.238598,34.789141
באר שבע,ברוור אברהם,77,שכונת רמות,31.274946,34.807438
באר שבע,רבקה,37,,31.269631,34.762515
באר שבע,בית לחם,6,שכונת ט,31.244922,34.779081
באר שבע,פרטוש עדן,34,שכונת נחל בקע,31.222370,34.774849
באר שבע,גרינשפן הרשל,9,שכונת נווה מנחם,31.268123,34.758553
באר שבע,בדר יוחנן,42,שכונת רמות,31.273162,34.825676
באר שבע,ארניה אסוולדו,55,שכונת ד,31.266627,34.802357
באר שבע,משעול חפר,3,שכונת ט,31.245596,34.773251
באר שבע,גרונר דב,9,,31.269124,34.813258
באר שבע,הר רמון,11,,31.275282,34.813345
באר שבע,בן חיים פאול,4,,31.221449,34.772627
באר שבע,וינגייט,30,שכונת ג,31.256515,34.807099
באר שבע,גרינבוים יצחק,12,שכונת יא,31.261685,34.765117
באר שבע,פורת לאה,9,,31.222509,34.776933
באר שבע,מבצע חורב,13,,31.260575,34.784374
באר שבע,פיקרד,15,שכונת רמות הרכס,31.278768,34.799939
באר שבע,חבס ברכה,3,שכונת נווה מנחם,31.270223,34.768843
באר שבע,זילברג משה,1,שכונת ו,31.268843,34.775822
באר שבע,אלוף מנדלר אלברט,12,שכונת רמות,31.268497,34.811681
באר שבע,גירית,42,שכונת ה,31.250549,34.778451
באר שבע,הכנסת,4,שכונת ד,31.271392,34.796144
באר שבע,"רש""י",48,שכונת ד,31.268025,34.787866
באר שבע,דרך מצדה,69,שכונת ב,31.258462,34.788987
באר שבע,יוסף בן מתתיהו,39,שכונת ד,31.265401,34.799766
באר שבע,סמילנסקי,17,שכונת עיר עתיקה,31.236993,34.787931
באר שבע,נגבה,39,שכונת עיר עתיקה,31.240407,34.784299
באר שבע,ארניה אסוולדו,81,שכונת ד,31.265934,34.801868
באר שבע,רופין ארתור,65,,31.264664,34.767316
באר שבע,אביגיל,7,,31.268472,34.761785
באר שבע,ארניה אסוולדו,91,שכונת ד,31.265762,34.802105
באר שבע,גינצבורג דוד,16,,31.274494,34.806762
באר שבע,חוחית,87,,31.228895,34.764773
באר שבע,שתל יצחק,26,שכונת רמות,31.277625,34.821066
באר שבע,"חז""ל",31,שכונת ד,31.257506,34.793446
באר שבע,סימון ארנסט דוד,11,שכונת רמות,31.269150,34.807086
באר שבע,שלשת בני עין חרוד,14,,31.236935,34.790575
באר שבע,דה-שליט עמוס,4,שכונת רמות,31.271438,34.808181
באר שבע,עמיר אנדה,36,,31.271869,34.766532
באר שבע,מזר בנימין,83,,31.246660,34.759274
באר שבע,?,112,שכונת ד,31.265180,34.798381
באר שבע,עין גדי,31,שכונת נאות לון,31.250554,34.767964
באר שבע,זנגויל ישראל,19,שכונת נווה מנחם,31.264897,34.760792
באר שבע,הגר,12,שכונת עיר עתיקה,31.240778,34.784988
באר שבע,הר רמון,71,,31.276406,34.806994
באר שבע,פרטוש עדן,30,,31.221966,34.774445
באר שבע,שמחוני אסף,7,,31.242978,34.787676
באר שבע,טדסקי גד,16,,31.279767,34.797493
באר שבע,מקלף מרדכי,63,שכונת ו,31.267902,34.774892
באר שבע,אמנון,17,שכונת נווה מנחם,31.267459,34.766092
באר שבע,המדע,24,שכונת רמות,31.269664,34.807176
באר שבע,מבצע אסף,2,שכונת נווה זאב,31.236286,34.779180
באר שבע,דרך מצדה,84,שכונת ד,31.259273,34.789010
באר שבע,קראוס גרטרוד,1,,31.248979,34.756774
באר שבע,בלוך רודולף,48,שכונת רמות,31.273382,34.807697
באר שבע,חכים אליהו,15,,31.271276,34.813367
באר שבע,שד ירושלים,58,שכונת ט,31.246716,34.774681
באר שבע,אלקחי מרדכי,1,,31.269422,34.813470
באר שבע,שד ירושלים,43,שכונת ט,31.244965,34.776041
באר שבע,הרב הרצוג,58,,31.259402,34.767749
באר שבע,טרומפלדור,111,,31.240617,34.792721
באר שבע,חבצלת הנגב,80,שכונת נווה נוי,31.231842,34.787040
באר שבע,נגבה,49,,31.241220,34.783023
באר שבע,סמילנסקי,9,שכונת עיר עתיקה,31.236593,34.788504
באר שבע,קרן קיימת לישראל,2,שכונת עיר עתיקה,31.237521,34.792532
באר שבע,מסקין אהרון,14,שכונת נווה מנחם,31.270192,34.767574
באר שבע,הר נס,6,,31.273325,34.811041
באר שבע,אדמון ידידיה,45,שכונת נחל בקע,31.220365,34.772139
באר שבע,בנטוב מרדכי,14,,31.257010,34.765642
באר שבע,וינגייט,50,,31.256165,34.804297
באר שבע,יריחו,22,שכונת ט,31.243571,34.777750
באר שבע,ארלנגר ג'וזף,1,שכונת רמות,31.269611,34.807562
באר שבע,הרבבה,3,שכונת עיר עתיקה,31.241593,34.783818
באר שבע,חומה ומגדל,17,,31.254198,34.804227
באר שבע,שלמה המלך,47,שכונת ד,31.259724,34.795603
באר שבע,בורן מכס,23,שכונת רמות,31.274096,34.803221
באר שבע,ויתקון אלפרד,11,שכונת ו,31.270618,34.777907
באר שבע,עפרוני,77,,31.230801,34.769007
באר שבע,ויתקון אלפרד,18,,31.270859,34.777818
באר שבע,דונקלבלום מנחם,11,שכונת ו,31.269250,34.773861
באר שבע,דרך מצדה,170,שכונת ו,31.258667,34.781331
באר שבע,סתונית,46,שכונת נווה נוי,31.227877,34.778778
באר שבע,בית שאן,18,שכונת נאות לון,31.249745,34.768152
באר שבע,שרת משה,56,שכונת יא,31.260038,34.770194
באר שבע,ילן-שטקליס מרים,44,,31.271136,34.769143
באר שבע,הוגו שמואל,5,שכונת רמות,31.270414,34.805300
באר שבע,ההגנה,35,שכונת עיר עתיקה,31.239971,34.787055
באר שבע,שלשת בני עין חרוד,18,שכונת עיר עתיקה,31.237324,34.790956
באר שבע,מרגולין,23,,31.225487,34.800070
באר שבע,רחבת אופירה,4,שכונת ט,31.244018,34.771310
באר שבע,שלשת בני עין חרוד,83,שכונת עיר עתיקה,31.239558,34.792786
באר שבע,הרצל,60,שכונת עיר עתיקה,31.241298,34.789677
באר שבע,יריחו,19,שכונת ט,31.243545,34.778378
באר שבע,אנקור,24,שכונת נווה זאב,31.232107,34.772681
באר שבע,אלמוג,10,שכונת נווה נוי,31.230334,34.785401
באר שבע,הוגו שמואל,13,,31.271485,34.804675
באר שבע,גוש עציון,89,שכונת ג,31.258726,34.810041
באר שבע,נעמי,2,,31.269247,34.764853
באר שבע,מורדי הגטאות,52,,31.238630,34.790244
באר שבע,יהוא,11,,31.262290,34.781612
באר שבע,אבשלום,63,,31.267531,34.766702
באר שבע,גוש עציון,99,,31.258432,34.810535
באר שבע,דרך מצדה,98,שכונת ד,31.259400,34.788606
באר שבע,חוחית,24,,31.228048,34.763296
באר שבע,יוסף בן מתתיהו,58,שכונת ד,31.264787,34.800967
באר שבע,ויטנברג יצחק,16,,31.225128,34.780368
באר שבע,מזר בנימין,73,,31.245911,34.758877
באר שבע,דיה,27,שכונת פלח שבע,31.230635,34.762204
באר שבע,רינגלבלום,34,שכונת ד,31.267796,34.800500
באר שבע,אדמון ידידיה,3,,31.219132,34.773859
באר שבע,ארניה אסוולדו,41,שכונת ד,31.266810,34.802107
באר שבע,רחבת יעל,15,שכונת ו,31.261985,34.774855
באר שבע,אביגד,26,,31.275644,34.801757
באר שבע,האבות,78,,31.240800,34.785500
באר שבע,פנחס החוצב,2,,31.244500,34.807481
באר שבע,הרב עדני,68,שכונת נאות לון,31.253684,34.761956
באר שבע,הצבי,8,שכונת ה,31.248989,34.778383
באר שבע,זמיר ישעיהו,14,,31.274531,34.819289
באר שבע,בז,79,,31.230373,34.770662
באר שבע,אשר,1,שכונת עיר עתיקה,31.239440,34.783588
באר שבע,בלוך רודולף,22,,31.272375,34.808397
באר שבע,האוזנר גדעון,29,שכונת רמות הרכס,31.287659,34.805081
באר שבע,אבישי,16,,31.261477,34.778454
באר שבע,זהרי מיכאל,31,שכונת רמות,31.274763,34.803021
באר שבע,גינצבורג דוד,15,,31.274411,34.806445
באר שבע,תקוע יוסף,99,שכונת רמות,31.277431,34.819306
באר שבע,הר עודד,12,,31.273209,34.811863
באר שבע,טרומפלדור,7,שכונת עיר עתיקה,31.236365,34.788676
באר שבע,פלדברג שמואל,30,,31.274507,34.825546
באר שבע,הנגרים,17,,31.243054,34.803260
באר שבע,קיפוד,13,שכונת ה,31.250217,34.777589
באר שבע,אקצין בנימין,11,,31.269855,34.778102
באר שבע,מזר בנימין,30,,31.244329,34.759732
באר שבע,שדה יצחק,22,,31.242422,34.783220
באר שבע,עמיר אנדה,16,שכונת נווה מנחם,31.271278,34.767387
באר שבע,המרד,17,,31.269172,34.815659
באר שבע,רודנסקי שמואל,105,,31.270769,34.767291
באר שבע,החלוץ,18,שכונת עיר עתיקה,31.237031,34.787742
באר שבע,החלוץ,26,,31.237468,34.787960
באר שבע,דרך המשחררים,28,שכונת ב,31.252332,34.792721
באר שבע,אהרונסון,21,,31.266155,34.761378
באר שבע,גולדשטיין פרץ,13,,31.226230,34.779780
באר שבע,בן לברט,2,שכונת נאות לון,31.250132,34.763377
באר שבע,מסקין אהרון,46,שכונת נווה מנחם,31.271576,34.766028
באר שבע,קציר אהרון,34,,31.273258,34.808535
באר שבע,שוחט ישראל,29,שכונת נווה זאב,31.233386,34.765996
באר שבע,תמר,33,,31.229645,34.788918
באר שבע,אדמון ידידיה,17,,31.219569,34.773296
באר שבע,פייגנבאום אריה,38,שכונת נווה מנחם,31.261335,34.756399
באר שבע,ארדון מרדכי,11,,31.248885,34.756877
באר שבע,דרך המשחררים,71,שכונת א,31.251675,34.787459
באר שבע,מבצע נחשון,35,,31.259991,34.785458
באר שבע,בר-לב חיים,4,שכונת ו,31.265833,34.774402
באר שבע,שנונית,26,שכונת ה,31.251210,34.778204
באר שבע,אדמון ידידיה,21,,31.219691,34.773142
באר שבע,רחבת הרב עוזיאל,20,שכונת יא,31.255495,34.769749
באר שבע,העצמאות,52,שכונת עיר עתיקה,31.240288,34.789908
באר שבע,שיבטה,19,שכונת ט,31.245116,34.768502
באר שבע,שטה,62,,31.229119,34.791851
באר שבע,"זק""ש נלי",5,,31.271440,34.806484
באר שבע,הדעת,40,שכונת רמות,31.268474,34.806117
באר שבע,הצדיק מירושלים,75,,31.272919,34.787501
באר שבע,המכתשים,25,שכונת ד,31.268967,34.795023
באר שבע,רבקה,21,שכונת נווה מנחם,31.268671,34.763710
באר שבע,בר יוחאי,36,,31.273189,34.794454
באר שבע,השלום,13,שכונת ב,31.252236,34.802085
באר שבע,אבן שפרוט,8,שכונת נאות לון,31.251300,34.763444
באר שבע,אקצין בנימין,23,,31.269631,34.777532
באר שבע,ברבור,3,,31.230049,34.770241
באר שבע,יוסקה,17,,31.283147,34.806459
באר שבע,גירית,2,שכונת ה,31.249636,34.779463
באר שבע,רמלה,20,שכונת נאות לון,31.242114,34.765252
באר שבע,בן יוסף שלמה,7,,31.271654,34.812257
באר שבע,שופט אברהם,134,,31.269652,34.811190
באר שבע,שריג נחום,6,שכונת רמות הרכס,31.280885,34.805063
באר שבע,אש שלום,14,שכונת נווה זאב,31.237968,34.776488
באר שבע,שד רגר יצחק,164,שכונת ד,31.271351,34.798271
באר שבע,אלדד,7,שכונת רמות,31.274523,34.822514
באר שבע,רבנו תם,40,שכונת ד,31.270992,34.784078
באר שבע,רחל אמנו,58,שכונת נווה מנחם,31.271848,34.763524
באר שבע,שד ירושלים,46,שכונת ט,31.247053,34.775792
באר שבע,הר רמון,40,,31.276246,34.810654
באר שבע,התלמוד,16,,31.271240,34.790964
באר שבע,לסקר פרץ,21,,31.265684,34.756897
באר שבע,הגנן,18,,31.218332,34.809685
באר שבע,שד יעלים,86,שכונת ה,31.255149,34.776508
באר שבע,יפה אברהם,18,,31.284730,34.807900
באר שבע,אגוז,40,שכונת נווה מנחם,31.263703,34.760603
באר שבע,זנגויל ישראל,33,שכונת נווה מנחם,31.264116,34.760001
באר שבע,קויפמן,28,,31.253647,34.774062
באר שבע,רחבעם זאבי,27,שכונת רמות הרכס,31.284901,34.806650
באר שבע,ילין דוד,16,שכונת רמות,31.270678,34.806354
באר שבע,חבצלת הנגב,71,שכונת נווה נוי,31.232437,34.787622
באר שבע,הגאונים,21,שכונת נאות לון,31.252869,34.761083
באר שבע,תמיר שמואל,15,,31.263010,34.765251
באר שבע,אברבנאל,36,שכונת יא,31.255179,34.767426
באר שבע,ברגסון אנרי,20,שכונת רמות,31.271865,34.806985
באר שבע,מיכה,3,שכונת עיר עתיקה,31.237894,34.783613
באר שבע,דנציגר יצחק,32,שכונת נאות לון,31.245117,34.761077
באר שבע,פיקרד,114,,31.279582,34.801494
באר שבע,החלוץ,23,,31.237371,34.787692
באר שבע,אלישר,7,,31.273052,34.819587
באר שבע,שיפר יצחק,7,שכונת ד,31.271503,34.799005
באר שבע,בצלאל,35,שכונת ב,31.254559,34.788663
באר שבע,חכים אליהו,38,,31.272857,34.814379
באר שבע,דרך מצדה,115,שכונת ב,31.258685,34.778337
באר שבע,סיגלון,35,שכונת נווה נוי,31.231647,34.782790
באר שבע,רודנסקי שמואל,16,,31.270552,34.772668
באר שבע,אלרואי דוד,16,,31.263888,34.763401
באר שבע,שפרה,6,שכונת נווה מנחם,31.270305,34.764030
באר שבע,הבדיל,5,שכונת עמק שרה,31.227757,34.809815
באר שבע,רחבת בן נון,31,שכונת ו,31.262885,34.776274
באר שבע,נשר,33,,31.225508,34.766630
באר שבע,שמעוני,1,שכונת ב,31.255253,34.795757
באר שבע,אמיר אברהם,39,,31.277332,34.823830
באר שבע,גלזמן יוסף,3,שכונת נחל בקע,31.224275,34.779063
באר שבע,ישעיהו ישראל,19,שכונת יא,31.256851,34.764428
באר שבע,סתונית,11,,31.229028,34.779909
באר שבע,קיפניס לוין,23,שכונת נווה זאב,31.238819,34.780228
באר שבע,פייגנבאום אריה,1,,31.260411,34.757149
באר שבע,העליה,38,,31.254468,34.781050
באר שבע,"רש""י",42,שכונת ד,31.267851,34.787562
באר שבע,הר בוקר,3,,31.272402,34.810856
באר שבע,יוסף בן מתתיהו,47,שכונת ד,31.265444,34.800387
באר שבע,תקוע יוסף,83,שכונת רמות,31.277083,34.818892
באר שבע,חגלה,40,שכונת ה,31.250317,34.782005
באר שבע,משעול חפר,24,שכונת ט,31.246229,34.772439
באר שבע,מרכז הנגב,8,,31.257267,34.807614
באר שבע,שינדלר אוסקר,2,שכונת רמות הרכס,31.282312,34.802397
באר שבע,בית שאן,82,שכונת נאות לון,31.248530,34.767867
באר שבע,רחבת פל-ים,34,שכונת ו,31.264381,34.776744
באר שבע,סיגלון,26,שכונת נווה נוי,31.231686,34.783118
באר שבע,שיזף,9,שכונת נווה נוי,31.231937,34.792612
באר שבע,רחבת יעל,3,,31.262193,34.775499
באר שבע,תמיר שמואל,4,,31.264026,34.765932
באר שבע,גוטמן נחום,9,שכונת נווה זאב,31.238448,34.778714
באר שבע,רחל אמנו,63,,31.270830,34.762750
באר שבע,פינקל שמעון,37,,31.264458,34.755647
באר שבע,וילנר אריה,4,שכונת נחל בקע,31.223337,34.779619
באר שבע,הפלס,7,שכונת עמק שרה,31.227057,34.810910
באר שבע,ברוור אברהם,43,שכונת רמות,31.273675,34.808458
באר שבע,העליה,43,שכונת ה,31.254883,34.779945
באר שבע,גולדברג לאה,10,שכונת ב,31.253013,34.793857
באר שבע,רנה קסן,15,שכונת רמות,31.273357,34.801020
באר שבע,הכנסת,20,שכונת ד,31.271159,34.794750
באר שבע,בן לברט,10,שכונת נאות לון,31.250734,34.763032
באר שבע,זמיר ישעיהו,18,,31.274526,34.819065
באר שבע,שדרת הערים התאומות,35,שכונת רמות הרכס,31.283551,34.798743
באר שבע,קויפמן,3,,31.253654,34.773119
באר שבע,ריבי איזידור,2,,31.273204,34.800356
באר שבע,הצבי,70,,31.253215,34.772844
באר שבע,חטיבת הנגב,14,שכונת עיר עתיקה,31.238095,34.782859
באר שבע,רחבת אחזיה,7,שכונת ו,31.264784,34.785159
באר שבע,כהן יעקב,3,שכונת ב,31.253062,34.797253
באר שבע,עכו,29,שכונת נאות לון,31.251744,34.768710
באר שבע,בר ניסן,9,,31.239147,34.763030
באר שבע,גויטיין דוד,10,שכונת ו,31.269550,34.776519
באר שבע,די זהב אפרים,16,שכונת נחל בקע,31.222735,34.776171
באר שבע,רודנסקי שמואל,5,,31.269968,34.772577
באר שבע,דרזנר יחיאל,15,שכונת רמות,31.267754,34.814337
באר שבע,סיגלון,23,שכונת נווה נוי,31.231234,34.783103
באר שבע,יערי מאיר,28,שכונת יא,31.257629,34.762877
באר שבע,נגבה,18,שכונת עיר עתיקה,31.239821,34.785770
באר שבע,אפרסמון,15,שכונת נווה נוי,31.230565,34.784760
באר שבע,אלעזר בן יאיר,17,שכונת ד,31.262747,34.791434
באר שבע,קדש,32,שכונת ד,31.268305,34.797412
באר שבע,יהוא,3,,31.262392,34.782477
באר שבע,עפרוני,75,,31.230795,34.768818
באר שבע,עליאש מרדכי,16,,31.254453,34.807001
באר שבע,מיכאלסון יצחק,5,שכונת רמות,31.268463,34.807255
באר שבע,שאול ואליהו,6,,31.266893,34.758520
באר שבע,המדע,18,שכונת רמות,31.269393,34.807061
באר שבע,דרבן,20,שכונת ה,31.250306,34.777395
באר שבע,ברזילי ישראל,10,,31.259268,34.761630
באר שבע,אלבק חנוך,24,,31.271428,34.804695
באר שבע,רחבעם זאבי,21,שכונת רמות הרכס,31.284657,34.806177
באר שבע,העליה,40,שכונת ה,31.254643,34.781306
באר שבע,חזן יעקב,12,,31.275714,34.820194
באר שבע,ההסתדרות,31,שכונת עיר עתיקה,31.239237,34.788371
באר שבע,הרב קפאח,49,שכונת נאות לון,31.252996,34.760715
באר שבע,ארלנגר ג'וזף,17,שכונת רמות,31.269376,34.808265
באר שבע,שינדלר אוסקר,21,שכונת רמות הרכס,31.282894,34.800045
באר שבע,פיקרד,18,שכונת רמות הרכס,31.277746,34.800211
באר שבע,מבצע חורב,40,,31.261819,34.786286
באר שבע,פריץ אלברט,21,,31.266012,34.770029
באר שבע,החלוץ,104,,31.240741,34.791188
באר שבע,יוסף בן מתתיהו,67,שכונת ד,31.265354,34.800363
באר שבע,חוחית,1,,31.228042,34.764965
באר שבע,בדר יוחנן,47,שכונת רמות,31.273611,34.824026
באר שבע,כלנית,17,שכונת נווה נוי,31.231801,34.780981
באר שבע,אבידום מנחם,28,שכונת נחל בקע,31.221489,34.773993
באר שבע,הר עודד,14,,31.273395,34.811884
באר שבע,דודאים,2,שכונת נווה נוי,31.232701,34.780279
באר שבע,אלישר,33,,31.272852,34.818225
באר שבע,רודנסקי שמואל,27,,31.271334,34.771887
באר שבע,מיכאלסון יצחק,16,שכונת רמות,31.268107,34.807501
באר שבע,הרב עדני,7,שכונת נאות לון,31.252645,34.764916
באר שבע,שד ירושלים,36,,31.246213,34.776907
באר שבע,"יל""ג",9,שכונת נווה זאב,31.240724,34.773160
באר שבע,רודנסקי שמואל,54,,31.271864,34.771452
באר שבע,משעול הערבה,13,שכונת ה,31.247667,34.781446
באר שבע,סרלין יוסף,40,,31.260241,34.762610
באר שבע,ארגוב אלכסנדר,24,,31.248554,34.757826
באר שבע,קרן קיימת לישראל,163,,31.239471,34.789340
באר שבע,הרב קפאח,19,שכונת נאות לון,31.252300,34.763782
באר שבע,שדרת הערים התאומות,7,שכונת רמות הרכס,31.278187,34.798776
באר שבע,פלדברג שמואל,62,שכונת רמות,31.276127,34.825553
באר שבע,שטיין ריכרד,7,שכונת ו,31.265779,34.771210
באר שבע,קרן היסוד,19,שכונת מרכז אזרחי,31.245227,34.800368
באר שבע,אקצין בנימין,6,שכונת ו,31.270242,34.778159
באר שבע,הר רמון,43,,31.276129,34.809325
באר שבע,טרומפלדור,75,,31.239349,34.791467
באר שבע,שנונית,6,שכונת ה,31.250844,34.778691
באר שבע,זילברג משה,19,,31.269675,34.775365
באר שבע,פרטוש עדן,52,שכונת נחל בקע,31.223837,34.776577
באר שבע,שד יעלים,54,שכונת ה,31.253303,34.777851
באר שבע,"הפלמ""ח",57,,31.238547,34.789254
באר שבע,"רחבת רמ""א",4,שכונת יא,31.258742,34.770100
באר שבע,הרב ריינס,32,,31.263341,34.759963
באר שבע,טדסקי גד,3,,31.278422,34.797640
באר שבע,הגאונים,18,שכונת נאות לון,31.252107,34.761380
באר שבע,דוד הראובני,8,,31.264815,34.764354
באר שבע,מולכו שלמה,16,,31.264618,34.763144
באר שבע,מבצע יואב,34,שכונת ו,31.260204,34.780714
באר שבע,יהושע הצורף,2,שכונת אזור תעשיה,31.257709,34.813001
באר שבע,עמיר אנדה,67,,31.272762,34.764889
באר שבע,בר יוחאי,32,,31.273419,34.794439
באר שבע,ששון אליהו,10,,31.257198,34.765936
באר שבע,"רמח""ל",10,שכונת ב,31.256460,34.791625
באר שבע,הדסה,74,שכונת עיר עתיקה,31.241573,34.789247
באר שבע,שלשת בני עין חרוד,21,שכונת עיר עתיקה,31.237346,34.790705
באר שבע,סנהדרין,120,שכונת ד,31.270070,34.788736
באר שבע,אפרסמון,5,שכונת נווה נוי,31.230591,34.785415
באר שבע,"רחבת השל""ה",9,שכונת יא,31.256359,34.770048
באר שבע,דרור,30,,31.227987,34.769497
באר שבע,הר רמון,13,,31.275263,34.813154
באר שבע,לוריא צבי,11,שכונת רמות,31.267477,34.810707
באר שבע,הבדיל,38,,31.222418,34.809033
באר שבע,שטה,46,שכונת נווה נוי,31.230109,34.791481
באר שבע,משה יצחק,16,,31.275336,34.805710
באר שבע,"חז""ל",9,שכונת ד,31.257492,34.794463
באר שבע,ילין דוד,18,,31.270872,34.806611
באר שבע,טרומפלדור,59,,31.238969,34.791088
באר שבע,שפרה,10,שכונת נווה מנחם,31.270427,34.763870
באר שבע,אבן עזרא,12,שכונת ד,31.270763,34.786574
באר שבע,קיפניס לוין,3,שכונת נווה זאב,31.238155,34.780044
באר שבע,אשבל מיכאל,17,שכונת נווה זאב,31.241731,34.774457
באר שבע,פרישמן דוד,11,שכונת נווה זאב,31.240551,34.773731
באר שבע,רחבת הרב עוזיאל,4,שכונת יא,31.254904,34.769356
באר שבע,דיה,38,שכונת פלח שבע,31.231658,34.762630
באר שבע,הרב אסף שמחה,21,שכונת ד,31.265941,34.802308
באר שבע,משה יצחק,10,שכונת רמות,31.275179,34.805919
באר שבע,נשר,19,,31.226534,34.766648
באר שבע,האיילה,14,שכונת ה,31.250463,34.777032
באר שבע,הברזל,9,,31.218700,34.808179
באר שבע,טרומפלדור,28,,31.237792,34.790354
באר שבע,אגוז,2,שכונת נווה מנחם,31.265469,34.762407
באר שבע,שמאלי אליעזר,5,שכונת נווה זאב,31.239206,34.771827
באר שבע,הרב גבאי מנחם,25,שכונת ד,31.271280,34.793757
באר שבע,הרב עדני,32,שכונת נאות לון,31.253246,34.763905
באר שבע,עפרוני,88,,31.230779,34.767473
באר שבע,בר כוכבא,4,שכונת עיר עתיקה,31.243014,34.780846
באר שבע,לוזון אפרים,7,,31.264366,34.760584
באר שבע,בית אשל,42,,31.238464,34.793048
באר שבע,ילין דוד,13,שכונת רמות,31.269598,34.805585
באר שבע,ורבורג,3,שכונת א,31.248780,34.785545
באר שבע,הקוצר,21,,31.212936,34.807808
באר שבע,אורות ישראל,44,,31.235578,34.762319
באר שבע,רחבת אחזיה,12,שכונת ד,31.265196,34.785788
באר שבע,דרך המשחררים,129,שכונת א,31.247531,34.783622
באר שבע,ילן-שטקליס מרים,30,שכונת נווה מנחם,31.271520,34.770185
באר שבע,הר תבור,37,שכונת רמות,31.277320,34.808125
באר שבע,צפת,16,שכונת ט,31.248365,34.775296
באר שבע,אבן ארי מיכאל,15,שכונת רמות,31.274602,34.807004
באר שבע,רחבת מבצע ארז,11,שכונת ו,31.265551,34.782125
באר שבע,האבות,70,שכונת עיר עתיקה,31.240341,34.786039
באר שבע,עמרי,16,,31.262012,34.781434
באר שבע,חזני מיכאל,10,שכונת יא,31.260753,34.771554
באר שבע,הכט ראובן,43,,31.274796,34.818010
באר שבע,דינור בן-ציון,7,,31.257863,34.760343
באר שבע,"החיד""א",71,שכונת יא,31.253778,34.767682
באר שבע,אלוף אדם יקותיאל,13,שכונת רמות,31.268150,34.811708
באר שבע,רוקח ישראל,13,שכונת יא,31.262320,34.767038
באר שבע,פיקרד,94,,31.279619,34.801631
באר שבע,גומא,18,שכונת נווה נוי,31.231772,34.786002
באר שבע,מינץ,24,שכונת ב,31.257626,34.777661
באר שבע,ליפמן גבריאל,1,,31.275019,34.800079
באר שבע,דיה,37,,31.230665,34.761250
באר שבע,רוט אגון,3,,31.223382,34.779946
באר שבע,הוגו שמואל,8,שכונת רמות,31.270925,34.805251
באר שבע,טלמון יעקב,1,,31.265700,34.770600
באר שבע,הרב קפאח,26,שכונת נאות לון,31.252824,34.762996
באר שבע,משעול פנקס דוד,17,שכונת יא,31.254761,34.763441
באר שבע,אירוס הנגב,75,,31.228325,34.790333
באר שבע,גרונר דב,13,,31.269416,34.813007
באר שבע,הרתך,6,,31.225126,34.815202
באר שבע,דרך מצדה,246,שכונת יא,31.255676,34.772855
באר שבע,שטיינברג יהודה,12,שכונת ו,31.268839,34.772769
באר שבע,פיינשטיין מאיר,32,,31.269775,34.813911
באר שבע,שטיינברג יהודה,30,,31.268368,34.771867
באר שבע,מנדלסון,6,שכונת ב,31.256938,34.790357
באר שבע,המר זבולון,12,שכונת רמות,31.266092,34.810333
באר שבע,דרזנר יחיאל,7,שכונת רמות,31.267159,34.814782
באר שבע,רחבת מבצע קילשון,4,שכונת ו,31.263805,34.780008
באר שבע,רחבת מבצע קילשון,2,שכונת ו,31.263784,34.779596
באר שבע,שופט אברהם,62,שכונת רמות,31.267160,34.813498
באר שבע,שלשת בני עין חרוד,68,,31.238918,34.792485
באר שבע,אמנון,24,שכונת נווה מנחם,31.266688,34.766708
באר שבע,גת,13,שכונת נאות לון,31.246568,34.767018
באר שבע,שטיינברג יהודה,21,שכונת ו,31.268313,34.772384
באר שבע,אירוס הנגב,113,,31.228705,34.786842
באר שבע,"חז""ל",21,שכונת ד,31.257520,34.794003
באר שבע,סימון ארנסט דוד,43,,31.270457,34.807611
באר שבע,אקצין בנימין,21,שכונת ו,31.269646,34.777670
באר שבע,סמילן רות,50,,31.223758,34.773894
באר שבע,"חז""ל",74,שכונת ב,31.257724,34.791264
באר שבע,בנטואיץ יוסף,20,שכונת רמות,31.269008,34.806544
באר שבע,יערה,41,שכונת נווה נוי,31.232532,34.786586
באר שבע,עפרוני,60,,31.231209,34.768588
באר שבע,יטבתה,11,שכונת ד,31.267146,34.795186
באר שבע,בן צבי יצחק,9,שכונת מרכז אזרחי,31.244328,34.798662
באר שבע,רבנו תם,53,,31.270635,34.783758
באר שבע,גויטיין דוד,17,שכונת ו,31.269908,34.775934
באר שבע,בית שאן,46,שכונת נאות לון,31.249308,34.767488
באר שבע,שוחט ישראל,7,,31.234461,34.768539
באר שבע,"הפלמ""ח",49,,31.238370,34.789267
באר שבע,שטיין ריכרד,15,,31.265528,34.770841
באר שבע,יאיר,61,,31.241823,34.789871
באר שבע,הגאולים,44,,31.247958,34.806865
באר שבע,בזל,69,שכונת א,31.250846,34.790503
באר שבע,אלרואי דוד,10,שכונת נווה מנחם,31.264265,34.763812
באר שבע,קרן היסוד,25,שכונת מרכז אזרחי,31.244805,34.800345
באר שבע,סגל צבי,13,שכונת רמות,31.271037,34.804397
באר שבע,בן חיים פאול,43,,31.223520,34.774268
באר שבע,שדרת הערים התאומות,24,שכונת רמות הרכס,31.281549,34.799399
באר שבע,"רחבת לח""י",6,שכונת ו,31.264419,34.775470
באר שבע,פסמון,23,שכונת ה,31.249743,34.778701
באר שבע,מורדי הגטאות,109,,31.240387,34.791345
באר שבע,בית צורי אליהו,26,,31.272468,34.814955
באר שבע,לוזון אפרים,54,,31.266929,34.757510
באר שבע,פטנקין דן,60,שכונת נאות לון,31.246119,34.758349
באר שבע,אגוז,7,שכונת נווה מנחם,31.265051,34.762416
באר שבע,האז גיאורג,15,,31.273992,34.805780
באר שבע,בר-לב חיים,17,שכונת ו,31.265549,34.773255
באר שבע,רודנסקי שמואל,49,שכונת נווה מנחם,31.271662,34.770713
באר שבע,זמיר ישעיהו,39,,31.274075,34.817997
באר שבע,העצמאות,20,,31.238829,34.792023
באר שבע,רבנו תם,58,שכונת ד,31.270563,34.783409
באר שבע,דרך מצדה,35,שכונת ד,31.258195,34.793163
באר שבע,טרומפלדור,63,,31.239060,34.791095
באר שבע,שמעון בר גיורא,61,שכונת ד,31.259611,34.788172
באר שבע,העצמאות,55,שכונת עיר עתיקה,31.240415,34.789353
באר שבע,טור סיני נפתלי,10,שכונת רמות,31.270199,34.806621
באר שבע,המדע,120,,31.273796,34.805959
באר שבע,יפה אברהם,56,,31.285870,34.807146
באר שבע,מיכל,11,,31.267835,34.762871
באר שבע,שיזף,78,,31.229785,34.787528
באר שבע,דוד המלך,17,שכונת ד,31.263913,34.791751
באר שבע,יריחו,27,שכונת ט,31.243321,34.777771
באר שבע,דינור בן-ציון,9,,31.257994,34.760402
באר שבע,דביר,6,שכונת נווה מנחם,31.264342,34.762706
באר שבע,שד ירושלים,111,שכונת ט,31.245426,34.771896
באר שבע,השופט אלקיים,9,שכונת נאות לון,31.242595,34.764144
באר שבע,גרשם שלום,9,שכונת רמות,31.270514,34.804496
באר שבע,משה יצחק,19,,31.275093,34.805310
באר שבע,ליפמן גבריאל,4,שכונת רמות,31.274571,34.800120
באר שבע,קראוס גרטרוד,7,,31.248679,34.756375
באר שבע,מבצע חירם,4,,31.261390,34.785139
באר שבע,אבן עזרא,2,,31.270926,34.787052
באר שבע,שטה,58,,31.229327,34.791821
באר שבע,החלוץ,118,שכונת עיר עתיקה,31.241226,34.791619
באר שבע,פסמון,28,שכונת ה,31.249902,34.778543
באר שבע,ברני רוברט,9,,31.270898,34.808413
באר שבע,"רמב""ם",41,שכונת עיר עתיקה,31.243020,34.790546
באר שבע,חבצלת הנגב,97,,31.230179,34.787085
באר שבע,אירוס הנגב,7,,31.229533,34.796457
באר שבע,תקוע יוסף,51,,31.276712,34.818648
באר שבע,נרקיס,15,שכונת רמות הרכס,31.282575,34.803737
באר שבע,פורת לאה,20,שכונת נחל בקע,31.223224,34.776489
באר שבע,תלמה,41,,31.221496,34.772721
באר שבע,ריבי איזידור,7,,31.273761,34.801106
באר שבע,טרומפלדור,65,,31.238986,34.791179
באר שבע,"שח""ל",43,,31.245271,34.791430
באר שבע,אנקור,14,שכונת נווה זאב,31.231691,34.772885
באר שבע,גולדמן נחום,13,שכונת רמות הרכס,31.278595,34.802598
באר שבע,צביה המלכה,5,שכונת ד,31.262536,34.795842
באר שבע,זנגויל ישראל,35,שכונת נווה מנחם,31.264187,34.759865
באר שבע,פלדברג שמואל,38,,31.274833,34.825976
באר שבע,מבצע חורב,34,,31.261721,34.785747
באר שבע,חכים אליהו,19,,31.271493,34.813037
באר שבע,הרב ריינס,11,שכונת נווה מנחם,31.263086,34.759510
באר שבע,פסמון,49,שכונת ה,31.250333,34.777887
באר שבע,בר כוכבא,20,,31.243902,34.781659
באר שבע,"רחבת לח""י",38,שכונת ו,31.264028,34.775866
באר שבע,מורדי הגטאות,127,,31.240960,34.792041
באר שבע,טרומפלדור,69,שכונת עיר עתיקה,31.239074,34.791193
באר שבע,תלמה,5,,31.220020,34.774633
באר שבע,קרן קיימת לישראל,87,שכונת עיר עתיקה,31.238553,34.790685
באר שבע,אביגיל,23,,31.268868,34.761064
באר שבע,יהושפט,6,,31.262827,34.782749
באר שבע,סתוי משה,6,שכונת נווה זאב,31.239844,34.767110
באר שבע,ילן-שטקליס מרים,52,,31.271018,34.768772
באר שבע,גוטמן נחום,3,שכונת נווה זאב,31.238091,34.779319
באר שבע,יוספטל גיורא,3,שכונת ד,31.270562,34.796298
באר שבע,זלפה,21,שכונת נווה מנחם,31.269979,34.762965
באר שבע,לברי מרק,17,,31.221447,34.774627
באר שבע,נגבה,36,שכונת עיר עתיקה,31.240893,34.783960
באר שבע,הרב אסף שמחה,33,שכונת ד,31.265745,34.802891
באר שבע,רחבת יבנה,19,שכונת ט,31.245641,34.772690
באר שבע,הר עצמון,28,,31.275079,34.811542
באר שבע,ויטנברג יצחק,5,שכונת נחל בקע,31.224588,34.780242
באר שבע,מולכו שלמה,18,,31.264675,34.763023
באר שבע,הר נס,7,,31.273615,34.810836
באר שבע,בדר יוחנן,58,שכונת רמות,31.273713,34.825023
באר שבע,שיטרית,55,,31.254722,34.761524
באר שבע,לוזון אפרים,47,שכונת נווה מנחם,31.265717,34.758592
באר שבע,מזר בנימין,52,,31.246136,34.759309
באר שבע,משעול הערבה,35,שכונת ה,31.248580,34.780262
באר שבע,טוב משה,8,שכונת נווה מנחם,31.266514,34.759312
באר שבע,מרגולין,4,,31.221147,34.800124
באר שבע,בקי רוברטו,9,שכונת רמות הרכס,31.278112,34.797688
באר שבע,וקסמן זלמן,14,שכונת רמות,31.270262,34.808342
באר שבע,בורן מכס,15,שכונת רמות,31.273760,34.802874
באר שבע,זריצקי יוסף,24,,31.259945,34.761163
באר שבע,עמיר אנדה,13,,31.270537,34.767635
באר שבע,הרב הרצוג,28,שכונת יא,31.260838,34.767678
באר שבע,שד יעלים,102,שכונת ה,31.256099,34.775649
באר שבע,הצבי,19,שכונת ה,31.249130,34.777688
באר שבע,שמעון בר גיורא,1,שכונת ד,31.263929,34.792656
באר שבע,משעול עקרון,21,שכונת ט,31.244565,34.775285
באר שבע,מסקין אהרון,28,שכונת נווה מנחם,31.271039,34.766670
באר שבע,התלמוד,36,שכונת ד,31.270217,34.787459
באר שבע,טדסקי גד,6,שכונת רמות הרכס,31.279178,34.798066
באר שבע,רחבת שלומציון,20,שכונת ו,31.264798,34.781735
באר שבע,פלוסר דוד,41,,31.245532,34.760211
באר שבע,דנציגר יצחק,18,,31.245425,34.761809
באר שבע,גרינפלד,14,שכונת רמות הרכס,31.281420,34.800061
באר שבע,ארץ חמדה,30,,31.234216,34.764003
באר שבע,לברי מרק,32,שכונת נחל בקע,31.222828,34.773214
באר שבע,זרזיר,4,שכונת ה,31.249414,34.782338
באר שבע,קציר אהרון,63,,31.273838,34.807571
באר שבע,שד ירושלים,103,שכונת ט,31.246047,34.771533
באר שבע,פרנק ג'ימס,11,שכונת רמות,31.274361,34.800161
באר שבע,גולדברג לאה,3,שכונת ב,31.253191,34.793422
באר שבע,שד יעלים,107,שכונת ה,31.255823,34.775159
באר שבע,תמיר שמואל,2,שכונת יא,31.264121,34.766122
באר שבע,ברק,44,שכונת עיר עתיקה,31.242682,34.779919
באר שבע,סתונית,52,שכונת נווה נוי,31.227579,34.778614
באר שבע,סנהדרין,114,שכונת ד,31.270134,34.789168
באר שבע,פילדרמן,9,,31.265352,34.760284
באר שבע,קרן קיימת לישראל,54,שכונת עיר עתיקה,31.238360,34.791378
באר שבע,ברוידס אברהם,1,,31.266394,34.756687
באר שבע,גרוסמן מאיר,10,שכונת נווה זאב,31.235681,34.767903
באר שבע,סנהדרין,121,שכונת ד,31.268521,34.786974
באר שבע,כיכר הגנים,9,שכונת נווה נוי,31.229931,34.789027
באר שבע,שיטרית,16,,31.254260,34.764363
באר שבע,דרזנר יחיאל,23,שכונת רמות,31.268287,34.814005
באר שבע,שד רגר יצחק,134,שכונת ד,31.267613,34.798351
באר שבע,המר זבולון,19,שכונת רמות,31.267210,34.811337
באר שבע,הרב ריינס,27,,31.263240,34.759774
באר שבע,"רמב""ן",10,,31.271952,34.786013
באר שבע,יערה,6,שכונת נווה נוי,31.230830,34.786481
באר שבע,עבדת,32,שכונת נאות לון,31.245576,34.766507
באר שבע,גיבתון חנוך,14,שכונת נחל בקע,31.223571,34.777702
באר שבע,ורבורג,5,שכונת א,31.248862,34.785853
באר שבע,לברי מרק,21,שכונת נחל בקע,31.221563,34.774456
באר שבע,ארניה אסוולדו,53,שכונת ד,31.266657,34.802153
באר שבע,ארלנגר ג'וזף,12,שכונת רמות,31.269204,34.807880
באר שבע,קרוק גלעד דורותיה,11,שכונת רמות,31.269940,34.806523
באר שבע,הרב אסף שמחה,11,שכונת ד,31.265449,34.802211
באר שבע,בית אשל,34,,31.238094,34.792676
באר שבע,מודעי יצחק,3,שכונת רמות,31.264913,34.807864
באר שבע,"הפלמ""ח",9,שכונת עיר עתיקה,31.237102,34.791373
באר שבע,בת שבע,26,,31.269955,34.761612
באר שבע,אלרואי דוד,4,,31.264634,34.764011
באר שבע,הר בוקר,51,,31.274513,34.808792
באר שבע,בר-לב חיים,23,שכונת ו,31.265742,34.772440
באר שבע,הר בוקר,31,,31.273837,34.809808
באר שבע,סנהדרין,142,שכונת ד,31.269490,34.788336
באר שבע,עמיצור שמשון,32,שכונת רמות הרכס,31.282269,34.797473
באר שבע,ברוור אברהם,69,שכונת רמות,31.274683,34.807648
באר שבע,רחבת מבצע ארז,58,שכונת ו,31.265585,34.781624
באר שבע,בן יעקב צבי,14,,31.225934,34.778217
באר שבע,אפשטיין ישראל,18,,31.276287,34.816595
באר שבע,דה-שליט עמוס,36,שכונת רמות,31.272827,34.807384
באר שבע,אבן-שושן אברהם,23,,31.242954,34.761158
באר שבע,?,101,שכונת ד,31.262270,34.797946
באר שבע,הגר,9,שכונת עיר עתיקה,31.240939,34.784894
באר שבע,קהירי,13,שכונת רמות הרכס,31.284408,34.802716
באר שבע,"רמב""ם",39,,31.242867,34.790794
באר שבע,זרחין אלכסנדר,10,,31.274682,34.805469
באר שבע,פסמון,3,שכונת ה,31.249360,34.779188
באר שבע,רופין ארתור,38,,31.265502,34.767651
באר שבע,ברנר,1,שכונת א,31.248693,34.793137
באר שבע,יריחו,21,שכונת ט,31.243457,34.778211
באר שבע,צביה ויצחק,49,,31.224696,34.780868
באר שבע,תלמה,30,שכונת נחל בקע,31.221249,34.773350
באר שבע,שד יעלים,64,שכונת ה,31.253838,34.777412
באר שבע,הרב גבאי מנחם,6,שכונת ד,31.271942,34.795206
באר שבע,משה יצחק,20,,31.275424,34.805544
באר שבע,בית אשל,59,,31.239762,34.794038
באר שבע,מאפו אברהם,13,שכונת נווה זאב,31.235796,34.774527
באר שבע,התלמוד,54,שכונת ד,31.269771,34.786281
באר שבע,יששכר,9,שכונת עיר עתיקה,31.238801,34.781680
באר שבע,פיקרד,34,,31.278213,34.801339
באר שבע,זילברג משה,12,,31.269335,34.775902
באר שבע,הרב גורן שלמה,41,שכונת נאות לון,31.244670,34.764762
באר שבע,יהושפט,17,,31.262519,34.782956
באר שבע,אבן ארי מיכאל,31,שכונת רמות,31.275224,34.806379
באר שבע,הבדיל,4,,31.227633,34.808903
באר שבע,כיכר אליעזר קפלן,12,שכונת א,31.249548,34.791020
באר שבע,רחבת שמגר השופט,36,שכונת ו,31.262997,34.775046
באר שבע,קלצ'קין רפאל,58,שכונת נווה מנחם,31.268267,34.769647
באר שבע,אהוד בן גרא,23,שכונת עיר עתיקה,31.241709,34.779870
באר שבע,אבן-שושן אברהם,29,,31.242967,34.760845
באר שבע,הכנסת,17,שכונת ד,31.270750,34.794333
באר שבע,העצמאות,42,שכונת עיר עתיקה,31.239852,34.790831
באר שבע,אלרואי דוד,2,,31.264667,34.764083
באר שבע,פראוור יהושע,12,שכונת רמות,31.272255,34.806320
באר שבע,ארגוב אלכסנדר,4,,31.248347,34.758836
באר שבע,אמיר אברהם,76,,31.277749,34.823524
באר שבע,ברזני משה,19,,31.269509,34.815316
באר שבע,אפרת יעקב,15,שכונת נווה מנחם,31.269833,34.771671
באר שבע,רינגלבלום,4,שכונת ד,31.266453,34.800808
באר שבע,רבנו תם,4,,31.271504,34.786004
באר שבע,חכים אליהו,55,,31.273153,34.814237
באר שבע,רחבת אופירה,1,שכונת ט,31.243757,34.771412
באר שבע,שיטרית,27,,31.254159,34.763783
באר שבע,זמיר ישעיהו,10,,31.274525,34.819491
באר שבע,משעול פנקס דוד,25,שכונת יא,31.255203,34.762451
באר שבע,תקוע יוסף,101,שכונת רמות,31.277513,34.819317
באר שבע,פייגנבאום אריה,19,שכונת נווה מנחם,31.261015,34.756350
באר שבע,אירוס הנגב,59,,31.228400,34.791827
באר שבע,קרן קיימת לישראל,126,שכונת עיר עתיקה,31.239728,34.789464
באר שבע,ברוידס אברהם,39,שכונת נווה מנחם,31.265717,34.755096
באר שבע,בורן מכס,36,שכונת רמות,31.274324,34.803887
באר שבע,קיפוד,22,שכונת ה,31.250255,34.777847
באר שבע,גרינבוים יצחק,6,,31.261462,34.765459
באר שבע,יערי מאיר,62,שכונת יא,31.258363,34.764429
באר שבע,אהוד בן גרא,48,שכונת נווה זאב,31.241851,34.778611
באר שבע,הצבי,54,שכונת ה,31.252677,34.773630
באר שבע,אמיר אברהם,48,שכונת רמות,31.276783,34.825150
באר שבע,יערי מאיר,3,שכונת יא,31.257924,34.762456
באר שבע,חבס ברכה,19,,31.269849,34.768098
באר שבע,הר בקע,13,,31.275693,34.810022
באר שבע,גלזמן יוסף,7,שכונת נחל בקע,31.224442,34.779028
באר שבע,ירקוני עמוס,19,שכונת ו,31.266774,34.773806
באר שבע,יהוא,7,,31.262318,34.782054
באר שבע,מבצע נחשון,42,שכונת ו,31.259911,34.786366
באר שבע,אהרונסון,36,שכונת נווה מנחם,31.267438,34.760728
באר שבע,דרך מצדה,105,שכונת ב,31.258488,34.779208
באר שבע,פיקרד,16,שכונת רמות הרכס,31.277539,34.800342
באר שבע,הרב גורן שלמה,3,שכונת ט,31.243456,34.765120
באר שבע,תמיר שמואל,13,,31.263116,34.765360
באר שבע,בית אשל,17,,31.237484,34.791878
באר שבע,ברוור אברהם,27,,31.273200,34.808783
באר שבע,ברטונוב יהושע,10,שכונת נווה מנחם,31.269548,34.770723
באר שבע,שיטרית,26,,31.254475,34.763506
באר שבע,הבדיל,23,שכונת עמק שרה,31.225106,34.809692
באר שבע,שד בן גוריון,44,,31.253336,34.813134
באר שבע,מורדי הגטאות,131,שכונת עיר עתיקה,31.241225,34.792350
באר שבע,שינדלר אוסקר,12,שכונת רמות הרכס,31.282701,34.801629
באר שבע,הוכברג נתנאל,6,שכונת נווה מנחם,31.270459,34.771995
באר שבע,ברגסון אנרי,3,,31.271861,34.806118
באר שבע,חטיבת הנגב,47,שכונת עיר עתיקה,31.240416,34.785407
באר שבע,הכט ראובן,73,,31.274714,34.816445
באר שבע,ילין דוד,25,שכונת רמות,31.270207,34.805797
באר שבע,שיזף,71,,31.230132,34.787855
באר שבע,יוכבד בת מרים,22,שכונת נווה מנחם,31.268804,34.769509
באר שבע,שאול המלך,1,שכונת ד,31.263966,34.787207
באר שבע,הדעת,78,שכונת רמות,31.270368,34.804131
באר שבע,"הפלמ""ח",72,,31.239607,34.788261
באר שבע,חבצלת הנגב,33,,31.234074,34.790405
באר שבע,ילין דוד,3,שכונת רמות,31.269252,34.805369
באר שבע,חוחית,2,,31.228292,34.764909
באר שבע,דה-שליט עמוס,18,שכונת רמות,31.272142,34.807827
באר שבע,אבשלום,5,,31.265819,34.765142
באר שבע,סימון ארנסט דוד,29,שכונת רמות,31.269843,34.807366
באר שבע,בלהה,11,,31.269882,34.764123
באר שבע,אירוס הנגב,19,,31.229106,34.795497
באר שבע,פריבס משה,22,שכונת רמות הרכס,31.279744,34.798390
באר שבע,אביגדור המאירי,17,שכונת נווה זאב,31.239202,34.775440
באר שבע,לישנסקי יוסף,9,שכונת נווה מנחם,31.266966,34.759130
באר שבע,יהואש,22,,31.262493,34.784916
באר שבע,הזוהר,17,שכונת ד,31.271531,34.787702
באר שבע,סמילנסקי,16,שכונת עיר עתיקה,31.237034,34.788202
באר שבע,נורית,12,שכונת נווה נוי,31.231806,34.778003
באר שבע,גרוסמן מאיר,39,שכונת נווה זאב,31.238178,34.768177
באר שבע,פרץ י ל,5,שכונת נווה זאב,31.240329,34.779348
באר שבע,ארלוזורוב,50,שכונת ד,31.258131,34.805728
באר שבע,אמיר אברהם,40,,31.276247,34.824928
באר שבע,ישעיהו הנביא,2,שכונת עיר עתיקה,31.238055,34.783116
באר שבע,זנגויל ישראל,29,שכונת נווה מנחם,31.264027,34.760205
באר שבע,מבצע דני,56,,31.260166,34.781584
באר שבע,גרונר דב,20,,31.270379,34.812607
באר שבע,הכנסת,23,שכונת ד,31.270579,34.794021
באר שבע,שד רגר יצחק,125,שכונת ד,31.263952,34.797719
באר שבע,בוסקוביץ אלכסנדר,31,,31.221499,34.771599
באר שבע,צונדק ברנרד והרמן,3,שכונת רמות,31.268438,34.808073
באר שבע,רחבת יעל,33,,31.262041,34.774000
באר שבע,חיבת ציון,6,,31.253059,34.810445
באר שבע,התלמוד,93,שכונת ד,31.269031,34.786436
באר שבע,ויצמן,14,שכונת א,31.247994,34.794103
באר שבע,מוריה,7,שכונת א,31.247770,34.784294
באר שבע,צביה ויצחק,19,,31.224096,34.778770
באר שבע,צפורה,10,,31.268404,34.763660
באר שבע,"זק""ש נלי",17,שכונת רמות,31.271609,34.807030
באר שבע,מבצע יואב,28,שכונת ו,31.259786,34.780878
באר שבע,רודנסקי שמואל,75,שכונת נווה מנחם,31.271347,34.769057
באר שבע,חזן יעקב,48,,31.275683,34.816400
באר שבע,שד ירושלים,30,שכונת ט,31.246145,34.777576
באר שבע,רבי עקיבא,17,שכונת ד,31.259039,34.792406
באר שבע,בן חיים פאול,14,,31.221910,34.773067
באר שבע,תלמה,28,,31.221093,34.773565
באר שבע,עוזיה המלך,11,שכונת ד,31.260664,34.793961
באר שבע,פטריה,1,,31.254406,34.779482
באר שבע,גינצבורג דוד,12,,31.274370,34.806882
באר שבע,הר כנען,6,,31.274375,34.814138
באר שבע,"מנצ'ל פועה ד""ר",12,שכונת ב,31.253985,34.799749
באר שבע,ברטונוב יהושע,18,שכונת נווה מנחם,31.270157,34.770259
באר שבע,פטנקין דן,20,,31.247841,34.760827
באר שבע,בדר יוחנן,40,,31.273171,34.825402
באר שבע,אהוד בן גרא,13,שכונת עיר עתיקה,31.241198,34.780582
באר שבע,מורדי הגטאות,79,שכונת עיר עתיקה,31.238836,34.789995
באר שבע,השופט אלקיים,30,שכונת נאות לון,31.241842,34.763813
באר שבע,"רחבת לח""י",3,,31.264705,34.775975
באר שבע,אבן-שושן אברהם,115,שכונת נאות לון,31.246855,34.757458
באר שבע,אמיר אברהם,22,,31.276110,34.823376
באר שבע,סטרומה,31,,31.254542,34.777705
באר שבע,משעול חפר,9,שכונת ט,31.245802,34.773117
באר שבע,שופמן גרשון,13,שכונת נווה זאב,31.238398,34.774031
באר שבע,אבישי,33,,31.261069,34.779451
באר שבע,דרך מצדה,68,שכונת ד,31.259083,34.789368
באר שבע,הרב גורן שלמה,29,שכונת נאות לון,31.244483,34.764432
באר שבע,שד רגר יצחק,53,שכונת ב,31.253806,34.798377
באר שבע,דרך מצדה,144,שכונת ו,31.259182,34.784435
באר שבע,הושע,2,שכונת עיר עתיקה,31.236388,34.785654
באר שבע,יסעור,2,,31.230199,34.766917
באר שבע,המדע,40,שכונת רמות,31.270341,34.807486
באר שבע,הגנן,14,,31.218261,34.810421
באר שבע,פייגנבאום אריה,40,,31.261283,34.756256
באר שבע,קדיש לוז,10,שכונת יא,31.257053,34.763965
באר שבע,הגאונים,25,שכונת נאות לון,31.253450,34.761280
באר שבע,"רש""י",30,שכונת ד,31.268052,34.787469
באר שבע,נורית,21,שכונת נווה נוי,31.231180,34.778311
באר שבע,יאיר,47,שכונת עיר עתיקה,31.241265,34.790648
באר שבע,טרומפלדור,62,,31.239441,34.791905
באר שבע,גויטיין דוד,2,שכונת ו,31.269209,34.776691
באר שבע,גת,15,שכונת נאות לון,31.246566,34.766860
באר שבע,אמיר אברהם,7,,31.276663,34.822784
באר שבע,שליו,17,שכונת ה,31.249487,34.781879
באר שבע,אינשטיין,20,שכונת ב,31.256877,34.790827
באר שבע,פורת קלמן,12,שכונת רמות הרכס,31.284817,34.805372
באר שבע,שלשת בני עין חרוד,22,,31.237574,34.791187
באר שבע,אנקור,19,שכונת נווה זאב,31.231972,34.772409
באר שבע,"חז""ל",82,שכונת ב,31.257712,34.790892
באר שבע,תלמה,11,,31.220187,34.774412
באר שבע,השלום,18,,31.251409,34.801844
באר שבע,שד יעלים,110,שכונת ה,31.256881,34.774889
באר שבע,יוחנן הורקנוס,4,שכונת ד,31.265029,34.794243
באר שבע,דינור בן-ציון,13,שכונת יא,31.258213,34.760648
באר שבע,חובב משה,19,שכונת נחל בקע,31.221129,34.774492
באר שבע,"רש""י",56,שכונת ד,31.267824,34.788013
באר שבע,יהודה הנחתום,5,,31.256454,34.814337
באר שבע,"החיד""א",89,שכונת יא,31.253891,34.766516
באר שבע,"רמב""ן",56,,31.271482,34.782918
באר שבע,בן יוסף שלמה,30,,31.270587,34.814641
באר שבע,הר עצמון,1,,31.274758,34.813888
באר שבע,רוטנשטרייך,37,שכונת רמות הרכס,31.282149,34.797098
באר שבע,זבולון,2,שכונת עיר עתיקה,31.237004,34.782745
באר שבע,ברדיצ'בסקי,9,שכונת ו,31.267434,34.772147
באר שבע,צביה ויצחק,57,,31.225051,34.780753
באר שבע,תקוע יוסף,67,שכונת רמות,31.277264,34.818396
באר שבע,גלילי ישראל,31,שכונת רמות הרכס,31.285121,34.803851
באר שבע,מסקין אהרון,9,שכונת נווה מנחם,31.269550,34.767170
באר שבע,פשוש,14,,31.229867,34.764120
באר שבע,אפרסמון,11,שכונת נווה נוי,31.230593,34.785031
באר שבע,בורלא יהודה,29,שכונת ה,31.251345,34.775400
באר שבע,אקצין בנימין,7,,31.269926,34.778294
באר שבע,דיה,12,שכונת פלח שבע,31.231411,34.762904
באר שבע,דרך מצדה,83,שכונת ב,31.258632,34.784142
באר שבע,הכותל המערבי,59,שכונת א,31.250188,34.784738
באר שבע,רבקה,5,,31.268055,34.764435
באר שבע,יוחנן הורקנוס,16,שכונת ד,31.264962,34.795147
באר שבע,הגנן,17,,31.217711,34.810257
באר שבע,אסף הרופא,5,שכונת ב,31.255942,34.793101
באר שבע,משעול פנקס דוד,23,שכונת יא,31.255036,34.762680
באר שבע,רימון,54,שכונת רמות הרכס,31.286788,34.799491
באר שבע,ברוידס אברהם,28,שכונת נווה מנחם,31.265974,34.755414
באר שבע,אהוד בן גרא,35,שכונת נווה זאב,31.242161,34.778894
באר שבע,הכותל המערבי,18,שכונת א,31.247195,34.786736
באר שבע,אלתרמן,19,שכונת ה,31.253179,34.774114
באר שבע,רחבת מבצע קילשון,11,שכונת ו,31.264672,34.780222
באר שבע,"רמב""ם",22,שכונת עיר עתיקה,31.243777,34.790830
באר שבע,רחבת בן נון,33,שכונת ו,31.262494,34.776277
באר שבע,צביה ויצחק,68,,31.225017,34.781071
באר שבע,משעול פנקס דוד,36,שכונת יא,31.255201,34.762749
באר שבע,ויניק זאב,24,,31.259158,34.759111
באר שבע,העליה,45,,31.255019,34.779575
באר שבע,שטה,22,שכונת נווה נוי,31.232406,34.790892
באר שבע,שלשת בני עין חרוד,51,,31.238481,34.791777
באר שבע,צביה ויצחק,10,שכונת נחל בקע,31.224470,34.778301
באר שבע,דרך מצדה,204,שכונת ו,31.258860,34.776085
באר שבע,הפלדה,19,,31.223244,34.811825
באר שבע,קלצ'קין רפאל,26,,31.269249,34.771187
באר שבע,הכט ראובן,45,,31.274726,34.817963
באר שבע,עמיר אנדה,51,,31.272267,34.765529
באר שבע,ויטנברג יצחק,8,,31.224786,34.780503
באר שבע,סנהדרין,73,שכונת ד,31.270966,34.792004
באר שבע,הרב ריינס,24,,31.263423,34.760139
באר שבע,המרד,47,,31.272378,34.815214
באר שבע,בן דוד יוסף,4,שכונת רמות,31.272725,34.800952
באר שבע,פלוסר דוד,13,,31.246328,34.761649
באר שבע,דוידוביץ לב,4,שכונת רמות,31.272221,34.801219
באר שבע,רובינא חנה,46,שכונת נווה מנחם,31.269607,34.768205
באר שבע,דותן,26,,31.264190,34.761779
באר שבע,בנימין,2,שכונת עיר עתיקה,31.239439,34.784044
באר שבע,בן דוד יוסף,11,,31.273181,34.801026
באר שבע,"חז""ל",85,שכונת ב,31.257459,34.790481
באר שבע,גרונר דב,23,,31.270118,34.812403
באר שבע,אבן עזרא,36,שכונת ד,31.270486,34.784733
באר שבע,פרץ י ל,18,שכונת נווה זאב,31.240811,34.778605
באר שבע,מנדלסון,24,שכונת ב,31.256582,34.789307
באר שבע,אלרואי דוד,11,שכונת נווה מנחם,31.264088,34.763938
באר שבע,דרור,79,,31.227934,34.768701
באר שבע,לברי מרק,41,,31.222753,34.772856
באר שבע,סלמה,5,שכונת ד,31.261371,34.797030
באר שבע,דרבן,13,שכונת ה,31.250364,34.777317
באר שבע,רודנסקי שמואל,64,,31.271978,34.770846
באר שבע,המדע,102,,31.273125,34.806622
באר שבע,הרב חביב חיים,27,,31.250886,34.758926
באר שבע,סגל צבי,34,שכונת רמות,31.271266,34.805614
באר שבע,שאול ואליהו,1,,31.266280,34.758803
באר שבע,רחבת בן נון,20,שכונת ו,31.263231,34.776207
באר שבע,הכנסת,5,שכונת ד,31.270983,34.795922
באר שבע,אביתר הכהן,15,,31.267029,34.765476
באר שבע,קדיש לוז,26,,31.257140,34.764709
באר שבע,"אצ""ל",6,,31.271729,34.777494
באר שבע,דודאים,22,שכונת נווה נוי,31.230996,34.780253
באר שבע,אלדד,70,,31.275419,34.823130
באר שבע,פלדברג שמואל,2,,31.275861,34.824116
באר שבע,רחבת בן נון,3,שכונת ו,31.262523,34.776687
באר שבע,משעול עקרון,2,שכונת ט,31.245374,34.774324
באר שבע,אבן-שושן אברהם,30,,31.243500,34.760031
באר שבע,סנהדרין,21,שכונת ד,31.272446,34.795929
באר שבע,דינור בן-ציון,10,,31.258146,34.761114
באר שבע,בן דוד יוסף,16,,31.273014,34.801582
באר שבע,פסמון,40,שכונת ה,31.250150,34.778264
באר שבע,אבן ארי מיכאל,18,,31.275345,34.806857
באר שבע,עפרוני,104,,31.230595,34.768351
באר שבע,אבן-שושן אברהם,18,,31.243243,34.761130
באר שבע,בן יעקב צבי,16,,31.226041,34.778176
באר שבע,דרך מצדה,106,שכונת ד,31.259185,34.788362
באר שבע,עבדת,80,שכונת ט,31.244636,34.766976
באר שבע,אורות ישראל,19,,31.236575,34.763168
באר שבע,הרב סילברט,10,שכונת ד,31.270811,34.787782
באר שבע,יסמין,7,,31.231428,34.793891
באר שבע,שטה,45,,31.230541,34.791529
באר שבע,שלשת בני עין חרוד,36,שכונת עיר עתיקה,31.237956,34.791528
באר שבע,אהוד בן גרא,11,שכונת עיר עתיקה,31.241128,34.780721
באר שבע,האוזנר גדעון,33,שכונת רמות הרכס,31.288092,34.805572
באר שבע,הוכברג נתנאל,12,,31.270682,34.771890
באר שבע,"הפלמ""ח",10,,31.238188,34.790311
באר שבע,שלשת בני עין חרוד,39,,31.238006,34.791339
באר שבע,גת,7,שכונת נאות לון,31.246519,34.767512
באר שבע,רודנסקי שמואל,72,,31.272096,34.770441
באר שבע,הרמלין יוסף,1,שכונת רמות,31.266316,34.812621
באר שבע,נגבה,38,שכונת עיר עתיקה,31.241057,34.783666
באר שבע,רב האי גאון,5,שכונת נאות לון,31.249998,34.761240
באר שבע,אבן שפרוט,12,שכונת נאות לון,31.251607,34.763220
באר שבע,רחבת מבצע יקב,4,שכונת ו,31.265486,34.779340
באר שבע,ילן-שטקליס מרים,62,שכונת נווה מנחם,31.270805,34.768228
באר שבע,ברנפלד שמעון,23,שכונת ד,31.270488,34.799944
באר שבע,"רחבת לח""י",30,,31.263970,34.775689
באר שבע,רודנסקי שמואל,96,שכונת נווה מנחם,31.271774,34.769241
באר שבע,הלפרין,16,,31.262438,34.756036
באר שבע,צפורה,11,שכונת נווה מנחם,31.268268,34.763383
באר שבע,משעול חפר,12,שכונת ט,31.245889,34.773176
באר שבע,לינדנר יוחנן,33,,31.275098,34.802507
באר שבע,בנטואיץ יוסף,4,שכונת רמות,31.269195,34.805837
באר שבע,דרך מצדה,58,שכונת ד,31.259104,34.790203
באר שבע,רופין ארתור,11,,31.264131,34.768601
באר שבע,לינדנר יוחנן,7,,31.274187,34.801612
באר שבע,קלצ'קין רפאל,86,שכונת נווה מנחם,31.268870,34.768427
באר שבע,שממית,3,שכונת ה,31.249033,34.778692
באר שבע,הר בוקר,10,,31.273383,34.810472
באר שבע,טרומפלדור,27,,31.238115,34.790416
באר שבע,אבן עזרא,16,,31.270735,34.786303
באר שבע,יסמין,6,,31.231838,34.793818
באר שבע,המלכים,29,,31.264648,34.757103
באר שבע,חזן יעקב,25,,31.275402,34.818653
באר שבע,הרצל,93,שכונת עיר עתיקה,31.243184,34.791079
באר שבע,הדסה,31,שכונת עיר עתיקה,31.239745,34.791605
באר שבע,אסר טוביאס,7,שכונת רמות,31.272116,34.801514
באר שבע,אירוס הנגב,17,,31.229149,34.795657
באר שבע,דוידוביץ לב,7,,31.272634,34.801191
באר שבע,חרדון,36,שכונת ה,31.249807,34.778095
באר שבע,אבן-שושן אברהם,72,שכונת נאות לון,31.247461,34.757877
באר שבע,יוסף בן מתתיהו,30,שכונת ד,31.264735,34.799735
באר שבע,קציר אהרון,38,שכונת רמות,31.273570,34.808284
באר שבע,בן יעקב צבי,15,,31.225973,34.777946
באר שבע,תקוע יוסף,125,,31.277787,34.819710
באר שבע,דרך מצדה,218,שכונת יא,31.257937,34.774763
באר שבע,המדע,74,שכונת רמות,31.272047,34.807459
באר שבע,שירמן חיים,3,,31.272472,34.804543
באר שבע,רותם,30,שכונת נווה נוי,31.229733,34.794210
באר שבע,אבן-שושן אברהם,119,,31.247180,34.757395
באר שבע,סרן דב,5,שכונת נווה זאב,31.235423,34.780605
באר שבע,תקוע יוסף,73,,31.277265,34.818687
באר שבע,המסילה,2,,31.251615,34.817664
באר שבע,הושע,4,שכונת עיר עתיקה,31.236597,34.785995
באר שבע,בעלי התוספות,25,,31.271656,34.786719
באר שבע,דובנוב,7,שכונת ב,31.256680,34.793737
באר שבע,שד ירושלים,60,שכונת ט,31.246728,34.774609
באר שבע,אולשן יצחק,3,,31.268363,34.774641
באר שבע,שופט אברהם,56,שכונת רמות,31.266985,34.813587
באר שבע,מבצע עובדה,40,שכונת ו,31.260468,34.776670
באר שבע,המכתשים,3,שכונת ד,31.268430,34.794732
באר שבע,בית צורי אליהו,18,,31.272139,34.814212
באר שבע,קראוס גרטרוד,8,,31.248925,34.756253
באר שבע,שד יעלים,47,שכונת ה,31.248508,34.780836
באר שבע,הרב ריינס,18,,31.263559,34.759983
באר שבע,יוסי הבורסקאי,6,,31.245317,34.809627
באר שבע,חגלה,24,שכונת ה,31.249585,34.782957
באר שבע,בית שאן,22,שכונת נאות לון,31.249508,34.768053
באר שבע,שיזף,18,,31.232123,34.791357
באר שבע,נגבה,33,שכונת עיר עתיקה,31.240101,34.784744
באר שבע,רחבת איבצן,18,,31.263415,34.777676
באר שבע,ממשית,25,שכונת ט,31.244287,34.768380
באר שבע,סביון,4,שכונת נווה נוי,31.233242,34.780246
באר שבע,מודעי יצחק,43,שכונת רמות,31.267083,34.809206
באר שבע,אלדד,34,,31.273559,34.823396
באר שבע,ברוד מקס,3,,31.265216,34.758429
באר שבע,אבן עזרא,21,,31.270368,34.786177
באר שבע,הברזל,5,,31.216600,34.807858
באר שבע,בזל,15,שכונת א,31.248566,34.788266
באר שבע,שופט אברהם,72,שכונת רמות,31.267457,34.813235
באר שבע,בר יוחאי,7,שכונת ד,31.273094,34.795721
באר שבע,סמילן רות,1,שכונת נחל בקע,31.221523,34.776466
באר שבע,פיקרד,26,שכונת רמות הרכס,31.277929,34.800794
באר שבע,יאיר,40,שכונת עיר עתיקה,31.241778,34.790301
באר שבע,חזן יעקב,46,שכונת רמות,31.275684,34.816582
באר שבע,הנוקם,13,שכונת עיר עתיקה,31.241849,34.783577
באר שבע,צוקית,13,שכונת פלח שבע,31.232215,34.761896
באר שבע,שטיין ריכרד,8,שכונת ו,31.266074,34.770914
באר שבע,קלצ'קין רפאל,8,שכונת נווה מנחם,31.269779,34.772179
באר שבע,כלנית,14,שכונת נווה נוי,31.231684,34.781333
באר שבע,בית שאן,26,שכונת נאות לון,31.249538,34.767653
באר שבע,שלדג,4,,31.231695,34.764189
באר שבע,דה-שליט עמוס,30,שכונת רמות,31.272629,34.807463
באר שבע,משה יצחק,21,,31.275232,34.805216
באר שבע,רחבת הרב קוק,18,שכונת יא,31.257684,34.770520
באר שבע,קראוס גרטרוד,6,,31.249017,34.756375
באר שבע,העליה,60,,31.255738,34.779272
באר שבע,הגדודים,21,,31.235402,34.782222
באר שבע,פטנקין דן,27,שכונת נאות לון,31.246751,34.758919
באר שבע,ילין דוד,73,שכונת רמות,31.272263,34.805426
באר שבע,וקסמן זלמן,8,,31.270301,34.808049
באר שבע,פשוש,17,,31.229973,34.764714
באר שבע,אירוס הנגב,44,,31.228976,34.793880
באר שבע,משעול מבצע יונתן,14,שכונת ו,31.265882,34.782511
באר שבע,אולשן יצחק,4,שכונת ו,31.268521,34.774997
באר שבע,נרקיס עוזי,14,שכונת רמות הרכס,31.281956,34.804503
באר שבע,עבדת,104,שכונת ט,31.244355,34.765932
באר שבע,שד רגר יצחק,131,שכונת ד,31.264302,34.797858
באר שבע,יערה,36,שכונת נווה נוי,31.232295,34.786848
באר שבע,גולדשטיין פרץ,4,שכונת נחל בקע,31.225869,34.780175
באר שבע,דרך מצדה,252,שכונת יא,31.255575,34.772374
באר שבע,שד רגר יצחק,138,שכונת ד,31.267993,34.798344
באר שבע,בלוך רודולף,21,,31.272209,34.808112
באר שבע,פקועה,50,,31.230451,34.791696
באר שבע,מבצע יואב,52,,31.262258,34.780152
באר שבע,כלנית,26,שכונת נווה נוי,31.232306,34.781312
באר שבע,גוטמן נחום,16,שכונת נווה זאב,31.238798,34.779194
באר שבע,דוד הראובני,22,שכונת נווה מנחם,31.264077,34.764397
באר שבע,סוכות,2,שכונת ד,31.267719,34.796093
באר שבע,עליאש מרדכי,8,,31.254084,34.807269
באר שבע,"רחבת לח""י",36,,31.264108,34.775777
באר שבע,יוכבד בת מרים,12,שכונת נווה מנחם,31.269198,34.769954
באר שבע,שופט אברהם,132,,31.269539,34.811263
באר שבע,העליה,12,,31.250780,34.782472
באר שבע,שינדלר אוסקר,18,שכונת רמות הרכס,31.282977,34.800881
באר שבע,פרטוש עדן,10,,31.220204,34.772855
באר שבע,קרן קיימת לישראל,86,שכונת עיר עתיקה,31.238902,34.790600
באר שבע,צבי-רן שלמה,50,,31.273387,34.817212
באר שבע,רוקח ישראל,16,,31.261677,34.766060
באר שבע,ברוור אברהם,13,שכונת רמות,31.272752,34.809190
באר שבע,הדסה,49,,31.240504,34.790507
באר שבע,אירוס הנגב,13,שכונת נווה נוי,31.229307,34.795996
באר שבע,בדר יוחנן,68,,31.274120,34.824433
באר שבע,דורי יעקב,9,שכונת ו,31.266732,34.783247
באר שבע,שלמה המלך,69,שכונת ד,31.259831,34.794828
באר שבע,אייזנשטדט,6,,31.276306,34.824087
באר שבע,עבדת,29,שכונת ט,31.243708,34.767255
באר שבע,חזן יעקב,23,,31.275409,34.818846
באר שבע,קרן קיימת לישראל,111,שכונת עיר עתיקה,31.238976,34.789968
באר שבע,הגאונים,17,שכונת נאות לון,31.252365,34.760647
באר שבע,ארניה אסוולדו,25,שכונת ד,31.267257,34.801697
באר שבע,האבות,30,שכונת עיר עתיקה,31.238276,34.788906
באר שבע,פסמון,25,שכונת ה,31.249767,34.778611
באר שבע,דרך מצדה,60,שכונת ד,31.259078,34.790053
באר שבע,ברגסון אנרי,8,שכונת רמות,31.271688,34.806454
באר שבע,יוסף בן מתתיהו,40,שכונת ד,31.264423,34.800237
באר שבע,שבזי,1,שכונת א,31.248883,34.794823
באר שבע,דיין משה,4,,31.264309,34.772658
באר שבע,עוזיה המלך,1,שכונת ד,31.261153,34.794443
באר שבע,משעול מצפה,18,שכונת ט,31.246320,34.778257
באר שבע,"רמב""ם",7,שכונת עיר עתיקה,31.241139,34.793207
באר שבע,פינקל שמעון,10,שכונת נווה מנחם,31.263807,34.758598
באר שבע,"הפלמ""ח",27,,31.237759,34.790592
באר שבע,קהירי,24,,31.285457,34.800431
באר שבע,רחבת פל-ים,4,,31.265017,34.776847
באר שבע,וייס יעקב,4,,31.269595,34.814887
באר שבע,ישעיהו ישראל,5,,31.256799,34.763787
באר שבע,חוחית,61,,31.227889,34.762765
באר שבע,שמחה,2,שכונת עיר עתיקה,31.241076,34.784182
באר שבע,אלמוג,17,שכונת נווה נוי,31.229976,34.784847
באר שבע,הרב פרנק,10,שכונת ו,31.267652,34.781160
באר שבע,פיקרד,13,שכונת רמות הרכס,31.278521,34.799853
באר שבע,זלפה,22,,31.270329,34.762938
באר שבע,הבשור,21,שכונת ד,31.265083,34.797437
באר שבע,שאול המלך,167,שכונת יא,31.255489,34.767172
באר שבע,החלוץ,89,שכונת עיר עתיקה,31.240408,34.790288
באר שבע,קציר אהרון,12,שכונת רמות,31.272115,34.809551
באר שבע,המדע,92,שכונת רמות,31.272768,34.806840
באר שבע,אירוס הנגב,26,,31.229418,34.795468
באר שבע,בית שאן,57,שכונת נאות לון,31.247491,34.766523
באר שבע,עליאש מרדכי,10,,31.254287,34.807109
באר שבע,יאיר,57,שכונת עיר עתיקה,31.241619,34.790134
באר שבע,בר הלל יהושע,9,שכונת רמות,31.269972,34.804823
באר שבע,יוסף בן מתתיהו,53,שכונת ד,31.265296,34.799491
באר שבע,ילן-שטקליס מרים,38,שכונת נווה מנחם,31.271364,34.769784
באר שבע,דרזנר יחיאל,11,שכונת רמות,31.267478,34.814563
באר שבע,מורדי הגטאות,30,,31.238076,34.789630
באר שבע,שריג נחום,28,,31.283194,34.806147
באר שבע,גולדמן נחום,29,שכונת רמות הרכס,31.279443,34.802895
באר שבע,"הפלמ""ח",125,שכונת עיר עתיקה,31.241722,34.784941
באר שבע,זמיר ישעיהו,17,,31.274079,34.819448
באר שבע,היילפרין ליפמן,14,,31.262397,34.756108
באר שבע,רחבת בן נון,13,שכונת ו,31.262881,34.776664
באר שבע,מזר בנימין,55,,31.244274,34.759470
באר שבע,שד רגר יצחק,153,שכונת ד,31.265822,34.797869
באר שבע,חכים אליהו,23,,31.271649,34.812745
באר שבע,ולבר יצחק,2,שכונת נאות לון,31.242817,34.764568
באר שבע,טור סיני נפתלי,5,שכונת רמות,31.270549,34.806511
באר שבע,הר מירון,10,,31.277025,34.809823
באר שבע,ברזני משה,18,,31.269155,34.815430
באר שבע,אורות ישראל,14,,31.236814,34.763090
באר שבע,מבצע חורב,38,,31.261799,34.786116
באר שבע,סוקולוב,29,שכונת א,31.245217,34.790313
באר שבע,שריג נחום,35,שכונת רמות הרכס,31.282911,34.805673
באר שבע,התיבונים,14,שכונת נאות לון,31.252207,34.763711
באר שבע,שופט אברהם,35,שכונת רמות,31.267928,34.812167
באר שבע,צביה ויצחק,24,,31.223856,34.778619
באר שבע,בת שבע,17,,31.269874,34.761182
באר שבע,מבצע יואב,46,,31.261742,34.780366
באר שבע,גירית,49,שכונת ה,31.250534,34.778274
באר שבע,ליפמן גבריאל,15,,31.274698,34.800602
באר שבע,סלנט שמואל,21,,31.266978,34.780258
באר שבע,רחבת שמגר השופט,12,שכונת ו,31.262476,34.775826
באר שבע,בלוך רודולף,31,,31.272593,34.807803
באר שבע,עבדת,102,שכונת ט,31.244353,34.766140
באר שבע,רחבת מבצע קילשון,14,שכונת ו,31.264304,34.780702
באר שבע,דה-שליט עמוס,23,שכונת רמות,31.272360,34.807313
באר שבע,זרובבל,15,שכונת נווה מנחם,31.264805,34.763439
באר שבע,קויפמן,14,שכונת ה,31.253311,34.773489
באר שבע,סנהדרין,29,שכונת ד,31.272295,34.795265
באר שבע,אדלר,10,,31.266835,34.769993
באר שבע,ארן זלמן,36,,31.256868,34.760256
באר שבע,תלמה,48,,31.222057,34.772354
באר שבע,שירמן חיים,19,,31.272724,34.805225
באר שבע,דנציגר יצחק,30,שכונת נאות לון,31.245170,34.761172
באר שבע,וינגייט,48,,31.256099,34.804500
באר שבע,פורת לאה,11,,31.222581,34.776895
באר שבע,רחבת הראל,5,שכונת ו,31.264021,34.774874
באר שבע,האבות,65,שכונת עיר עתיקה,31.240240,34.785775
באר שבע,שלמה המלך,62,שכונת ד,31.260144,34.794910
באר שבע,חרצית,8,,31.232763,34.788387
באר שבע,צבעוני,35,,31.229068,34.779776
באר שבע,אירוס הנגב,61,,31.228435,34.791627
באר שבע,הדסה,37,,31.240043,34.791150
באר שבע,אמנון,36,,31.267300,34.766494
באר שבע,פריד אלפרד,19,,31.271916,34.802415
באר שבע,ההגנה,28,,31.239203,34.786607
באר שבע,נרקיס עוזי,11,שכונת רמות הרכס,31.282377,34.803819
באר שבע,רחבת אופירה,8,שכונת ט,31.244038,34.771138
באר שבע,שלונסקי,5,,31.252337,34.774390
באר שבע,אורבך אפרים,15,,31.247649,34.758896
באר שבע,נורית,27,שכונת נווה נוי,31.230731,34.778356
באר שבע,אפרסמון,3,שכונת נווה נוי,31.230737,34.785617
באר שבע,זהרי מיכאל,30,,31.274510,34.803180
באר שבע,גויטיין דוד,6,,31.269380,34.776609
באר שבע,הרב גבאי מנחם,5,שכונת ד,31.271758,34.795302
באר שבע,שטיינברג יהודה,52,שכונת ו,31.267815,34.770936
באר שבע,שד יעלים,43,שכונת ה,31.248393,34.780990
באר שבע,משה אדר,1,שכונת עיר עתיקה,31.241098,34.783811
באר שבע,רבנו תם,43,שכונת ד,31.270719,34.784317
באר שבע,קורא הדורות,13,שכונת נאות לון,31.250920,34.760413
באר שבע,ברוור אברהם,121,שכונת רמות,31.276124,34.805928
באר שבע,דיה,23,שכונת פלח שבע,31.230803,34.762498
באר שבע,קציר אהרון,14,שכונת רמות,31.271863,34.809429
באר שבע,הרב גבאי מנחם,24,שכונת ד,31.271580,34.793884
באר שבע,טרומפלדור,54,,31.239267,34.791734
באר שבע,עכו,46,שכונת נאות לון,31.252232,34.766108
באר שבע,קויפמן,8,,31.253323,34.773157
באר שבע,אהוד בן גרא,12,,31.241321,34.780802
באר שבע,ביאליק,36,שכונת ב,31.253106,34.791176
באר שבע,רחבת מבצע קדם,20,שכונת ו,31.265816,34.783036
באר שבע,ולבר יצחק,65,,31.242694,34.763064
באר שבע,בז,13,,31.230210,34.772401
באר שבע,הר חרמון,26,,31.273280,34.812468
באר שבע,רחל אמנו,44,שכונת נווה מנחם,31.271183,34.764421
באר שבע,רבי עקיבא,19,שכונת ד,31.259059,34.792309
באר שבע,איילת השחר,2,שכונת נווה זאב,31.236563,34.764582
באר שבע,רודנסקי שמואל,15,שכונת נווה מנחם,31.270559,34.772304
באר שבע,הדסה,36,שכונת עיר עתיקה,31.239953,34.791558
באר שבע,גלילי ישראל,20,שכונת רמות הרכס,31.284719,34.804204
באר שבע,כהן יעקב,8,שכונת ב,31.253735,34.797564
באר שבע,רחבת מבצע קדם,11,שכונת ו,31.266013,34.783488
באר שבע,שופט אברהם,68,שכונת רמות,31.267469,34.813551
באר שבע,בר הלל יהושע,7,שכונת רמות,31.269961,34.804680
באר שבע,עמל,5,שכונת אזור תעשיה,31.250903,34.822822
באר שבע,ורטהיימר חיים,5,שכונת רמות,31.271311,34.808409
באר שבע,שד ירושלים,19,שכונת ט,31.245481,34.777900
באר שבע,אבן ארי מיכאל,17,,31.274700,34.806974
באר שבע,קהירי,44,שכונת רמות הרכס,31.283430,34.801393
באר שבע,בלוך רודולף,23,,31.272275,34.808171
באר שבע,הדר,5,,31.231940,34.795401
באר שבע,אביגיל,17,,31.268666,34.761358
באר שבע,זרחין אלכסנדר,1,,31.274201,34.805600
באר שבע,פינקל שמעון,41,,31.264654,34.755140
באר שבע,בוסקוביץ אלכסנדר,27,,31.221367,34.771773
באר שבע,הכט ראובן,52,,31.275098,34.816022
באר שבע,"רמב""ם",57,,31.244192,34.787104
באר שבע,סמולנסקין,17,,31.266545,34.755765
באר שבע,אבן ארי מיכאל,35,שכונת רמות,31.275319,34.806232
באר שבע,חזן יעקב,42,,31.275699,34.816986
באר שבע,שניאור,2,שכונת ב,31.253957,34.792985
באר שבע,שופט אברהם,78,שכונת רמות,31.267942,34.812542
באר שבע,פינקל שמעון,46,,31.265082,34.754782
באר שבע,דותן,24,,31.264244,34.761817
באר שבע,"חז""ל",89,שכונת ב,31.257456,34.790282
באר שבע,סמולנסקין,7,שכונת נווה מנחם,31.267014,34.756309
באר שבע,קרן קיימת לישראל,74,שכונת עיר עתיקה,31.238790,34.790807
באר שבע,רחבת הראל,19,שכונת ו,31.263983,34.775197
באר שבע,זנגויל ישראל,31,שכונת נווה מנחם,31.264006,34.760257
באר שבע,ארגוב אלכסנדר,14,,31.248404,34.758518
באר שבע,רחבת מבצע ארז,2,שכונת ו,31.266094,34.781628
באר שבע,ברוידס אברהם,24,שכונת נווה מנחם,31.265898,34.755588
באר שבע,בזל,11,,31.248612,34.788981
באר שבע,אבן-שושן אברהם,85,,31.245209,34.758420
באר שבע,"הפלמ""ח",113,שכונת עיר עתיקה,31.241003,34.785953
באר שבע,סעדיה גאון,7,שכונת ב,31.257298,34.788748
באר שבע,דרך שמשון,3,,31.251743,34.785116
באר שבע,אסתר המלכה,10,שכונת נווה מנחם,31.267551,34.763236
באר שבע,קנדל הנרי,5,שכונת עיר עתיקה,31.245259,34.784028
באר שבע,בז,20,,31.230081,34.771230
באר שבע,רבי עקיבא,38,שכונת ד,31.259324,34.791921
באר שבע,פילדרמן,7,שכונת נווה מנחם,31.265258,34.760396
באר שבע,?,103,שכונת ד,31.262429,34.797906
באר שבע,אלבק חנוך,34,,31.271764,34.805244
באר שבע,גרינשפן הרשל,43,,31.267510,34.757043
באר שבע,רובינא חנה,21,שכונת נווה מנחם,31.270429,34.770919
באר שבע,אבשלום,11,,31.265676,34.765365
באר שבע,אלדד,23,שכונת רמות,31.275109,34.822971
באר שבע,ברוור אברהם,101,שכונת רמות,31.275619,34.806700
באר שבע,מרגולין,12,,31.222419,34.799852
באר שבע,ויתקון אלפרד,38,שכונת ו,31.270476,34.776855
באר שבע,הצנחנים,6,שכונת נחל בקע,31.225016,34.778485
באר שבע,עין גדי,29,שכונת נאות לון,31.250463,34.768149
באר שבע,הר בוקר,30,,31.276074,34.808636
באר שבע,הרב עדני,16,שכונת נאות לון,31.253047,34.764768
באר שבע,פטריה,15,,31.255144,34.778139
באר שבע,ההסתדרות,108,,31.242100,34.791429
באר שבע,ברוור אברהם,37,שכונת רמות,31.273501,34.808552
באר שבע,חיבת ציון,40,שכונת ג,31.253275,34.811306
באר שבע,רחבת בן נון,8,שכונת ו,31.263087,34.777036
באר שבע,דורי יעקב,3,שכונת ד,31.267466,34.784760
באר שבע,שטיין ריכרד,3,שכונת ו,31.266278,34.771499
באר שבע,שיפון,22,,31.222622,34.815358
באר שבע,שדרת הערים התאומות,22,שכונת רמות הרכס,31.281294,34.799429
באר שבע,שד ירושלים,105,שכונת ט,31.245710,34.771636
באר שבע,תקוע יוסף,29,,31.276483,34.819766
באר שבע,רודנסקי שמואל,6,שכונת נווה מנחם,31.270092,34.772911
באר שבע,מורדי הגטאות,125,,31.240936,34.791947
באר שבע,בר יוחאי,14,שכונת ד,31.273177,34.795323
באר שבע,דנציגר יצחק,12,,31.245296,34.762239
באר שבע,פרופ' שיבא,4,,31.260678,34.759070
באר שבע,גולדשטיין פרץ,9,שכונת נחל בקע,31.226069,34.779826
באר שבע,אדמון ידידיה,11,,31.219374,34.773567
באר שבע,פרופ' שיבא,16,שכונת נווה מנחם,31.260135,34.758628
באר שבע,מיכאלסון יצחק,12,שכונת רמות,31.268154,34.807318
באר שבע,חסמן מרק,27,,31.264689,34.753665
באר שבע,מבצע חירם,25,,31.260643,34.783591
באר שבע,סתונית,58,,31.227142,34.778272
באר שבע,בלוך רודולף,44,,31.273102,34.807846
באר שבע,בן יוסף שלמה,11,,31.271435,34.812540
באר שבע,מרלא,16,שכונת נווה מנחם,31.267328,34.758205
באר שבע,בן לברט,7,שכונת נאות לון,31.250459,34.762829
באר שבע,בן סרוק מנחם,14,שכונת נאות לון,31.252054,34.762033
באר שבע,דרך המשחררים,84,שכונת ה,31.251014,34.784635
באר שבע,נדב,5,,31.262947,34.786643
באר שבע,הכותל המערבי,40,שכונת א,31.249238,34.784939
באר שבע,ברש אשר,6,שכונת נווה זאב,31.239897,34.777299
באר שבע,מבצע עובדה,78,שכונת ו,31.260592,34.775339
באר שבע,בית אשל,35,,31.238461,34.792788
באר שבע,צונדק ברנרד והרמן,2,שכונת רמות,31.268243,34.808302
באר שבע,ארליך שמחה,2,שכונת יא,31.257703,34.766969
באר שבע,הדעת,70,שכונת רמות,31.269336,34.804796
באר שבע,בית שאן,36,שכונת נאות לון,31.249665,34.766765
באר שבע,בלוך רודולף,29,,31.272506,34.807956
באר שבע,מרכז הנגב,3,,31.257531,34.807061
באר שבע,היילפרין ליפמן,12,שכונת נווה מנחם,31.262496,34.756248
באר שבע,ההסתדרות,72,שכונת עיר עתיקה,31.240448,34.789836
באר שבע,דותן,20,,31.264419,34.761988
באר שבע,האבות,36,שכונת עיר עתיקה,31.238545,34.788565
באר שבע,דרך מצדה,230,שכונת יא,31.257365,34.774166
באר שבע,עליאש מרדכי,14,,31.254349,34.806828
באר שבע,לברי מרק,38,,31.222993,34.773049
באר שבע,חטיבת הנגב,48,שכונת עיר עתיקה,31.240183,34.785594
באר שבע,העליה,27,,31.253426,34.781807
באר שבע,חובב משה,54,,31.222541,34.776598
באר שבע,רחל המשוררת,6,שכונת ב,31.253448,34.793639
באר שבע,אלישבע,9,שכונת נווה מנחם,31.270524,34.768902
באר שבע,צבעוני,13,שכונת נווה נוי,31.231647,34.779850
באר שבע,ברזילי ישראל,2,,31.259820,34.762196
באר שבע,נאות הככר,3,שכונת ה,31.247852,34.780879
באר שבע,כרמלי,3,,31.258216,34.807375
באר שבע,רודנסקי שמואל,120,שכונת נווה מנחם,31.271307,34.767980
באר שבע,עמיצור שמשון,10,שכונת רמות הרכס,31.280989,34.798576
באר שבע,האוזנר גדעון,5,שכונת רמות הרכס,31.286575,34.804720
באר שבע,חובב משה,59,שכונת נחל בקע,31.223224,34.776591
באר שבע,אשכולית,4,שכונת רמות הרכס,31.288276,34.802787
באר שבע,אפרת יעקב,3,שכונת נווה מנחם,31.270051,34.772267
באר שבע,חובב משה,26,,31.220954,34.774905
באר שבע,לוזון אפרים,25,,31.265022,34.759661
באר שבע,אלרואי דוד,9,,31.264181,34.764046
באר שבע,רחבת יבנה,20,שכונת ט,31.245846,34.772749
באר שבע,דיה,51,שכונת פלח שבע,31.231542,34.761977
באר שבע,זמיר ישעיהו,69,,31.273255,34.816977
באר שבע,שמחוני אסף,3,שכונת עיר עתיקה,31.242722,34.787494
באר שבע,רחל אמנו,37,שכונת נווה מנחם,31.270510,34.764190
באר שבע,החלוץ,106,,31.240762,34.791304
באר שבע,רבי עקיבא,40,שכונת ד,31.259356,34.791641
באר שבע,פראוור יהושע,1,שכונת רמות,31.272294,34.805813
באר שבע,לוריא צבי,1,שכונת רמות,31.266939,34.811206
באר שבע,מגידו,4,שכונת ט,31.243690,34.776342
באר שבע,אבן-שושן אברהם,49,,31.243189,34.759554
באר שבע,תקוע יוסף,11,,31.276561,34.820899
באר שבע,הר רמון,61,,31.276227,34.807237
באר שבע,שד יעלים,39,שכונת ה,31.248249,34.781145
באר שבע,מיכאלסון יצחק,19,שכונת רמות,31.268232,34.807971
באר שבע,וינגייט,66,שכונת ד,31.255932,34.802317
באר שבע,פסמון,44,,31.250293,34.778061
באר שבע,הכט ראובן,5,,31.274713,34.820205
באר שבע,הרתך,5,,31.224578,34.815322
באר שבע,"חז""ל",51,שכונת ב,31.257493,34.792376
באר שבע,הגנן,11,שכונת עמק שרה,31.217680,34.811029
באר שבע,הצדיק מירושלים,56,,31.273510,34.786232
באר שבע,חכים אליהו,40,,31.272938,34.814558
באר שבע,חן ארנסט,5,שכונת רמות,31.270919,34.807808
באר שבע,הרב הרצוג,48,,31.259622,34.767328
באר שבע,פריץ אלברט,17,שכונת ו,31.266428,34.770455
באר שבע,החלוץ,60,,31.238573,34.789107
באר שבע,הרב חביב חיים,3,שכונת נאות לון,31.251848,34.760877
באר שבע,צ'לנוב יחיאל,18,שכונת נווה מנחם,31.265920,34.761169
באר שבע,לברי מרק,16,שכונת נחל בקע,31.221487,34.774888
באר שבע,כיכר הגנים,19,,31.230774,34.790141
באר שבע,"חת""ם סופר",8,שכונת יא,31.255527,34.769125
באר שבע,אהוד בן גרא,34,,31.242367,34.779340
באר שבע,התיבונים,2,שכונת נאות לון,31.251055,34.762066
באר שבע,"ד""ר טיכו",74,שכונת נווה מנחם,31.261455,34.755624
באר שבע,סגל צבי,33,שכונת רמות,31.271473,34.805367
באר שבע,זילברג משה,17,,31.269611,34.775381
באר שבע,קויפמן,24,,31.253570,34.773891
באר שבע,רחבת מבצע ארז,8,שכונת ו,31.266064,34.781384
באר שבע,שתל יצחק,34,שכונת רמות,31.278400,34.821233
באר שבע,חרדון,20,שכונת ה,31.249478,34.778534
באר שבע,מודעי יצחק,4,שכונת רמות,31.264395,34.807997
באר שבע,בוסקוביץ אלכסנדר,46,,31.221888,34.771715
באר שבע,גרינשפן הרשל,46,,31.267950,34.756859
באר שבע,זרובבל,19,שכונת נווה מנחם,31.264898,34.763259
באר שבע,יסמין,12,,31.232242,34.793653
באר שבע,בורלא יהודה,45,שכונת ה,31.252069,34.775287
באר שבע,רבנו תם,51,,31.270643,34.783834
באר שבע,פראוור יהושע,15,,31.272592,34.806302
באר שבע,חוחית,34,,31.228525,34.764143
באר שבע,מיכאלסון יצחק,6,שכונת רמות,31.268219,34.807069
באר שבע,הצדיק מירושלים,53,,31.273767,34.786077
באר שבע,בורלא יהודה,63,שכונת ה,31.252309,34.774930
באר שבע,פנחס החוצב,9,,31.247706,34.810009
באר שבע,כיכר אליעזר קפלן,2,שכונת א,31.249185,34.791913
באר שבע,אירוס הנגב,55,,31.228485,34.792309
באר שבע,משה יצחק,5,,31.274787,34.805852
באר שבע,וילנר אריה,12,,31.223685,34.779514
באר שבע,רחבת פל-ים,6,שכונת ו,31.264976,34.776737
באר שבע,רוקח ישראל,15,שכונת יא,31.262614,34.767291
באר שבע,החלוץ,92,שכונת עיר עתיקה,31.240133,34.790591
באר שבע,סוכות,13,שכונת ד,31.269386,34.796565
באר שבע,יששכר,1,שכונת עיר עתיקה,31.238141,34.782091
באר שבע,דנציגר יצחק,10,,31.245275,34.762306
באר שבע,בורלא יהודה,1,שכונת ה,31.251144,34.776469
באר שבע,סתוי משה,1,שכונת נווה זאב,31.240689,34.766780
באר שבע,שאול המלך,107,שכונת ו,31.261406,34.774783
באר שבע,הרב חביב חיים,4,שכונת נאות לון,31.251997,34.760524
באר שבע,דרבן,8,שכונת ה,31.250062,34.777150
באר שבע,עכו,30,שכונת נאות לון,31.252027,34.768657
באר שבע,אורות ישראל,8,,31.236865,34.763604
באר שבע,הרב גבאי מנחם,14,שכונת ד,31.271769,34.794330
באר שבע,חביב אבשלום,1,שכונת רמות,31.267509,34.816207
באר שבע,חגי,2,שכונת עיר עתיקה,31.237492,34.783490
באר שבע,אהרונסון,40,,31.267656,34.760325
באר שבע,ביאליק,102,שכונת א,31.246759,34.787744
באר שבע,סגל צבי,21,שכונת רמות,31.271228,34.804707
באר שבע,הר עצמון,12,,31.274726,34.812949
באר שבע,דרך המשחררים,74,שכונת ה,31.251372,34.785629
באר שבע,רחבת הרב עוזיאל,21,שכונת יא,31.255870,34.771376
באר שבע,פריד אלפרד,22,שכונת רמות,31.271568,34.802673
באר שבע,חגי,1,שכונת עיר עתיקה,31.237444,34.783259
באר שבע,זוסמן יואל,5,,31.269388,34.776918
באר שבע,בן חיים פאול,21,,31.222282,34.772996
באר שבע,בית אשל,9,,31.237363,34.791750
באר שבע,עגנון,21,שכונת ה,31.251733,34.777624
באר שבע,שד רגר יצחק,12,,31.245010,34.796185
באר שבע,גד,3,שכונת עיר עתיקה,31.239389,34.782780
באר שבע,הגנן,2,,31.218402,34.812306
באר שבע,רחבת אופירה,3,שכונת ט,31.243775,34.771204
באר שבע,שאול המלך,28,,31.263619,34.781373
באר שבע,חסמן מרק,5,שכונת נווה מנחם,31.264363,34.755233
באר שבע,הדסה,52,,31.240607,34.790623
באר שבע,בית שאן,100,שכונת נאות לון,31.248350,34.766521
באר שבע,דרבן,31,שכונת ה,31.250760,34.777746
באר שבע,גויטיין דוד,18,,31.270007,34.776220
באר שבע,הדסה,61,שכונת עיר עתיקה,31.240989,34.789675
באר שבע,ההגנה,1,שכונת עיר עתיקה,31.237130,34.783305
באר שבע,דה-שליט עמוס,45,,31.273223,34.806632
באר שבע,חזן יעקב,35,,31.275420,34.817719
באר שבע,רחבת מבצע קדם,3,שכונת ו,31.266677,34.783141
באר שבע,פיקרד,42,שכונת רמות הרכס,31.278469,34.801530
באר שבע,סדן דב,16,שכונת רמות,31.268537,34.806142
באר שבע,עמיר אנדה,50,שכונת נווה מנחם,31.272266,34.766032
באר שבע,פרופ' שיבא,20,,31.260066,34.758435
באר שבע,המדע,114,שכונת רמות,31.273565,34.806206
באר שבע,הנוטר,24,,31.252955,34.805735
באר שבע,סנש חנה,12,שכונת ג,31.257202,34.809955
באר שבע,קורא הדורות,5,שכונת נאות לון,31.251205,34.761061
באר שבע,אפרסמון,19,שכונת נווה נוי,31.230631,34.784440
באר שבע,גרוסמן מאיר,7,שכונת נווה זאב,31.235408,34.766758
באר שבע,"רחבת לח""י",19,,31.264160,34.776241
באר שבע,שאול המלך,41,,31.263648,34.783202
באר שבע,יוספטל גיורא,12,שכונת ד,31.271786,34.796686
באר שבע,משעול יודפת,10,שכונת ד,31.259554,34.790707
באר שבע,שינדלר אוסקר,28,,31.283176,34.799667
באר שבע,מבצע חורב,10,,31.260511,34.784710
באר שבע,ויתקון אלפרד,32,,31.270664,34.777171
באר שבע,אנילביץ,15,,31.237457,34.788479
באר שבע,טיומקין זאב,11,שכונת נווה זאב,31.239337,34.767316
באר שבע,הרצל,114,,31.242965,34.791256
באר שבע,רחבת אחזיה,6,שכונת ו,31.264678,34.785730
באר שבע,חביב אבשלום,9,שכונת רמות,31.268085,34.815701
באר שבע,"שז""ר זלמן",8,,31.248727,34.800799
באר שבע,הלפרין,12,שכונת נווה מנחם,31.262496,34.756248
באר שבע,החלוץ,4,,31.235579,34.785948
באר שבע,צונדק ברנרד והרמן,37,שכונת רמות,31.271144,34.809118
באר שבע,חזן יעקב,18,,31.275690,34.819631
באר שבע,נרקיס עוזי,17,שכונת רמות הרכס,31.282890,34.803906
באר שבע,וירשובסקי חיים,12,שכונת רמות,31.269021,34.805128
באר שבע,שדרת הערים התאומות,21,שכונת רמות הרכס,31.280346,34.798977
באר שבע,רחבת יעל,29,שכונת ו,31.261864,34.774080
באר שבע,בן חיים פאול,5,,31.221282,34.771877
באר שבע,ארלנגר ג'וזף,7,שכונת רמות,31.269543,34.807802
באר שבע,ולבר יצחק,10,שכונת נאות לון,31.242198,34.764465
באר שבע,סמילנסקי,54,שכונת עיר עתיקה,31.238975,34.785445
באר שבע,נשר,21,,31.226410,34.766827
באר שבע,סתונית,56,שכונת נווה נוי,31.227268,34.778392
באר שבע,חן ארנסט,2,,31.270675,34.808047
באר שבע,יסעור,20,,31.228986,34.765932
באר שבע,רחבת עשהאל,5,שכונת ו,31.262516,34.778111
באר שבע,קרן קיימת לישראל,143,שכונת עיר עתיקה,31.239225,34.789416
באר שבע,סלנט שמואל,20,שכונת ו,31.267165,34.780089
באר שבע,פינקל שמעון,33,שכונת נווה מנחם,31.264353,34.756070
באר שבע,צונדק ברנרד והרמן,6,שכונת רמות,31.268725,34.808600
באר שבע,הר כנען,11,,31.274259,34.813158
באר שבע,סבידור מנחם,35,שכונת יא,31.257407,34.763274
באר שבע,שופט אברהם,58,שכונת רמות,31.266805,34.813469
באר שבע,ההסתדרות,89,שכונת עיר עתיקה,31.242134,34.790989
באר שבע,משעול מבצע יונתן,2,שכונת ו,31.266257,34.782357
באר שבע,אבן-שושן אברהם,81,,31.245005,34.758529
באר שבע,התקוה,4,שכונת מרכז אזרחי,31.244905,34.799398
באר שבע,שלשת בני עין חרוד,97,,31.240411,34.793559
באר שבע,אהוד בן גרא,5,שכונת עיר עתיקה,31.240869,34.781082
באר שבע,בודנהיימר,14,,31.281496,34.802091
באר שבע,ריבי איזידור,12,שכונת רמות,31.273340,34.800912
באר שבע,מסקין אהרון,21,,31.269957,34.766851
באר שבע,האיילה,26,שכונת ה,31.250753,34.777342
באר שבע,דוידוביץ לב,12,שכונת רמות,31.272415,34.801567
באר שבע,אבישי,7,,31.261655,34.777704
באר שבע,"הפלמ""ח",20,,31.238289,34.790202
באר שבע,יהואש,17,,31.262328,34.785612
באר שבע,עין גדי,23,שכונת נאות לון,31.250300,34.768799
באר שבע,בן יהודה,20,שכונת ב,31.254226,34.794676
באר שבע,החלוץ,123,שכונת עיר עתיקה,31.242454,34.792476
באר שבע,סנש חנה,15,שכונת ג,31.257775,34.809594
באר שבע,כיכר אליעזר קפלן,4,שכונת א,31.248935,34.791813
באר שבע,בז,65,,31.229544,34.771324
באר שבע,הרצל,108,שכונת עיר עתיקה,31.242650,34.790931
באר שבע,מונטיפיורי,5,שכונת א,31.248688,34.796410
באר שבע,משעול גבעון,9,שכונת ט,31.245794,34.774912
באר שבע,"רש""י",100,שכונת ד,31.267997,34.789030
באר שבע,רחבת מבצע קילשון,15,שכונת ו,31.264722,34.780540
באר שבע,שמעון בר גיורא,8,שכונת ד,31.262912,34.792204
באר שבע,מורדי הגטאות,28,,31.237983,34.789681
באר שבע,הושע,3,שכונת עיר עתיקה,31.236451,34.785779
באר שבע,סמילנסקי,1,,31.236237,34.789024
באר שבע,"חז""ל",90,שכונת ב,31.257741,34.790471
באר שבע,הכשרת הישוב,4,,31.227048,34.813114
באר שבע,רימון,50,שכונת רמות הרכס,31.286773,34.799802
באר שבע,הרב קפאח,8,שכונת נאות לון,31.252370,34.764774
באר שבע,קציר אהרון,5,,31.271545,34.809085
באר שבע,סנש חנה,4,שכונת ג,31.256757,34.809940
באר שבע,אהרליך פאול,11,שכונת רמות,31.270011,34.808200
באר שבע,זהרי מיכאל,6,שכונת רמות,31.273590,34.802420
באר שבע,שד רגר יצחק,137,שכונת ד,31.264790,34.797867
באר שבע,מאפו אברהם,4,שכונת נווה זאב,31.236342,34.775069
באר שבע,רוקח ישראל,2,,31.262251,34.765198
באר שבע,רבקה,18,,31.269343,34.763479
באר שבע,המרד,1,,31.267894,34.816707
באר שבע,קדושי יאסי,18,,31.265842,34.760289
באר שבע,"חז""ל",116,שכונת ב,31.257709,34.789556
באר שבע,ברדיצ'ב אבא,8,,31.225940,34.779488
באר שבע,הגאונים,14,שכונת נאות לון,31.251821,34.761562
באר שבע,"רמב""ן",47,,31.271267,34.783724
באר שבע,לאה,64,,31.269997,34.760976
באר שבע,חופית,13,,31.223557,34.819157
באר שבע,זבולון,3,שכונת עיר עתיקה,31.237137,34.782500
באר שבע,הקוצר,7,,31.213166,34.813913
באר שבע,לוין שמריהו,16,שכונת מרכז אזרחי,31.244850,34.797473
באר שבע,פרופ' שיבא,51,,31.259997,34.757132
באר שבע,ישעיהו ישראל,13,,31.256835,34.764177
באר שבע,עמיר אנדה,76,שכונת נווה מנחם,31.273068,34.764915
באר שבע,"חז""ל",100,שכונת ב,31.257999,34.789737
באר שבע,גרוסמן מאיר,35,שכונת נווה זאב,31.238040,34.767740
באר שבע,גיבתון חנוך,1,,31.223059,34.778057
באר שבע,רחבת אופירה,12,שכונת ט,31.244059,34.770950
באר שבע,משעול ניצנה,1,שכונת ה,31.248531,34.780183
באר שבע,ברוידס אברהם,32,שכונת נווה מנחם,31.266014,34.755213
באר שבע,שד יעלים,104,שכונת ה,31.256241,34.775548
באר שבע,דוידוביץ לב,16,,31.272516,34.801877
באר שבע,"רחבת רמ""א",20,שכונת יא,31.257830,34.770324
באר שבע,יערי מאיר,34,שכונת יא,31.257682,34.763100
באר שבע,בר הלל יהושע,23,שכונת רמות,31.270207,34.805356
באר שבע,מרגולין,15,,31.223429,34.800693
באר שבע,בת שבע,10,,31.269398,34.762242
באר שבע,רבנו תם,44,שכונת ד,31.270969,34.783975
באר שבע,מנדלסון,26,שכונת ב,31.256517,34.789244
באר שבע,"רמב""ן",22,,31.271808,34.785361
באר שבע,פריץ אלברט,23,,31.265992,34.769961
באר שבע,סביון,19,שכונת נווה נוי,31.233069,34.779558
באר שבע,בורן מכס,4,שכונת רמות,31.273145,34.802933
באר שבע,רודנסקי שמואל,19,,31.270708,34.772207
באר שבע,יפה אברהם,38,שכונת רמות הרכס,31.285321,34.807654
באר שבע,טבנקין,56,שכונת ה,31.254414,34.772625
באר שבע,דרך המשחררים,56,שכונת ב,31.252151,34.788395
באר שבע,רחבת מבצע קדם,4,שכונת ו,31.266389,34.782822
באר שבע,בובר מרטין,12,שכונת ו,31.267329,34.771127
באר שבע,ברנפלד שמעון,4,שכונת ד,31.269953,34.799982
באר שבע,דרך המשחררים,22,שכונת ב,31.252046,34.794011
באר שבע,לוזון אפרים,13,שכונת נווה מנחם,31.264708,34.760140
באר שבע,פריבס משה,10,שכונת רמות הרכס,31.279038,34.798950
באר שבע,מבצע לוט,26,,31.261527,34.786270
באר שבע,גמל,3,שכונת ה,31.249323,34.779765
באר שבע,דרך שמשון,18,שכונת ב,31.256417,34.779762
באר שבע,פיינברג אבשלום,9,,31.266404,34.760520
באר שבע,אהוד בן גרא,31,שכונת עיר עתיקה,31.242051,34.779375
באר שבע,בן חיים פאול,16,,31.222112,34.773276
באר שבע,שד רגר יצחק,149,שכונת ד,31.265527,34.797872
באר שבע,אבן-שושן אברהם,93,,31.245703,34.758111
באר שבע,"זק""ש נלי",6,שכונת רמות,31.271240,34.806957
באר שבע,האבות,73,שכונת עיר עתיקה,31.240662,34.785201
באר שבע,שירמן חיים,14,,31.272331,34.805088
באר שבע,גת,18,שכונת נאות לון,31.246835,34.766878
באר שבע,התיבונים,9,שכונת נאות לון,31.251637,34.762533
באר שבע,אורבך אפרים,13,,31.247758,34.759064
באר שבע,האמוראים,1,,31.271160,34.787898
באר שבע,עמיצור שמשון,28,שכונת רמות הרכס,31.282476,34.797687
באר שבע,"הפלמ""ח",12,,31.238214,34.790350
באר שבע,ארנון יצחק,7,,31.269607,34.771056
באר שבע,ארגוב אלכסנדר,28,,31.248313,34.757602
באר שבע,פטנקין דן,34,,31.247785,34.759741
באר שבע,"חז""ל",115,שכונת ב,31.257327,34.789463
באר שבע,פיינברג אבשלום,14,,31.266408,34.759962
באר שבע,עמוס,9,שכונת עיר עתיקה,31.236849,34.784632
באר שבע,יוספטל גיורא,24,שכונת ד,31.272078,34.797037
באר שבע,החלוץ,115,שכונת עיר עתיקה,31.241890,34.791902
באר שבע,הרב אסף שמחה,35,שכונת ד,31.265518,34.802479
באר שבע,פרץ י ל,24,שכונת נווה זאב,31.241072,34.778490
באר שבע,פרץ י ל,19,שכונת נווה זאב,31.240363,34.778589
באר שבע,"רמח""ל",9,שכונת ב,31.256477,34.792030
באר שבע,האבות,21,שכונת עיר עתיקה,31.238053,34.788910
באר שבע,"רחבת השל""ה",6,שכונת יא,31.257859,34.769661
באר שבע,בצלאל,7,שכונת ב,31.252704,34.790499
באר שבע,זהרי מיכאל,37,,31.274977,34.803127
באר שבע,תקוע יוסף,7,שכונת רמות,31.276708,34.821174
באר שבע,בדר יוחנן,39,,31.273528,34.824306
באר שבע,הר בוקר,23,,31.273448,34.809863
באר שבע,תלמה,49,,31.221966,34.772108
באר שבע,בר אילן,2,,31.246310,34.793842
באר שבע,אלמוג,7,שכונת נווה נוי,31.230111,34.785604
באר שבע,פסמון,50,,31.250434,34.778011
באר שבע,די זהב אפרים,39,,31.223372,34.774970
באר שבע,חזקיהו,2,,31.263905,34.785373
באר שבע,בלהה,6,,31.270022,34.763859
באר שבע,יסעור,12,,31.229724,34.766154
באר שבע,סלמה,4,,31.223540,34.800179
באר שבע,הדעת,58,שכונת רמות,31.268922,34.805092
באר שבע,טדסקי גד,1,,31.278315,34.797522
באר שבע,פטנקין דן,18,,31.247769,34.760826
באר שבע,רונאל דב,39,שכונת נווה זאב,31.239934,34.770278
באר שבע,יוסף בן מתתיהו,13,שכונת ד,31.265989,34.800357
באר שבע,וילנר אריה,2,שכונת נחל בקע,31.223265,34.779610
באר שבע,החלוץ,27,שכונת עיר עתיקה,31.237583,34.787780
באר שבע,דרך מצדה,108,שכונת ד,31.259188,34.788146
באר שבע,אפרסמון,17,שכונת נווה נוי,31.230549,34.784388
באר שבע,אלרואי דוד,7,,31.264207,34.764129
באר שבע,ביאליק,49,שכונת ב,31.253301,34.792254
באר שבע,חבצלת הנגב,68,שכונת נווה נוי,31.233011,34.787423
באר שבע,הרב ריינס,6,,31.263593,34.759625
באר שבע,יוסקה,15,,31.282887,34.806433
באר שבע,גירית,53,שכונת ה,31.250601,34.778176
באר שבע,כהן יעקב,1,שכונת ב,31.252825,34.797099
באר שבע,החלוץ,99,שכונת עיר עתיקה,31.240839,34.790986
באר שבע,זילברג משה,2,,31.268981,34.776122
באר שבע,משעול מצפה,8,שכונת ט,31.246279,34.778861
באר שבע,יוחנן הורקנוס,59,שכונת ד,31.267026,34.795910
באר שבע,לינדנר יוחנן,4,שכונת רמות,31.273833,34.801852
באר שבע,אורן,7,שכונת נווה נוי,31.231313,34.784083
באר שבע,וולפסון דוד,4,שכונת מרכז אזרחי,31.245536,34.798111
באר שבע,שד רגר יצחק,117,שכונת ד,31.263702,34.797860
באר שבע,קויפמן,44,,31.254264,34.773609
באר שבע,קויפמן,30,שכונת ה,31.253721,34.774301
באר שבע,משעול מבצע יונתן,15,שכונת ו,31.265916,34.782625
באר שבע,קדש,14,שכונת ד,31.267222,34.797275
באר שבע,גלזמן יוסף,17,,31.224847,34.778881
באר שבע,שטיין ריכרד,37,שכונת ו,31.265274,34.769712
באר שבע,גרשון,32,שכונת עיר עתיקה,31.242328,34.790679
באר שבע,מבצע יואב,68,שכונת ו,31.264067,34.779441
באר שבע,מבצע לוט,7,,31.260611,34.785509
באר שבע,חזן יעקב,36,,31.275664,34.817841
באר שבע,תקוע יוסף,41,שכונת רמות,31.276871,34.819051
באר שבע,הר רמון,18,,31.275733,34.813417
באר שבע,מבצע חורב,5,,31.259941,34.784330
באר שבע,קהירי,12,שכונת רמות הרכס,31.285211,34.800961
באר שבע,אבידום מנחם,40,,31.221963,34.773447
באר שבע,דרבן,16,שכונת ה,31.250228,34.777301
באר שבע,אדמון ידידיה,20,,31.220081,34.773174
באר שבע,הרב עדני,66,שכונת נאות לון,31.253644,34.762023
באר שבע,אדמון ידידיה,5,,31.219235,34.773743
באר שבע,עליאש מרדכי,2,,31.253861,34.807561
באר שבע,בלוך רודולף,56,,31.273644,34.807475
באר שבע,העליה,19,,31.252566,34.782400
באר שבע,אבישי,1,,31.261635,34.777175
באר שבע,גרינשפן הרשל,17,שכונת נווה מנחם,31.268357,34.758192
באר שבע,נשר,55,,31.225865,34.765274
באר שבע,תלמה,40,,31.221560,34.773002
באר שבע,עמיר אנדה,62,,31.272646,34.765501
באר שבע,מסקין אהרון,7,שכונת נווה מנחם,31.269379,34.767299
באר שבע,שועלי שמשון,6,,31.256421,34.804767
באר שבע,טבנקין,76,שכונת ה,31.253689,34.772268
באר שבע,"שח""ל",10,,31.245213,34.794782
באר שבע,רנה קסן,51,,31.275280,34.801746
באר שבע,קרן קיימת לישראל,114,,31.239526,34.789978
באר שבע,יוספטל גיורא,16,שכונת ד,31.271844,34.797037
באר שבע,אלישבע,1,,31.270145,34.769232
באר שבע,הגדודים,11,,31.236346,34.781470
באר שבע,סטרומה,36,,31.255015,34.778024
באר שבע,לינדנר יוחנן,41,,31.275414,34.802753
באר שבע,ההגנה,29,,31.239519,34.786484
באר שבע,ההסתדרות,86,,31.241059,34.790427
באר שבע,פסמון,41,שכונת ה,31.250162,34.778101
באר שבע,בית אשל,39,,31.238496,34.792843
באר שבע,שד ירושלים,87,שכונת ט,31.246121,34.773301
באר שבע,טרומפלדור,8,,31.236606,34.789226
באר שבע,דרור,60,,31.230232,34.768725
באר שבע,סלעית,11,שכונת ה,31.248896,34.782251
באר שבע,סבידור מנחם,13,שכונת יא,31.257296,34.762422
באר שבע,שריג נחום,22,שכונת רמות הרכס,31.282388,34.805976
באר שבע,הר בקע,11,,31.275760,34.809607
באר שבע,שטה,53,,31.229828,34.791909
באר שבע,הקנאים,14,שכונת ד,31.269667,34.793228
באר שבע,פרומקין גד,3,שכונת ו,31.270362,34.778495
באר שבע,הר חרמון,17,,31.274225,34.810843
באר שבע,ירבוע,13,שכונת ה,31.251084,34.778643
באר שבע,מרכז הנגב,6,שכונת ג,31.257240,34.807326
באר שבע,יוחנן הורקנוס,52,שכונת ד,31.266215,34.795987
באר שבע,המדע,118,,31.273708,34.806049
באר שבע,עכו,1,שכונת נאות לון,31.251005,34.767582
באר שבע,מסקין אהרון,80,שכונת נווה מנחם,31.272655,34.764471
באר שבע,"יל""ג",11,שכונת נווה זאב,31.240806,34.773200
באר שבע,שרת משה,47,שכונת יא,31.260435,34.769832
באר שבע,מורדי הגטאות,99,,31.239849,34.791058
באר שבע,רחבת ימית,27,שכונת ט,31.244613,34.771925
באר שבע,אבידוב צבי,11,,31.269719,34.770600
באר שבע,סמילנסקי,59,שכונת עיר עתיקה,31.238963,34.784992
באר שבע,בן חיים פאול,12,,31.221865,34.773032
באר שבע,פיינברג אבשלום,24,שכונת נווה מנחם,31.266062,34.759682
באר שבע,הרב עדני,74,שכונת נאות לון,31.253771,34.761344
באר שבע,חבס ברכה,17,,31.269821,34.768171
באר שבע,זמנהוף,10,שכונת נווה מנחם,31.265154,34.761499
באר שבע,חזן יעקב,9,,31.275355,34.820285
באר שבע,החלוץ,29,שכונת עיר עתיקה,31.237613,34.787878
באר שבע,פלוסר דוד,1,שכונת נאות לון,31.246817,34.761369
באר שבע,האבות,27,שכונת עיר עתיקה,31.238375,34.788464
באר שבע,ארץ חמדה,7,,31.234864,34.764110
באר שבע,בלוך רודולף,9,,31.271635,34.808401
באר שבע,תקוע יוסף,34,שכונת רמות,31.277339,34.820439
באר שבע,ילין דוד,37,שכונת רמות,31.270660,34.806032
באר שבע,פיינשטיין מאיר,35,,31.269869,34.813503
באר שבע,הגדודים,43,שכונת עיר עתיקה,31.235723,34.785254
באר שבע,ישעיהו ישראל,49,,31.256431,34.765757
באר שבע,טרומפלדור,2,,31.236214,34.788879
באר שבע,נרקיס,29,,31.228509,34.795062
באר שבע,הצבי,37,שכונת ה,31.249654,34.776992
באר שבע,דרך מצדה,12,שכונת ד,31.258595,34.793951
באר שבע,חזן יעקב,30,,31.275719,34.818444
באר שבע,אלוף מנדלר אלברט,3,שכונת רמות,31.268282,34.810718
באר שבע,חבצלת הנגב,86,שכונת נווה נוי,31.231340,34.786947
באר שבע,האבות,76,,31.240647,34.785515
באר שבע,חביב אבשלום,2,שכונת רמות,31.267682,34.816399
באר שבע,יציאת אירופה,24,,31.251538,34.784359
באר שבע,הכשרת הישוב,46,,31.216051,34.812376
באר שבע,פריד אלפרד,23,שכונת רמות,31.271993,34.802572
באר שבע,מורדי הגטאות,98,,31.239919,34.791335
באר שבע,טבנקין,64,שכונת ה,31.253894,34.772095
באר שבע,עמיר אנדה,27,,31.271367,34.766707
באר שבע,צבעוני,40,,31.229128,34.779336
באר שבע,המדע,12,שכונת רמות,31.269156,34.806963
באר שבע,?,118,שכונת ד,31.265758,34.798331
באר שבע,שירמן חיים,38,שכונת רמות,31.272910,34.806361
באר שבע,קרן קיימת לישראל,104,שכונת עיר עתיקה,31.239299,34.790069
באר שבע,סביון,12,שכונת נווה נוי,31.233226,34.779709
באר שבע,הצבי,49,שכונת ה,31.249755,34.776336
באר שבע,משעול יודפת,8,שכונת ד,31.259298,34.790770
באר שבע,אבן-שושן אברהם,63,שכונת נאות לון,31.243948,34.759069
באר שבע,שד רגר יצחק,143,שכונת ד,31.264787,34.797493
באר שבע,אירוס הנגב,87,,31.228294,34.789215
באר שבע,ירבוע,3,שכונת ה,31.250893,34.778786
באר שבע,קרוק גלעד דורותיה,8,שכונת רמות,31.269694,34.806251
באר שבע,הרצל,77,שכונת עיר עתיקה,31.242108,34.790155
באר שבע,שלמה המלך,18,שכונת ד,31.260045,34.796211
באר שבע,סביון,1,שכונת נווה נוי,31.233039,34.780735
באר שבע,חסמן מרק,45,,31.265023,34.753154
באר שבע,המדע,7,שכונת רמות,31.269313,34.806698
באר שבע,דרור,83,,31.228259,34.768639
באר שבע,טרומפלדור,117,שכונת עיר עתיקה,31.241003,34.793193
באר שבע,חיבת ציון,7,,31.252999,34.810723
באר שבע,צבר,16,,31.232387,34.794118
באר שבע,יריחו,14,שכונת ט,31.243750,34.778374
באר שבע,בר-לב חיים,6,שכונת ו,31.265864,34.773897
באר שבע,דרור,3,,31.230010,34.769467
באר שבע,סמבורסקי שמואל,14,שכונת רמות,31.271813,34.804014
באר שבע,"הכ""ג",8,,31.250250,34.803515
באר שבע,סיגלון,10,שכונת נווה נוי,31.231225,34.783790
באר שבע,הוגו שמואל,19,,31.272334,34.804152
באר שבע,תמיר שמואל,10,,31.263652,34.765571
באר שבע,עמיר אנדה,63,,31.272646,34.765056
באר שבע,אדמון ידידיה,37,שכונת נחל בקע,31.220652,34.772611
באר שבע,"רמב""ם",11,שכונת עיר עתיקה,31.241389,34.792884
באר שבע,פייגנבאום אריה,24,,31.261418,34.757216
באר שבע,דנציגר יצחק,11,,31.244915,34.761707
באר שבע,כפר הדרום,30,שכונת עיר עתיקה,31.237419,34.786382
באר שבע,יפתח הגלעדי,30,,31.241847,34.779282
באר שבע,הבדיל,43,שכונת עמק שרה,31.221864,34.809555
באר שבע,הכט ראובן,56,שכונת רמות,31.275107,34.815663
באר שבע,רבקה,29,,31.269377,34.762846
באר שבע,בז,10,,31.230228,34.772048
באר שבע,לינדנר יוחנן,37,שכונת רמות,31.275237,34.802606
באר שבע,חסמן מרק,35,שכונת נווה מנחם,31.264844,34.753463
באר שבע,שד יעלים,37,שכונת ה,31.248180,34.781272
באר שבע,הקנאים,11,שכונת ד,31.269276,34.793326
באר שבע,דובדבן,40,,31.287148,34.798381
באר שבע,זהרי מיכאל,32,,31.274547,34.803234
באר שבע,פיקרד,11,שכונת רמות הרכס,31.278326,34.799950
באר שבע,קרן קיימת לישראל,137,,31.239163,34.789882
באר שבע,משה יצחק,8,,31.275146,34.805997
באר שבע,מזר בנימין,36,,31.244755,34.759463
באר שבע,דונקלבלום מנחם,9,שכונת ו,31.269123,34.773683
באר שבע,הדסה,96,שכונת עיר עתיקה,31.242436,34.788360
באר שבע,הרצל,124,שכונת עיר עתיקה,31.243108,34.791420
באר שבע,שופט אברהם,94,שכונת רמות,31.268438,34.812175
באר שבע,מבצע דני,3,,31.259742,34.782887
באר שבע,דרך מצדה,93,שכונת ב,31.258105,34.781488
באר שבע,ברזני משה,4,שכונת רמות,31.268476,34.814171
באר שבע,"הפלמ""ח",29,,31.237746,34.790504
באר שבע,אבידוב צבי,5,שכונת נווה מנחם,31.270082,34.771402
באר שבע,הרצל,94,שכונת עיר עתיקה,31.242380,34.790708
באר שבע,פלדברג שמואל,22,שכונת רמות,31.274668,34.825092
באר שבע,בורן מכס,35,,31.274486,34.803557
באר שבע,דותן,9,,31.264644,34.762687
באר שבע,בן יוסף שלמה,23,,31.270921,34.813518
באר שבע,יטבתה,7,שכונת ד,31.267539,34.795190
באר שבע,רודנסקי שמואל,36,שכונת נווה מנחם,31.271425,34.772174
באר שבע,יהואש,29,,31.262217,34.784331
באר שבע,בודנהיימר,20,שכונת רמות הרכס,31.281757,34.801498
באר שבע,פרופ' שיבא,53,,31.260033,34.756951
באר שבע,אלתרמן,31,,31.253480,34.774633
באר שבע,בר ניסן,33,שכונת נווה זאב,31.240468,34.765560
באר שבע,אולשן יצחק,11,,31.268682,34.774457
באר שבע,אליהו הנביא,12,שכונת ד,31.265634,34.792657
באר שבע,אבידום מנחם,10,שכונת נחל בקע,31.220716,34.775022
באר שבע,ארניה אסוולדו,63,שכונת ד,31.266404,34.802374
באר שבע,סמילן רות,18,שכונת נחל בקע,31.222422,34.775612
באר שבע,רבנו תם,34,שכונת ד,31.271065,34.784469
באר שבע,אלישר,6,,31.274268,34.820277
באר שבע,האוזנר גדעון,22,שכונת רמות הרכס,31.287100,34.805842
באר שבע,היילפרין ליפמן,26,שכונת נווה מנחם,31.262100,34.755504
באר שבע,ילין-מור,3,,31.274397,34.823228
באר שבע,פשוש,53,,31.231291,34.764704
באר שבע,צביה ויצחק,26,,31.223799,34.778658
באר שבע,דב יוסף,24,שכונת יא,31.256279,34.763350
באר שבע,ברוור אברהם,111,שכונת רמות,31.275914,34.806328
באר שבע,אסר טוביאס,6,שכונת רמות,31.271767,34.801640
באר שבע,אירוס הנגב,97,,31.228384,34.788274
באר שבע,זרזיר,12,שכונת ה,31.249607,34.782075
באר שבע,גיבתון חנוך,13,,31.223417,34.777585
באר שבע,מבצע נחשון,11,,31.259580,34.782181
באר שבע,סתונית,50,שכונת נווה נוי,31.227686,34.778626
באר שבע,עמרי,12,,31.262016,34.781821
באר שבע,יערה,4,שכונת נווה נוי,31.230703,34.786438
באר שבע,"רמב""ן",12,,31.271920,34.785871
באר שבע,שירמן חיים,16,,31.272390,34.805134
באר שבע,סדנא,10,שכונת אזור תעשיה,31.251989,34.821981
באר שבע,סטולר שמואל,7,,31.270910,34.770123
באר שבע,צ'לנוב יחיאל,10,שכונת נווה מנחם,31.265696,34.761493
באר שבע,גולדשטיין פרץ,5,,31.225885,34.779881
באר שבע,אבן ארי מיכאל,41,שכונת רמות,31.275504,34.806000
באר שבע,לרון אפרים,49,,31.231214,34.765190
באר שבע,בית שאן,70,שכונת נאות לון,31.248735,34.767005
באר שבע,דרך מצדה,29,שכונת ד,31.258201,34.793675
באר שבע,בית אשל,46,שכונת עיר עתיקה,31.238757,34.793351
באר שבע,לאה,59,,31.269728,34.759578
באר שבע,תקוע יוסף,75,,31.277247,34.818784
באר שבע,דרך מצדה,178,שכונת ו,31.258762,34.779893
באר שבע,קרן קיימת לישראל,100,שכונת עיר עתיקה,31.239222,34.790161
באר שבע,בעלי התוספות,23,,31.271538,34.786703
באר שבע,אדמון ידידיה,35,שכונת נחל בקע,31.220290,34.773051
באר שבע,פלוסר דוד,23,,31.245967,34.761235
באר שבע,סתונית,16,שכונת נווה נוי,31.228933,34.780523
באר שבע,פקועה,7,,31.231359,34.795598
באר שבע,פלדברג שמואל,44,,31.275112,34.826018
באר שבע,מבצע יואב,4,,31.256768,34.782991
באר שבע,גולדמן נחום,49,שכונת רמות הרכס,31.281141,34.802636
באר שבע,דוידוביץ לב,8,,31.272337,34.801396
באר שבע,רודנסקי שמואל,4,שכונת נווה מנחם,31.270039,34.772944
באר שבע,בר כוכבא,18,,31.243790,34.781556
באר שבע,ברדיצ'בסקי,10,,31.267954,34.772493
באר שבע,יהודה הלוי,50,שכונת ד,31.265320,34.789271
באר שבע,הרצל,59,,31.241412,34.789497
באר שבע,יוסף בן מתתיהו,74,שכונת ד,31.265055,34.801134
באר שבע,גירית,6,שכונת ה,31.249683,34.779400
באר שבע,"המהר""ל",25,שכונת ו,31.266626,34.779610
באר שבע,רונאל דב,25,שכונת נווה זאב,31.240190,34.772276
באר שבע,אבן-שושן אברהם,135,,31.247852,34.758474
באר שבע,הצדיק מירושלים,70,,31.273637,34.788069
באר שבע,טיומקין זאב,1,שכונת נווה זאב,31.239422,34.766653
באר שבע,רחבת הרב קוק,7,שכונת יא,31.258274,34.771189
באר שבע,נטר,8,שכונת רמות,31.272456,34.825671
באר שבע,גיבתון חנוך,12,,31.223527,34.777837
באר שבע,וילנסקי משה,51,,31.246344,34.759857
באר שבע,הרב גורן שלמה,9,שכונת נאות לון,31.243503,34.764779
באר שבע,הרמלין יוסף,2,שכונת רמות,31.266060,34.812824
באר שבע,בורג יוסף,2,שכונת נווה זאב,31.233623,34.769613
באר שבע,משעול סוסיה,5,שכונת ט,31.244229,34.772913
באר שבע,אש שלום,15,שכונת נווה זאב,31.238044,34.776073
באר שבע,החלוץ,53,שכונת עיר עתיקה,31.238799,34.788945
באר שבע,מסקין אהרון,25,,31.270306,34.766658
באר שבע,רחבת מבצע קדם,34,שכונת ו,31.265365,34.783291
באר שבע,זמיר ישעיהו,74,,31.273202,34.816568
באר שבע,"רמב""ם",6,,31.242151,34.792233
באר שבע,אוליצקי אריה,22,שכונת נווה מנחם,31.258594,34.758771
באר שבע,מבצע דני,31,,31.260818,34.781695
באר שבע,שרת משה,45,שכונת יא,31.260604,34.769749
באר שבע,הר נס,8,,31.273374,34.811233
באר שבע,רייק חביבה,25,שכונת ג,31.257949,34.808039
באר שבע,צביה המלכה,6,שכונת ד,31.262887,34.795480
באר שבע,"חז""ל",65,שכונת ב,31.257427,34.791799
באר שבע,רודנסקי שמואל,26,,31.270994,34.772450
באר שבע,משעול פנקס דוד,5,,31.254595,34.764774
באר שבע,קורא הדורות,7,שכונת נאות לון,31.251149,34.760908
באר שבע,זינדר חמדה וצבי,12,,31.223162,34.777441
באר שבע,טביוב,10,,31.267603,34.757609
באר שבע,חזן יעקב,13,שכונת רמות,31.275402,34.819920
באר שבע,שטיין ריכרד,20,,31.265523,34.769992
באר שבע,טל חרמון,48,שכונת נווה זאב,31.235998,34.765019
באר שבע,אסר טוביאס,8,שכונת רמות,31.271834,34.801695
באר שבע,בר יוחאי,22,,31.273321,34.794929
באר שבע,הרב ריינס,28,,31.263262,34.760125
באר שבע,הדסה,64,שכונת עיר עתיקה,31.241047,34.790081
באר שבע,יסמין,34,,31.231450,34.791720
באר שבע,הזורע,3,,31.214995,34.813707
באר שבע,לברי מרק,2,שכונת נחל בקע,31.220920,34.775811
באר שבע,פינקל שמעון,70,שכונת נווה מנחם,31.265454,34.754381
באר שבע,שירמן חיים,31,שכונת רמות,31.273029,34.805819
באר שבע,יפה לייב,19,שכונת מרכז אזרחי,31.246276,34.800858
באר שבע,שמעון בר גיורא,63,שכונת ו,31.259643,34.788094
באר שבע,היילפרין ליפמן,19,,31.261963,34.755737
באר שבע,ילן-שטקליס מרים,68,,31.270738,34.767971
באר שבע,בז,2,,31.230982,34.771888
באר שבע,דנציגר יצחק,1,שכונת נאות לון,31.244789,34.762171
באר שבע,קפריסין,8,,31.253416,34.780591
באר שבע,ברזילי ישראל,16,שכונת יא,31.258877,34.761225
באר שבע,מבצע משה,23,שכונת נווה זאב,31.237671,34.779102
באר שבע,רחבת הרב קוק,24,שכונת יא,31.257400,34.770883
באר שבע,פרטוש עדן,22,,31.221161,34.773595
באר שבע,קלצ'קין רפאל,72,,31.268319,34.768776
באר שבע,רובינא חנה,32,שכונת נווה מנחם,31.269873,34.768832
באר שבע,שפרינצק,1,שכונת ד,31.269635,34.793934
באר שבע,רובינא חנה,23,שכונת נווה מנחם,31.270423,34.770843
באר שבע,ילן-שטקליס מרים,12,,31.271380,34.771153
באר שבע,שאול המלך,8,שכונת ו,31.264199,34.784837
באר שבע,סביון,20,שכונת נווה נוי,31.233220,34.779152
באר שבע,נרקיס,30,,31.228183,34.795003
באר שבע,אנילביץ,13,,31.237156,34.788897
באר שבע,לסקר פרץ,3,,31.266305,34.757439
באר שבע,נגבה,20,שכונת עיר עתיקה,31.239764,34.785515
באר שבע,ברבור,13,,31.229314,34.770502
באר שבע,ינשוף,23,,31.228720,34.765387
באר שבע,ילן-שטקליס מרים,34,,31.271468,34.769953
באר שבע,צבי-רן שלמה,13,,31.273508,34.818470
באר שבע,ויתקון אלפרד,2,,31.271119,34.778668
באר שבע,חובב משה,43,,31.222328,34.775764
באר שבע,בנטוב מרדכי,18,שכונת יא,31.257125,34.765481
באר שבע,אלבק חנוך,35,,31.272020,34.805101
באר שבע,משעול מבצע יונתן,28,שכונת ו,31.265360,34.782787
באר שבע,ביאליק,116,שכונת א,31.246128,34.786765
באר שבע,ניב דוד,24,שכונת נווה זאב,31.239622,34.769852
באר שבע,בורן מכס,1,,31.273294,34.802492
באר שבע,מיכה,4,שכונת עיר עתיקה,31.237958,34.783788
באר שבע,משעול מצפה,5,,31.246172,34.778411
באר שבע,בן-חור אליהו,10,,31.264743,34.773725
באר שבע,סרן דב,15,שכונת נווה זאב,31.236162,34.777587
באר שבע,ההגנה,30,שכונת עיר עתיקה,31.239235,34.786726
באר שבע,בלקינד נעמן,14,,31.266982,34.759586
באר שבע,ז'בוטינסקי זאב,60,שכונת ג,31.252232,34.809419
באר שבע,אבישג,10,שכונת נווה מנחם,31.269426,34.760833
באר שבע,תקוע יוסף,17,,31.276578,34.820448
באר שבע,מודעי יצחק,6,שכונת רמות,31.264846,34.808245
באר שבע,בית שאן,55,שכונת נאות לון,31.247439,34.766707
באר שבע,קרוק גלעד דורותיה,4,שכונת רמות,31.269727,34.806072
באר שבע,חובב משה,44,,31.222160,34.776090
באר שבע,שוחט ישראל,33,שכונת נווה זאב,31.233103,34.765552
באר שבע,סטרומה,26,,31.254228,34.778267
באר שבע,יהואש,4,,31.262740,34.787266
באר שבע,אמנון,18,,31.266507,34.766500
באר שבע,בדר יוחנן,48,שכונת רמות,31.273472,34.825663
באר שבע,סיגלון,20,שכונת נווה נוי,31.231471,34.783319
באר שבע,מבצע חורב,23,,31.261506,34.784316
באר שבע,גלילי ישראל,32,שכונת רמות הרכס,31.285338,34.804226
באר שבע,בר יוחאי,10,שכונת ד,31.273238,34.795546
באר שבע,בוסקוביץ אלכסנדר,33,,31.221553,34.771549
באר שבע,פרטוש עדן,44,,31.223510,34.776356
באר שבע,שיזף,29,שכונת נווה נוי,31.231809,34.790381
באר שבע,סנש חנה,9,שכונת ג,31.257450,34.809617
באר שבע,סמילן רות,3,שכונת נחל בקע,31.221546,34.776377
באר שבע,לוזון אפרים,73,,31.266873,34.756890
באר שבע,אלרואי דוד,25,,31.263625,34.763544
באר שבע,ההסתדרות,50,שכונת עיר עתיקה,31.239027,34.788543
באר שבע,לסקר פרץ,10,שכונת נווה מנחם,31.266193,34.756958
באר שבע,גיבתון חנוך,3,,31.223084,34.777981
באר שבע,קיפוד,17,שכונת ה,31.250305,34.777665
באר שבע,בן יוסף שלמה,3,,31.271906,34.811993
באר שבע,"ד""ר טיכו",16,,31.261009,34.758279
באר שבע,אסתר המלכה,6,,31.267890,34.763678
באר שבע,רינגלבלום,18,שכונת ד,31.267353,34.800638
באר שבע,דודאים,15,שכונת נווה נוי,31.231644,34.780647
באר שבע,לוזון אפרים,35,שכונת נווה מנחם,31.265230,34.759242
באר שבע,הרצל,54,שכונת עיר עתיקה,31.241074,34.789450
באר שבע,אלקחי מרדכי,5,,31.269769,34.814035
באר שבע,הרצל,83,שכונת עיר עתיקה,31.242708,34.790725
באר שבע,עמיר אנדה,37,,31.271750,34.766334
באר שבע,טדסקי גד,2,שכונת רמות הרכס,31.278808,34.798084
באר שבע,דה-שליט עמוס,48,,31.273484,34.806747
באר שבע,שוחט ישראל,31,שכונת נווה זאב,31.233396,34.765664
באר שבע,הצדיק מירושלים,69,,31.273691,34.787872
באר שבע,שדה יצחק,20,שכונת עיר עתיקה,31.242283,34.783153
באר שבע,דוד אלעזר,24,שכונת ו,31.267289,34.775050
באר שבע,מבצע נחשון,138,שכונת ו,31.259400,34.784956
באר שבע,משה יצחק,4,,31.275021,34.806176
באר שבע,הזורע,4,,31.215646,34.813701
באר שבע,חובב משה,27,שכונת נחל בקע,31.221485,34.774978
באר שבע,צבר,31,,31.232260,34.794474
באר שבע,די זהב אפרים,17,שכונת נחל בקע,31.222680,34.775906
באר שבע,דרך מצדה,102,שכונת ד,31.259408,34.788383
באר שבע,רחבת יבנה,32,שכונת ט,31.245905,34.772231
באר שבע,קיפניס לוין,27,שכונת נווה זאב,31.238989,34.780210
באר שבע,פרנק ג'ימס,17,,31.274513,34.800266
באר שבע,אבן ארי מיכאל,3,שכונת רמות,31.274206,34.807319
באר שבע,קובנר אבא,2,,31.224352,34.779942
באר שבע,בן חיים פאול,30,,31.223314,34.774528
באר שבע,שמאלי אליעזר,7,שכונת נווה זאב,31.239592,34.771568
באר שבע,ברדיצ'ב אבא,9,,31.225933,34.779217
באר שבע,ירבוע,23,שכונת ה,31.251242,34.778342
באר שבע,אבן-שושן אברהם,87,,31.245220,34.758289
באר שבע,אביגיל,39,שכונת נווה מנחם,31.269430,34.760213
באר שבע,ברני רוברט,10,,31.270781,34.808756
באר שבע,ברוור אברהם,53,שכונת רמות,31.274132,34.808091
באר שבע,רינגלבלום,116,שכונת ד,31.269616,34.799353
באר שבע,אוליצקי אריה,2,שכונת נווה מנחם,31.259410,34.758229
באר שבע,מורדי הגטאות,64,,31.239262,34.790802
באר שבע,רחבת הרב קוק,6,שכונת יא,31.258689,34.771182
באר שבע,אלה,14,שכונת נווה נוי,31.231984,34.785408
באר שבע,אבשלום,15,,31.265601,34.765605
באר שבע,"רחבת רמ""א",15,שכונת יא,31.259062,34.771240
באר שבע,נשר,37,,31.225260,34.766310
באר שבע,מולכו שלמה,2,שכונת נווה מנחם,31.264245,34.763691
באר שבע,ילן-שטקליס מרים,56,שכונת נווה מנחם,31.270932,34.768569
באר שבע,צונדק ברנרד והרמן,32,שכונת רמות,31.270674,34.809419
באר שבע,צביה ויצחק,16,,31.224187,34.778395
באר שבע,רוסי אלפרד,2,שכונת ד,31.264238,34.795684
באר שבע,בן דוד יוסף,18,,31.273089,34.801662
באר שבע,שיזף,80,,31.229710,34.787438
באר שבע,עבדת,74,שכונת ט,31.244675,34.766446
באר שבע,מיכל,14,,31.268097,34.762973
באר שבע,משעול עקרון,14,שכונת ט,31.245163,34.774936
באר שבע,אלישר,21,,31.272890,34.818854
באר שבע,עמיצור שמשון,9,שכונת רמות הרכס,31.281052,34.798236
באר שבע,עולי הגרדום,17,,31.251132,34.806143
באר שבע,בית אשל,40,שכונת עיר עתיקה,31.238277,34.792915
באר שבע,רופין ארתור,61,,31.264650,34.766912
באר שבע,פינקל שמעון,80,שכונת נווה מנחם,31.265595,34.754042
באר שבע,ברגסון אנרי,17,,31.272131,34.806717
באר שבע,חזן יעקב,15,שכונת רמות,31.275390,34.819568
באר שבע,אגוז,6,שכונת נווה מנחם,31.265300,34.762236
באר שבע,אירוס הנגב,48,,31.228889,34.793519
באר שבע,קציר אהרון,3,שכונת רמות,31.271436,34.809099
באר שבע,הר חרמון,47,,31.273776,34.813636
באר שבע,טבנקין,58,שכונת ה,31.254253,34.772522
באר שבע,הגלבוע,5,שכונת ה,31.251904,34.772527
באר שבע,אגס,3,,31.225500,34.816284
באר שבע,אהרונסון,51,,31.267519,34.759377
באר שבע,אדמון ידידיה,44,,31.221542,34.771268
באר שבע,הכנסת,19,שכונת ד,31.270678,34.794236
באר שבע,בר כוכבא,1,שכונת עיר עתיקה,31.243057,34.780540
באר שבע,דוידוביץ לב,2,שכונת רמות,31.272225,34.801148
באר שבע,שועלי שמשון,3,שכונת ג,31.256180,34.804737
באר שבע,מאפו אברהם,1,שכונת נווה זאב,31.236560,34.775856
באר שבע,אורן,19,שכונת נווה נוי,31.231592,34.783564
באר שבע,"רחבת השל""ה",13,שכונת יא,31.256539,34.770164
באר שבע,זמיר ישעיהו,30,,31.274514,34.818416
באר שבע,ארניה אסוולדו,21,שכונת ד,31.267253,34.801382
באר שבע,צבי-רן שלמה,26,,31.273896,34.818214
באר שבע,חכים אליהו,69,,31.273586,34.815172
באר שבע,רחבת ימית,1,שכונת ט,31.243956,34.771660
באר שבע,יסמין,3,,31.231545,34.794212
באר שבע,אלעזר בן יאיר,13,שכונת ד,31.262985,34.791435
באר שבע,פיינברג אבשלום,46,,31.264851,34.758424
באר שבע,אסא,7,,31.262568,34.781141
באר שבע,"רש""י",54,שכונת ד,31.268012,34.788064
באר שבע,גולדברג לאה,9,שכונת ב,31.253282,34.793819
באר שבע,הר עצמון,21,,31.275235,34.812085
באר שבע,דותן,23,,31.264232,34.762160
באר שבע,האבות,54,שכונת עיר עתיקה,31.239521,34.787359
באר שבע,ההסתדרות,52,,31.239127,34.788552
באר שבע,רובינא חנה,3,שכונת נווה מנחם,31.270856,34.771960
באר שבע,פטנקין דן,13,,31.247594,34.759967
באר שבע,מסקין אהרון,68,,31.272318,34.764937
באר שבע,פקועה,32,שכונת נווה נוי,31.230804,34.793167
באר שבע,סטרומה,30,,31.254468,34.778094
באר שבע,בית שאן,8,שכונת נאות לון,31.249935,34.767390
באר שבע,פיינברג אבשלום,18,שכונת נווה מנחם,31.266240,34.759866
באר שבע,חזן יעקב,6,שכונת רמות,31.275609,34.820584
באר שבע,ירקוני עמוס,16,,31.266885,34.774284
באר שבע,סגל צבי,8,שכונת רמות,31.270706,34.804374
באר שבע,רחבת שמגר השופט,30,שכונת ו,31.263165,34.775541
באר שבע,הלפרין,22,שכונת נווה מנחם,31.262219,34.755682
באר שבע,שד רגר יצחק,55,שכונת ב,31.254180,34.798334
באר שבע,יוספטל גיורא,22,שכונת ד,31.272355,34.797323
באר שבע,הדסה,24,,31.239563,34.792308
באר שבע,שריג נחום,2,שכונת רמות הרכס,31.280763,34.804892
באר שבע,כיכר הגנים,16,שכונת נווה נוי,31.230622,34.789408
באר שבע,מאפו אברהם,12,שכונת נווה זאב,31.236641,34.774475
באר שבע,עוזיה המלך,10,שכונת ד,31.261341,34.793720
באר שבע,דה-שליט עמוס,35,שכונת רמות,31.272886,34.806904
באר שבע,אבידום מנחם,42,,31.222061,34.773273
באר שבע,רחבת פל-ים,10,,31.264892,34.776520
באר שבע,הרב ריינס,23,,31.263157,34.759927
באר שבע,הר תבור,41,,31.276989,34.807569
באר שבע,רוטנשטרייך,14,,31.280994,34.797802
באר שבע,?,110,שכונת ד,31.265001,34.798339
באר שבע,מקלף מרדכי,52,,31.268748,34.776220
באר שבע,ילן-שטקליס מרים,29,,31.270513,34.768121
באר שבע,קרן קיימת לישראל,201,שכונת עיר עתיקה,31.239999,34.788599
באר שבע,פסמון,13,שכונת ה,31.249506,34.778951
באר שבע,חזני מיכאל,46,,31.262773,34.770218
באר שבע,"רחבת רמ""א",12,שכונת יא,31.258233,34.769907
באר שבע,אלמוג,1,שכונת נווה נוי,31.230271,34.786102
באר שבע,גורדון א ד,10,שכונת א,31.247735,34.795972
באר שבע,נויפלד הנרי,20,שכונת רמות,31.268579,34.807978
באר שבע,שטה,27,,31.232168,34.791269
באר שבע,רחבת פל-ים,50,שכונת ו,31.264378,34.778006
באר שבע,אקצין בנימין,13,,31.269800,34.778045
באר שבע,דביר,4,שכונת נווה מנחם,31.264418,34.762800
באר שבע,חזן יעקב,29,,31.275416,34.818267
באר שבע,בן חיים פאול,33,,31.222869,34.773555
באר שבע,לברי מרק,34,שכונת נחל בקע,31.222870,34.773202
באר שבע,ילין דוד,41,שכונת רמות,31.270817,34.806086
באר שבע,אמיר אברהם,17,,31.276178,34.824108
באר שבע,הנחושת,2,,31.228557,34.807921
באר שבע,השלום,91,,31.254346,34.809809
באר שבע,לינדנר יוחנן,1,שכונת רמות,31.273974,34.801466
באר שבע,שוחט ישראל,37,שכונת נווה זאב,31.232897,34.765998
באר שבע,אדלר,12,,31.266897,34.769925
באר שבע,לברי מרק,26,,31.221895,34.774465
באר שבע,משעול חפר,18,שכונת ט,31.246184,34.772743
באר שבע,חובב משה,53,שכונת נחל בקע,31.222749,34.776253
באר שבע,קלצ'קין רפאל,41,,31.267541,34.768331
באר שבע,רבנו תם,23,שכונת ד,31.270926,34.785883
באר שבע,קיפניס לוין,11,שכונת נווה זאב,31.238259,34.780397
באר שבע,אגוז,20,שכונת נווה מנחם,31.264692,34.761602
באר שבע,מורדי הגטאות,42,,31.238568,34.790063
באר שבע,חשין,6,,31.268925,34.775462
באר שבע,שריג נחום,8,שכונת רמות הרכס,31.281003,34.805116
באר שבע,דרך מצדה,254,שכונת יא,31.255691,34.772245
באר שבע,משעול גבעון,13,,31.245523,34.775548
באר שבע,קרן קיימת לישראל,177,שכונת עיר עתיקה,31.239561,34.789196
באר שבע,גיבור דניס,15,,31.267204,34.770058
באר שבע,אבן-שושן אברהם,61,שכונת נאות לון,31.243924,34.759184
באר שבע,אבן ארי מיכאל,24,שכונת רמות,31.275405,34.806676
באר שבע,בר-לב חיים,8,שכונת ו,31.265986,34.773255
באר שבע,עין גדי,10,שכונת נאות לון,31.248401,34.770550
באר שבע,פינקל שמעון,94,שכונת נווה מנחם,31.265402,34.753621
באר שבע,"שז""ר זלמן",33,שכונת מרכז אזרחי,31.246348,34.804486
באר שבע,פרץ י ל,29,שכונת נווה זאב,31.240742,34.778353
באר שבע,הנחושת,8,,31.227823,34.808074
באר שבע,לסקר פרץ,18,,31.265901,34.756699
באר שבע,אהרונסון,29,שכונת נווה מנחם,31.266451,34.760920
באר שבע,יוספטל גיורא,13,שכונת ד,31.271070,34.796378
באר שבע,הרמלין יוסף,4,שכונת רמות,31.266152,34.813040
באר שבע,הבדיל,17,,31.226381,34.809915
באר שבע,ברוידס אברהם,15,שכונת נווה מנחם,31.265874,34.756334
באר שבע,גיבתון חנוך,29,,31.224532,34.776062
באר שבע,סנהדרין,65,שכונת ד,31.271382,34.792673
באר שבע,סנהדרין,71,שכונת ד,31.271031,34.792072
באר שבע,חוה,18,שכונת נווה מנחם,31.269066,34.763922
באר שבע,יערה,29,שכונת נווה נוי,31.232015,34.786453
באר שבע,מורדי הגטאות,93,שכונת עיר עתיקה,31.239717,34.790944
באר שבע,רותם,38,,31.229606,34.793652
באר שבע,סמילן רות,12,,31.221995,34.776241
באר שבע,יוחנן הורקנוס,3,שכונת ד,31.265314,34.793914
באר שבע,שלמה המלך,34,שכונת ד,31.260143,34.795687
באר שבע,המרד,62,,31.274486,34.816385
באר שבע,פקועה,8,,31.231521,34.795470
באר שבע,ברש אשר,2,שכונת נווה זאב,31.239940,34.777750
באר שבע,מבצע חורב,30,,31.261667,34.785402
באר שבע,גולדמן נחום,41,שכונת רמות הרכס,31.280451,34.802607
באר שבע,זריצקי יוסף,18,,31.259761,34.760970
באר שבע,גינצבורג דוד,13,שכונת רמות,31.274308,34.806493
באר שבע,ברגסון אנרי,1,,31.271808,34.806116
באר שבע,החורש,6,,31.217365,34.813408
באר שבע,קרן קיימת לישראל,173,שכונת עיר עתיקה,31.239506,34.789260
באר שבע,מבצע חירם,26,,31.260907,34.782803
באר שבע,חובב משה,62,,31.222946,34.776962
באר שבע,השופט אלקיים,20,שכונת נאות לון,31.242559,34.763864
באר שבע,סביון,37,שכונת נווה נוי,31.233016,34.778578
באר שבע,יפתח הגלעדי,7,,31.240586,34.780576
באר שבע,אורות ישראל,27,,31.236366,34.762626
באר שבע,לוזון אפרים,58,שכונת נווה מנחם,31.267018,34.757367
באר שבע,מבצע לוט,5,,31.260503,34.785287
באר שבע,ההסתדרות,17,שכונת עיר עתיקה,31.238882,34.788072
באר שבע,אשבל מיכאל,6,שכונת נווה זאב,31.241131,34.774992
באר שבע,רחבת יבנה,24,שכונת ט,31.245870,34.772550
באר שבע,דן,2,שכונת עיר עתיקה,31.237455,34.781597
באר שבע,דותן,15,שכונת נווה מנחם,31.264463,34.762500
באר שבע,זרובבל,12,,31.265184,34.763353
באר שבע,דרך מצדה,39,שכונת ד,31.258195,34.792848
באר שבע,אלחריזי,27,שכונת נאות לון,31.251573,34.764039
באר שבע,פרופ' שיבא,59,,31.260202,34.756810
באר שבע,עמיר אנדה,68,שכונת נווה מנחם,31.272896,34.765225
באר שבע,פטנקין דן,2,,31.247136,34.761126
באר שבע,זרובבל,8,,31.265122,34.763590
באר שבע,ניב דוד,19,שכונת נווה זאב,31.239736,34.768622
באר שבע,גרשם שלום,33,שכונת רמות,31.270986,34.805648
באר שבע,"חז""ל",113,שכונת ב,31.257393,34.789395
באר שבע,שאול המלך,105,שכונת ו,31.261404,34.774927
באר שבע,סגל צבי,31,,31.271492,34.805217
באר שבע,הגר,4,שכונת עיר עתיקה,31.240095,34.784545
באר שבע,דרור,91,,31.228904,34.768511
באר שבע,יריחו,38,שכונת ט,31.244621,34.777733
באר שבע,ממשית,10,שכונת ט,31.244065,34.769011
באר שבע,גרונר דב,27,,31.270390,34.812185
באר שבע,יערה,7,שכונת נווה נוי,31.231114,34.786160
באר שבע,רופין ארתור,67,,31.264476,34.767542
באר שבע,פורת לאה,6,,31.222586,34.777263
באר שבע,יציאת אירופה,5,,31.253477,34.782980
באר שבע,נהרים,5,,31.244671,34.798018
באר שבע,אבן-שושן אברהם,7,שכונת נאות לון,31.243125,34.762269
באר שבע,זמיר ישעיהו,11,,31.274133,34.819672
באר שבע,הר עצמון,26,,31.274992,34.811720
באר שבע,בובר מרטין,9,,31.267171,34.770842
באר שבע,בר יוחאי,12,שכונת ד,31.273243,34.795466
באר שבע,דרך מצדה,110,שכונת ד,31.259229,34.788071
באר שבע,אבידוב צבי,28,,31.269873,34.770428
באר שבע,מבצע יואב,39,שכונת ו,31.260206,34.779985
באר שבע,פרופ' שיבא,54,שכונת נווה מנחם,31.261128,34.756000
באר שבע,יוכבד בת מרים,39,שכונת נווה מנחם,31.268706,34.768821
באר שבע,גבריהו חיים,11,שכונת רמות,31.276616,34.804276
באר שבע,קהירי,4,שכונת רמות הרכס,31.285246,34.801353
באר שבע,לסקר פרץ,23,,31.265554,34.756799
באר שבע,ילן-שטקליס מרים,18,,31.271451,34.770851
באר שבע,"החיד""א",75,שכונת יא,31.253705,34.767220
באר שבע,דרבן,26,שכונת ה,31.250495,34.777532
באר שבע,הרב טנא שלמה,6,,31.234232,34.782510
באר שבע,יריחו,15,שכונת ט,31.243611,34.778677
באר שבע,נויפלד הנרי,14,שכונת רמות,31.268650,34.807639
באר שבע,פלוסר דוד,3,שכונת נאות לון,31.246801,34.761454
באר שבע,אפרת יעקב,9,,31.269921,34.772019
באר שבע,רינגלבלום,68,שכונת ד,31.268763,34.800812
באר שבע,ילין דוד,20,,31.271032,34.806476
באר שבע,רחבת בן נון,35,שכונת ו,31.262588,34.776244
באר שבע,רמלה,16,שכונת נאות לון,31.242431,34.765280
באר שבע,הקוצר,5,,31.213141,34.814848
באר שבע,לוזון אפרים,53,שכונת נווה מנחם,31.265951,34.758312
באר שבע,וילנסקי משה,37,,31.245209,34.759622
באר שבע,קדש,10,שכונת ד,31.266820,34.797201
באר שבע,פטנקין דן,17,,31.247429,34.759617
באר שבע,יפה אברהם,46,,31.285451,34.807222
באר שבע,ארניה אסוולדו,37,שכונת ד,31.266975,34.802166
באר שבע,רופין ארתור,53,שכונת יא,31.264794,34.767497
באר שבע,עמיר אנדה,47,שכונת נווה מנחם,31.271994,34.765962
באר שבע,הרב חביב חיים,5,שכונת נאות לון,31.251770,34.760732
באר שבע,בוסקוביץ אלכסנדר,6,,31.219801,34.774356
באר שבע,חזמה יעקב,20,שכונת נחל בקע,31.222094,34.775137
באר שבע,בעלי התוספות,15,שכונת ד,31.271217,34.786859
באר שבע,הר תבור,2,,31.276288,34.811074
באר שבע,אירוס הנגב,93,,31.228342,34.788637
באר שבע,המרד,71,,31.273426,34.815679
באר שבע,חגלה,7,שכונת ה,31.248598,34.782358
באר שבע,שטה,29,שכונת נווה נוי,31.231730,34.791246
באר שבע,"ח""ן",20,שכונת ו,31.265310,34.776442
באר שבע,חשין,16,שכונת ו,31.269431,34.775193
באר שבע,רייק חביבה,3,שכונת ג,31.256632,34.807862
באר שבע,ההסתדרות,15,,31.237823,34.787098
באר שבע,קרן קיימת לישראל,48,שכונת עיר עתיקה,31.238254,34.791545
באר שבע,הפלדה,2,,31.224403,34.811966
באר שבע,שממית,4,שכונת ה,31.249275,34.778292
באר שבע,פרץ י ל,2,שכונת נווה זאב,31.240575,34.779402
באר שבע,האוזנר גדעון,14,,31.286840,34.805607
באר שבע,שטיינברג יהודה,50,שכונת ו,31.267839,34.771012
באר שבע,רודנסקי שמואל,89,,31.271105,34.768340
באר שבע,שד יעלים,48,,31.251474,34.780095
באר שבע,נטר,6,שכונת רמות,31.272548,34.825577
באר שבע,ורד,18,שכונת נווה נוי,31.231449,34.778762
באר שבע,אבן-שושן אברהם,35,,31.243026,34.760399
באר שבע,אלמוג,19,שכונת נווה נוי,31.230037,34.784779
באר שבע,גרונר דב,29,,31.270510,34.812083
באר שבע,תלמה,50,,31.222132,34.772244
באר שבע,זריצקי יוסף,44,,31.260628,34.761841
באר שבע,משעול מבצע יונתן,12,שכונת ו,31.265964,34.782544
באר שבע,ז'בוטינסקי זאב,25,שכונת ג,31.250831,34.808458
באר שבע,פרופ' שיבא,24,,31.260010,34.758199
באר שבע,אורבך אפרים,3,,31.248184,34.759839
באר שבע,אלדד,76,,31.275573,34.822841
באר שבע,פרטוש עדן,9,,31.220442,34.772517
באר שבע,תמר,21,,31.229679,34.789909
באר שבע,עפרוני,82,,31.231022,34.767589
באר שבע,הר עצמון,23,,31.275310,34.811892
באר שבע,צביה ויצחק,60,,31.224661,34.781134
באר שבע,דיה,20,,31.230890,34.762105
באר שבע,שטה,33,,31.231451,34.791346
באר שבע,קורא הדורות,26,,31.250671,34.759219
באר שבע,דה-שליט עמוס,49,שכונת רמות,31.273361,34.806510
באר שבע,חובב משה,28,שכונת נחל בקע,31.221077,34.775017
באר שבע,תלמה,2,,31.220075,34.774927
באר שבע,קרן קיימת לישראל,157,,31.239447,34.789390
באר שבע,בדר יוחנן,3,,31.274151,34.822247
באר שבע,דיה,33,שכונת פלח שבע,31.230433,34.761654
באר שבע,אירוס הנגב,6,,31.230027,34.796879
באר שבע,דרך המשחררים,20,שכונת ב,31.251958,34.794353
באר שבע,טלמון יעקב,14,שכונת ו,31.266338,34.770478
באר שבע,יהושפט,7,שכונת ו,31.263220,34.783094
באר שבע,רחבת מבצע ארז,30,שכונת ו,31.265910,34.781623
באר שבע,מסקין אהרון,57,שכונת נווה מנחם,31.271614,34.764853
באר שבע,ההסתדרות,48,,31.239029,34.788464
באר שבע,חוחית,23,,31.227364,34.763071
באר שבע,שד רגר יצחק,139,שכונת ד,31.264790,34.797754
באר שבע,וירשובסקי חיים,3,שכונת רמות,31.269340,34.805359
באר שבע,משעול גבעון,4,שכונת ט,31.245495,34.775332
באר שבע,סמילן רות,34,,31.222999,34.774865
באר שבע,ממשית,12,שכונת ט,31.244071,34.768749
באר שבע,פרץ י ל,33,שכונת נווה זאב,31.240906,34.778234
באר שבע,מיכה,1,שכונת עיר עתיקה,31.237748,34.783088
באר שבע,האוזנר גדעון,23,שכונת רמות הרכס,31.287388,34.805230
באר שבע,פטריה,3,,31.254431,34.779358
באר שבע,הפלס,4,,31.227800,34.810690
באר שבע,העליה,10,שכונת ה,31.250581,34.782255
באר שבע,גרונר דב,25,,31.270263,34.812331
באר שבע,משעול עקרון,10,שכונת ט,31.245180,34.774700
באר שבע,רודנסקי שמואל,33,שכונת נווה מנחם,31.271528,34.771640
באר שבע,רודנסקי שמואל,108,שכונת נווה מנחם,31.271517,34.768533
באר שבע,חזמה יעקב,5,,31.221247,34.775894
באר שבע,גרץ,1,שכונת ד,31.257454,34.794150
באר שבע,סנהדרין,50,שכונת ד,31.272054,34.793391
באר שבע,גירית,8,שכונת ה,31.249758,34.779398
באר שבע,אמיר אברהם,38,,31.276142,34.824797
באר שבע,ארניה אסוולדו,8,שכונת ד,31.266555,34.801576
באר שבע,יוהנה ז'בוטינסקי,36,שכונת נווה זאב,31.238576,34.773418
באר שבע,שד רגר יצחק,151,שכונת ד,31.265687,34.797910
באר שבע,הרצל,122,,31.243004,34.791366
באר שבע,בלוך רודולף,5,שכונת רמות,31.271514,34.808448
באר שבע,בית לחם,12,שכונת ט,31.244247,34.779105
באר שבע,שרת משה,18,שכונת יא,31.256950,34.767372
באר שבע,גולדמן נחום,33,שכונת רמות הרכס,31.279816,34.802349
באר שבע,אלישר,10,,31.273989,34.820112
באר שבע,הר עצמון,19,,31.275217,34.812276
באר שבע,פרופ' שיבא,65,,31.260424,34.756445
באר שבע,רחבת הראל,9,שכונת ו,31.264146,34.774986
באר שבע,אהרליך פאול,24,שכונת רמות,31.269591,34.808652
באר שבע,זינדר חמדה וצבי,11,,31.222974,34.777285
באר שבע,שד ירושלים,33,שכונת ט,31.245529,34.776518
באר שבע,הרצל,18,,31.239379,34.787788
באר שבע,יערה,5,שכונת נווה נוי,31.230996,34.786173
באר שבע,יוסי הבורסקאי,1,,31.244666,34.808745
באר שבע,"חז""ל",66,שכונת ב,31.257735,34.791528
באר שבע,העליה,33,,31.254114,34.781067
באר שבע,בית שאן,104,שכונת נאות לון,31.248088,34.766750
באר שבע,ברדיצ'ב אבא,13,,31.226111,34.779162
באר שבע,ארץ חמדה,40,,31.234630,34.764761
באר שבע,רופין ארתור,22,שכונת יא,31.265178,34.769033
באר שבע,עמיר אנדה,21,,31.271247,34.766955
באר שבע,הר עודד,13,,31.273572,34.811670
באר שבע,ז'בוטינסקי זאב,28,שכונת ג,31.249317,34.809422
באר שבע,שטה,23,,31.232446,34.791278
באר שבע,הפלס,9,שכונת עמק שרה,31.226932,34.810983
באר שבע,רובינא חנה,31,,31.270277,34.770478
באר שבע,גרינשפן הרשל,7,שכונת נווה מנחם,31.267992,34.758634
באר שבע,מבצע חורב,36,,31.261776,34.785919
באר שבע,סעדיה גאון,3,שכונת ב,31.256838,34.788501
באר שבע,סמילנסקי,63,שכונת עיר עתיקה,31.238987,34.784814
באר שבע,פטריה,5,,31.254493,34.778988
באר שבע,"רחבת לח""י",32,,31.263898,34.775732
באר שבע,בנטוב מרדכי,2,,31.256625,34.766214
באר שבע,הרב טנא שלמה,34,,31.234884,34.786583
באר שבע,האבות,33,,31.238592,34.788140
באר שבע,וילנסקי משה,49,שכונת נאות לון,31.246215,34.759755
באר שבע,אלרואי דוד,22,שכונת נווה מנחם,31.263710,34.763224
באר שבע,דיה,3,,31.232049,34.763565
באר שבע,"ד""ר טיכו",48,שכונת נווה מנחם,31.262007,34.757040
באר שבע,תלמי מאיר,5,שכונת רמות,31.265660,34.810109
באר שבע,יפה אברהם,53,,31.285305,34.806666
באר שבע,כהן יעקב,11,שכונת ב,31.254345,34.797058
באר שבע,שד ירושלים,27,,31.245886,34.777063
באר שבע,הכשרת הישוב,30,,31.221075,34.812431
באר שבע,אגוז,5,שכונת נווה מנחם,31.265158,34.762533
באר שבע,שריג נחום,31,שכונת רמות הרכס,31.282585,34.805654
באר שבע,רופין ארתור,52,שכונת יא,31.264399,34.766386
באר שבע,יוכבד בת מרים,10,שכונת נווה מנחם,31.269190,34.770028
באר שבע,פנחס החוצב,11,,31.247575,34.810622
באר שבע,בן חביב,1,שכונת ו,31.268129,34.779469
באר שבע,רחבת יבנה,15,שכונת ט,31.245561,34.772634
באר שבע,הס משה,7,שכונת א,31.250796,34.793331
באר שבע,פיינברג אבשלום,21,,31.266043,34.760080
באר שבע,תלמה,46,,31.222012,34.772374
באר שבע,חן ארנסט,6,,31.270849,34.808080
באר שבע,טור סיני נפתלי,9,שכונת רמות,31.270504,34.806698
באר שבע,סיגלון,31,שכונת נווה נוי,31.231483,34.782792
באר שבע,רימון,56,שכונת רמות הרכס,31.286777,34.799059
באר שבע,יריחו,25,שכונת ט,31.243377,34.777922
באר שבע,גרינשפן הרשל,40,,31.267973,34.757049
באר שבע,יפה אברהם,2,שכונת רמות הרכס,31.284331,34.808369
באר שבע,רחבת בן נון,27,שכונת ו,31.262666,34.776340
באר שבע,"החיד""א",73,שכונת יא,31.253818,34.767245
באר שבע,עכו,5,שכונת נאות לון,31.251211,34.767605
באר שבע,קרן קיימת לישראל,52,שכונת עיר עתיקה,31.238301,34.791466
באר שבע,סייפן,14,שכונת נווה נוי,31.231155,34.781865
באר שבע,רותם,28,שכונת נווה נוי,31.229813,34.794510
באר שבע,טיומקין זאב,14,שכונת נווה זאב,31.238521,34.767459
באר שבע,חרצית,4,,31.232474,34.788287
באר שבע,סרלין יוסף,8,,31.259662,34.763057
באר שבע,בית שאן,59,שכונת נאות לון,31.247523,34.766361
באר שבע,זמנהוף,6,שכונת נווה מנחם,31.265285,34.761606
באר שבע,תקוע יוסף,139,,31.277799,34.820249
באר שבע,"רחבת השל""ה",5,שכונת יא,31.256432,34.769453
באר שבע,הרב חביב חיים,25,,31.250962,34.759100
באר שבע,שטה,9,,31.233538,34.791357
באר שבע,יוחנן הורקנוס,7,שכונת ד,31.265299,34.794043
באר שבע,שופט אברהם,144,,31.270148,34.811376
באר שבע,דותן,30,שכונת נווה מנחם,31.264026,34.761605
באר שבע,הלפרין,11,שכונת נווה מנחם,31.262203,34.756232
באר שבע,יערה,17,שכונת נווה נוי,31.231577,34.786263
באר שבע,הכותל המערבי,48,שכונת א,31.250130,34.785071
באר שבע,רחבת אלכסנדרוני,4,,31.265204,34.777630
באר שבע,"רחבת רמ""א",16,שכונת יא,31.258020,34.770078
באר שבע,עכו,43,שכונת נאות לון,31.252004,34.767530
באר שבע,גרשם שלום,10,שכונת רמות,31.270375,34.804887
באר שבע,גרשון,33,שכונת עיר עתיקה,31.241506,34.791387
באר שבע,חרדון,19,שכונת ה,31.249559,34.778283
באר שבע,מסקין אהרון,40,שכונת נווה מנחם,31.271400,34.766203
באר שבע,שופמן גרשון,6,שכונת נווה זאב,31.238647,34.774649
באר שבע,עמיר אנדה,42,שכונת נווה מנחם,31.272037,34.766350
באר שבע,צוער,3,,31.220889,34.814585
באר שבע,אפרת יעקב,13,שכונת נווה מנחם,31.269907,34.771800
באר שבע,"משעול בית""ר",5,שכונת ד,31.259673,34.790479
באר שבע,רחבת יעל,23,,31.261854,34.774439
באר שבע,המדע,68,שכונת רמות,31.271658,34.807659
באר שבע,הדסה,55,,31.240929,34.789806
באר שבע,שיפון,1,,31.222524,34.817659
באר שבע,הר עצמון,5,,31.274858,34.813597
באר שבע,קציר אהרון,31,שכונת רמות,31.272656,34.808578
באר שבע,ברזני משה,15,,31.269326,34.815054
באר שבע,דרור,21,,31.228086,34.769778
באר שבע,חזני מיכאל,34,שכונת יא,31.262430,34.770858
באר שבע,שד בן גוריון,30,,31.258156,34.811186
באר שבע,בנימין מטודלה,6,שכונת ד,31.267930,34.801167
באר שבע,סביון,39,שכונת נווה נוי,31.233028,34.778396
באר שבע,ארגוב אלכסנדר,32,,31.248019,34.757095
באר שבע,תקוע יוסף,85,שכונת רמות,31.277136,34.818953
באר שבע,די זהב אפרים,30,,31.223657,34.774949
באר שבע,ינשוף,21,,31.228882,34.765421
באר שבע,גרינבוים יצחק,4,,31.261334,34.765618
באר שבע,רודנסקי שמואל,47,שכונת נווה מנחם,31.271711,34.770798
באר שבע,עפרוני,37,,31.231005,34.768879
באר שבע,חגלה,12,שכונת ה,31.248778,34.782953
באר שבע,אבן-שושן אברהם,89,,31.245545,34.758225
באר שבע,רופין ארתור,48,שכונת יא,31.264756,34.766596
באר שבע,שאול המלך,55,,31.263307,34.781580
באר שבע,פיינברג אבשלום,7,,31.266473,34.760555
באר שבע,נרקיס עוזי,19,שכונת רמות הרכס,31.283055,34.803881
באר שבע,המסגר,5,,31.223414,34.810629
באר שבע,הרב גורן שלמה,15,שכונת נאות לון,31.243783,34.764661
באר שבע,דרך מצדה,63,שכונת ד,31.258428,34.789709
באר שבע,"רחבת לח""י",20,,31.264236,34.775485
באר שבע,המלכים,13,,31.264083,34.758749
באר שבע,גולומב,49,,31.256546,34.803975
באר שבע,בן דוד יוסף,10,,31.272843,34.801210
באר שבע,יוחנן הורקנוס,40,שכונת ד,31.266087,34.795741
באר שבע,אירוס הנגב,22,,31.229531,34.795736
באר שבע,"רמב""ן",36,,31.271585,34.784403
באר שבע,חיבת ציון,26,,31.252559,34.811069
באר שבע,מבצע דני,30,,31.261507,34.782615
באר שבע,הר בוקר,12,,31.273524,34.810374
באר שבע,פשוש,43,,31.230730,34.764091
באר שבע,דותן,22,,31.264354,34.761948
באר שבע,אלוף יריב אהרון,11,שכונת רמות,31.266849,34.812394
באר שבע,אפרסמון,13,שכונת נווה נוי,31.230517,34.784838
באר שבע,רודנסקי שמואל,86,,31.271989,34.769748
באר שבע,בר ניסן,1,שכונת נווה זאב,31.238565,34.762838
באר שבע,זמיר ישעיהו,59,,31.273766,34.817004
באר שבע,אלפסי,25,שכונת יא,31.258220,34.772197
באר שבע,שליו,3,שכונת ה,31.249124,34.781399
באר שבע,פורת לאה,14,,31.222858,34.776878
באר שבע,יערה,18,שכונת נווה נוי,31.231379,34.786611
באר שבע,רחבת הרב קוק,22,שכונת יא,31.257487,34.770759
באר שבע,מבצע חורב,14,,31.260793,34.784497
באר שבע,ריבי איזידור,11,שכונת רמות,31.273811,34.801208
באר שבע,ינשוף,10,,31.230064,34.765429
באר שבע,לברי מרק,9,שכונת נחל בקע,31.220945,34.775283
באר שבע,שמעוני,2,שכונת ב,31.255382,34.795424
באר שבע,בן דוד יוסף,2,שכונת רמות,31.272727,34.800865
באר שבע,אורלנד יעקב,5,שכונת נאות לון,31.248209,34.756826
באר שבע,מוריה,46,,31.246531,34.785531
באר שבע,רופין ארתור,15,,31.264408,34.768942
באר שבע,חטיבת הנגב,10,שכונת עיר עתיקה,31.237962,34.782329
באר שבע,הרב הרצוג,12,שכונת יא,31.261426,34.768284
באר שבע,רנה קסן,12,,31.272954,34.801479
באר שבע,תקוע יוסף,40,,31.277410,34.820697
באר שבע,בית שאן,5,שכונת נאות לון,31.250528,34.766855
באר שבע,הבדיל,44,,31.220953,34.808517
באר שבע,אנילביץ,9,,31.236899,34.788850
באר שבע,הרב קפאח,14,שכונת נאות לון,31.252484,34.764238
באר שבע,סוקולוב,34,שכונת א,31.245498,34.788904
באר שבע,הברזל,16,,31.217784,34.809035
באר שבע,המלכים,68,שכונת נווה מנחם,31.265437,34.755751
באר שבע,פיינברג אבשלום,20,שכונת נווה מנחם,31.266202,34.759830
באר שבע,הר תבור,4,,31.276436,34.811106
באר שבע,שלמה המלך,29,שכונת ד,31.259642,34.796368
באר שבע,זמיר ישעיהו,19,,31.274113,34.819293
באר שבע,גיבתון חנוך,25,,31.223894,34.776952
באר שבע,שלונסקי,1,,31.252251,34.774301
באר שבע,לאה,57,,31.269860,34.759481
באר שבע,ארליך שמחה,4,שכונת יא,31.258012,34.766758
באר שבע,סרלין יוסף,2,,31.259647,34.762734
באר שבע,"זק""ש נלי",8,שכונת רמות,31.271328,34.806990
באר שבע,שלמה המלך,25,שכונת ד,31.259583,34.796442
באר שבע,"חז""ל",86,שכונת ב,31.257723,34.790606
באר שבע,אנילביץ,14,,31.237336,34.789045
באר שבע,משעול מצפה,6,שכונת ט,31.246175,34.778894
באר שבע,אחאב,5,,31.263216,34.784166
באר שבע,יסעור,15,,31.228830,34.766244
באר שבע,ההסתדרות,1,שכונת עיר עתיקה,31.237311,34.786603
באר שבע,דרך מצדה,208,שכונת ו,31.258884,34.775802
באר שבע,ברדיצ'בסקי,5,,31.267503,34.772284
באר שבע,אהרונסון,60,שכונת נווה מנחם,31.267687,34.759654
באר שבע,יאיר,26,שכונת עיר עתיקה,31.240880,34.791547
באר שבע,בלוך רודולף,45,,31.273659,34.807017
באר שבע,מבצע משה,14,שכונת נווה זאב,31.237335,34.778635
באר שבע,זנגויל ישראל,13,שכונת נווה מנחם,31.265077,34.760966
באר שבע,הר בוקר,27,,31.273629,34.809494
באר שבע,סבידור מנחם,25,שכונת יא,31.257312,34.762934
באר שבע,כפר הדרום,7,,31.236427,34.787491
באר שבע,שד רגר יצחק,156,שכונת ד,31.270368,34.798264
באר שבע,קרן קיימת לישראל,62,שכונת עיר עתיקה,31.238594,34.791349
באר שבע,פרץ י ל,11,שכונת נווה זאב,31.240277,34.779033
באר שבע,הלפרין,9,שכונת נווה מנחם,31.262168,34.756315
באר שבע,יוסף בן מתתיהו,64,שכונת ד,31.264764,34.800431
באר שבע,ויתקון אלפרד,9,שכונת ו,31.270645,34.777983
באר שבע,החלוץ,114,שכונת עיר עתיקה,31.241119,34.791523
באר שבע,יהושפט,19,,31.262365,34.782956
באר שבע,אורן,8,שכונת נווה נוי,31.231516,34.784337
באר שבע,סתונית,30,,31.228495,34.779665
באר שבע,החלוץ,59,,31.239099,34.789237
באר שבע,מבצע דני,38,,31.261458,34.781774
באר שבע,לאה,71,שכונת נווה מנחם,31.270533,34.760925
באר שבע,טרומפלדור,74,שכונת עיר עתיקה,31.239760,34.792263
באר שבע,אבן עזרא,28,,31.270592,34.785687
באר שבע,"חז""ל",83,שכונת ב,31.257398,34.791000
באר שבע,מבצע דני,34,,31.261512,34.782199
באר שבע,אבשלום,51,,31.267043,34.767036
באר שבע,אבן-שושן אברהם,131,,31.247901,34.758154
באר שבע,שלמה המלך,50,שכונת ד,31.260168,34.795186
באר שבע,הרב טנא שלמה,26,שכונת נווה זאב,31.234477,34.785876
באר שבע,אהוד בן גרא,8,שכונת עיר עתיקה,31.241154,34.781075
באר שבע,אדמון ידידיה,57,,31.220736,34.771703
באר שבע,ויטנברג יצחק,20,,31.225302,34.780316
באר שבע,רחבת אופירה,26,שכונת ט,31.244598,34.771349
באר שבע,סייפן,1,שכונת נווה נוי,31.231201,34.781628
באר שבע,רופין ארתור,40,,31.265350,34.767422
באר שבע,סמבורסקי שמואל,9,,31.272000,34.803601
באר שבע,רחבת אלכסנדרוני,3,שכונת ו,31.265509,34.777985
באר שבע,רחבת הרב קוק,17,שכונת יא,31.257536,34.771370
באר שבע,רותם,5,,31.230362,34.796411
באר שבע,דוד הראובני,1,שכונת נווה מנחם,31.265205,34.764259
באר שבע,צפורה,7,,31.268106,34.763521
באר שבע,צונדק ברנרד והרמן,34,שכונת רמות,31.270935,34.809505
באר שבע,לסקר פרץ,15,,31.265862,34.757076
באר שבע,צפורה,6,,31.268247,34.763783
באר שבע,חטיבת הנגב,32,שכונת עיר עתיקה,31.239454,34.784778
באר שבע,וקסמן זלמן,24,שכונת רמות,31.270081,34.808797
באר שבע,בוסקוביץ אלכסנדר,40,,31.221697,34.771979
באר שבע,בר יוחאי,18,שכונת ד,31.273111,34.795040
באר שבע,אהרוני יוחנן,14,,31.274516,34.806249
באר שבע,"הפלמ""ח",17,שכונת עיר עתיקה,31.237265,34.791129
באר שבע,יערה,20,שכונת נווה נוי,31.231437,34.786571
באר שבע,רנה קסן,46,,31.275087,34.802112
באר שבע,הדסה,90,שכונת עיר עתיקה,31.241916,34.788796
באר שבע,דרך מצדה,9,שכונת ד,31.258196,34.796336
באר שבע,טבנקין,24,שכונת ה,31.255823,34.774569
באר שבע,נרקיס עוזי,25,שכונת רמות הרכס,31.282788,34.804241
באר שבע,דרך מצדה,51,שכונת ד,31.258186,34.791580
באר שבע,קלאוזנר,12,שכונת ד,31.267682,34.799677
באר שבע,העצמאות,18,,31.238666,34.792218
באר שבע,בן לברט,13,שכונת נאות לון,31.250837,34.762550
באר שבע,יסעור,21,,31.228327,34.766173
באר שבע,משעול הערבה,5,שכונת ה,31.247524,34.781695
באר שבע,"רש""י",2,שכונת ד,31.268362,34.787130
באר שבע,העליה,55,שכונת ה,31.255633,34.778814
באר שבע,טדסקי גד,12,,31.279467,34.797577
באר שבע,מודעי יצחק,1,שכונת רמות,31.264630,34.807628
באר שבע,חביב אבשלום,3,שכונת רמות,31.267661,34.816112
באר שבע,ההסתדרות,78,שכונת עיר עתיקה,31.240725,34.790139
באר שבע,החלוץ,57,,31.239053,34.789200
באר שבע,משעול פנקס דוד,3,,31.254569,34.764850
באר שבע,קיפניס לוין,33,שכונת נווה זאב,31.239208,34.780155
באר שבע,יריחו,30,שכונת ט,31.244108,34.777661
באר שבע,פסמון,37,שכונת ה,31.250034,34.778293
באר שבע,רבקה,41,,31.269684,34.762257
באר שבע,יוסף בן מתתיהו,71,שכונת ד,31.265711,34.800833
באר שבע,רותם,11,,31.230213,34.796096
באר שבע,דרך מצדה,210,שכונת ו,31.258973,34.775670
באר שבע,הבשור,9,,31.265947,34.797129
באר שבע,המכתשים,35,שכונת ד,31.269266,34.795024
באר שבע,פסמון,15,שכונת ה,31.249574,34.778914
באר שבע,חסמן מרק,4,,31.264486,34.754923
באר שבע,בורלא יהודה,21,שכונת ה,31.251332,34.776229
באר שבע,הרב ריינס,14,,31.263610,34.759877
באר שבע,קרן קיימת לישראל,94,,31.239098,34.790585
באר שבע,שלשת בני עין חרוד,28,,31.237756,34.791412
באר שבע,פרנק ג'ימס,14,,31.274150,34.800529
באר שבע,משעול פנקס דוד,28,שכונת יא,31.254989,34.763085
באר שבע,פלדברג שמואל,66,שכונת רמות,31.276339,34.825453
באר שבע,אביגיל,27,שכונת נווה מנחם,31.269028,34.760841
באר שבע,חכים אליהו,67,,31.273489,34.815006
באר שבע,מרגולין,14,,31.222702,34.799737
באר שבע,מזר בנימין,5,שכונת נאות לון,31.244104,34.762871
באר שבע,רייס רפאל,10,,31.225890,34.778889
באר שבע,ולבר יצחק,25,,31.241551,34.764208
באר שבע,"רמב""ן",38,,31.271601,34.784229
באר שבע,אגס,6,,31.225833,34.816757
באר שבע,החורש,32,,31.217483,34.809773
באר שבע,שד יעלים,95,שכונת ה,31.255034,34.775878
באר שבע,שלשת בני עין חרוד,70,,31.239222,34.792801
באר שבע,קהירי,9,שכונת רמות הרכס,31.284539,34.802444
באר שבע,סייפן,22,שכונת נווה נוי,31.231727,34.781808
באר שבע,רחבת בן נון,12,שכונת ו,31.263449,34.776881
באר שבע,רחבת ימית,4,שכונת ט,31.244078,34.772331
באר שבע,"זק""ש נלי",19,שכונת רמות,31.271604,34.807119
באר שבע,משעול מצפה,16,שכונת ט,31.246345,34.778377
באר שבע,המדע,112,שכונת רמות,31.273496,34.806263
באר שבע,הר כנען,30,,31.274291,34.812057
באר שבע,פינקל שמעון,11,,31.263561,34.758357
באר שבע,דוידוביץ לב,20,שכונת רמות,31.272581,34.802052
באר שבע,גולדמן נחום,57,שכונת רמות הרכס,31.281322,34.803039
באר שבע,ניב דוד,12,שכונת נווה זאב,31.238674,34.770336
באר שבע,ברזילי ישראל,12,,31.259138,34.761512
באר שבע,בר יוחאי,30,שכונת ד,31.273452,34.794557
באר שבע,בן יהודה,17,שכונת ב,31.254579,34.794092
באר שבע,צפורה,18,,31.268661,34.763364
באר שבע,מורדי הגטאות,39,שכונת עיר עתיקה,31.238183,34.789462
באר שבע,"רמב""ם",4,שכונת מרכז אזרחי,31.242032,34.792546
באר שבע,יוחנן הורקנוס,74,שכונת ד,31.266942,34.796184
באר שבע,אבן-שושן אברהם,79,שכונת נאות לון,31.244802,34.758549
באר שבע,הגלבוע,29,שכונת ה,31.253240,34.771823
באר שבע,"רש""י",76,שכונת ד,31.268134,34.788634
באר שבע,בית אשל,29,,31.238418,34.792654
באר שבע,שריג נחום,50,שכונת רמות הרכס,31.285990,34.806355
באר שבע,צוקית,1,שכונת פלח שבע,31.232197,34.763661
באר שבע,רודנסקי שמואל,91,,31.271051,34.768321
באר שבע,בן חביב,4,שכונת ו,31.268341,34.779563
באר שבע,רחבת מבצע יקב,12,שכונת ו,31.265097,34.779963
באר שבע,שד רגר יצחק,132,שכונת ד,31.267424,34.798308
באר שבע,הרב הרצוג,39,,31.259788,34.767738
באר שבע,ויתקון אלפרד,40,שכונת ו,31.270511,34.776790
באר שבע,יוכבד בת מרים,13,,31.268870,34.770032
באר שבע,בר ניסן,25,,31.240437,34.764370
באר שבע,דרך המשחררים,7,שכונת ב,31.251071,34.795893
באר שבע,בורוכוב,4,,31.249969,34.796290
באר שבע,אבן ארי מיכאל,34,שכונת רמות,31.275979,34.805850
באר שבע,גוטמן נחום,6,שכונת נווה זאב,31.238451,34.779260
באר שבע,משה יצחק,3,שכונת רמות,31.274721,34.805937
באר שבע,אסף הרופא,1,שכונת ב,31.255494,34.793325
באר שבע,בר יוחאי,46,שכונת ד,31.273024,34.794737
באר שבע,"רמח""ל",2,שכונת ב,31.257410,34.791531
באר שבע,הכשרת הישוב,47,שכונת עמק שרה,31.216011,34.812969
באר שבע,פיינשטיין מאיר,1,שכונת רמות,31.267125,34.815661
באר שבע,יסעור,24,,31.228666,34.765904
באר שבע,ברוידס אברהם,6,,31.266403,34.756054
באר שבע,שירמן חיים,34,שכונת רמות,31.272793,34.806212
באר שבע,הר רמון,58,,31.276485,34.808992
באר שבע,קציר אהרון,9,שכונת רמות,31.271712,34.809079
באר שבע,ההסתדרות,99,שכונת עיר עתיקה,31.242371,34.791445
באר שבע,חסמן מרק,11,,31.264127,34.754736
באר שבע,עמל,8,שכונת אזור תעשיה,31.251188,34.823461
באר שבע,בארון דבורה,13,שכונת ב,31.252860,34.794005
באר שבע,יוסף בן מתתיהו,42,שכונת ד,31.264444,34.800429
באר שבע,ארן זלמן,81,,31.257754,34.761239
באר שבע,קרוק גלעד דורותיה,9,שכונת רמות,31.269923,34.806460
באר שבע,גרשם שלום,17,שכונת רמות,31.270648,34.804845
באר שבע,סתונית,40,שכונת נווה נוי,31.228136,34.779118
באר שבע,חשין,12,,31.269156,34.775337
באר שבע,הדסה,20,שכונת עיר עתיקה,31.239450,34.792413
באר שבע,ליפמן גבריאל,17,שכונת רמות,31.274606,34.800673
באר שבע,רותם,40,,31.229570,34.793530
באר שבע,ילין-מור,6,,31.274733,34.823226
באר שבע,משעול מבצע יונתן,25,שכונת ו,31.265532,34.782908
באר שבע,רנה קסן,3,שכונת רמות,31.271845,34.801915
באר שבע,"חז""ל",37,שכונת ד,31.257467,34.793313
באר שבע,שד יעלים,96,שכונת ה,31.255720,34.775946
באר שבע,יערי מאיר,10,שכונת יא,31.257566,34.762094
באר שבע,"חז""ל",98,שכונת ב,31.257987,34.789889
באר שבע,שד רגר יצחק,101,שכונת ד,31.262270,34.797946
באר שבע,קרן קיימת לישראל,10,שכונת עיר עתיקה,31.237619,34.792496
באר שבע,פרופ' שיבא,37,,31.259646,34.757719
באר שבע,רמלה,4,שכונת ט,31.243378,34.765327
באר שבע,שד ירושלים,21,שכונת ט,31.245509,34.777666
באר שבע,זלפה,25,,31.270075,34.762797
באר שבע,רייס רפאל,14,,31.226061,34.778829
באר שבע,שד יעלים,101,שכונת ה,31.255516,34.775561
באר שבע,הצדיק מירושלים,54,,31.273811,34.786276
באר שבע,לוזון אפרים,41,,31.265608,34.758840
באר שבע,אדמון ידידיה,27,שכונת נחל בקע,31.219843,34.772921
באר שבע,ארגוב אלכסנדר,8,,31.248617,34.758975
באר שבע,חזמה יעקב,18,שכונת נחל בקע,31.222024,34.775177
באר שבע,קלצ'קין רפאל,30,שכונת נווה מנחם,31.269124,34.770965
באר שבע,אחינועם,4,שכונת נווה מנחם,31.269205,34.762610
באר שבע,עוזיה המלך,3,שכונת ד,31.261151,34.794289
באר שבע,אורות ישראל,6,,31.236808,34.763969
באר שבע,רנה קסן,18,,31.273788,34.801004
באר שבע,יערי מאיר,54,שכונת יא,31.258123,34.764451
באר שבע,סבידור מנחם,43,שכונת יא,31.257393,34.763567
באר שבע,מקור חיים,26,שכונת נווה זאב,31.239357,34.764296
באר שבע,ארלוזורוב,41,שכונת ג,31.256367,34.805340
באר שבע,בר הלל יהושע,8,שכונת רמות,31.269650,34.804889
באר שבע,ארבע הגיבורות,6,,31.223708,34.780817
באר שבע,דנציגר יצחק,7,,31.245169,34.761959
באר שבע,הרצל,19,שכונת עיר עתיקה,31.238764,34.787011
באר שבע,משעול מבצע יונתן,26,שכונת ו,31.265432,34.782773
באר שבע,דרך המשחררים,5,שכונת ב,31.250934,34.796984
באר שבע,בת שבע,28,,31.269940,34.761506
באר שבע,שד ירושלים,9,שכונת ט,31.245476,34.778910
באר שבע,הרב הרצוג,44,שכונת יא,31.259912,34.767220
באר שבע,מבצע נחשון,63,,31.261843,34.787151
באר שבע,משעול מבצע יונתן,3,שכונת ו,31.266311,34.782452
באר שבע,ארבע הגיבורות,14,שכונת נחל בקע,31.224133,34.780648
באר שבע,רודנסקי שמואל,3,,31.269918,34.772655
באר שבע,גוש עציון,83,שכונת ג,31.258705,34.809644
באר שבע,דרור,24,,31.228452,34.769354
באר שבע,שטה,44,,31.230379,34.791009
באר שבע,חזמה יעקב,13,,31.221449,34.775534
באר שבע,נקר מאיר,1,שכונת רמות,31.267494,34.815049
באר שבע,שקמה,33,,31.286366,34.799860
באר שבע,הרצל,70,שכונת עיר עתיקה,31.241572,34.789944
באר שבע,רחבת הרב עוזיאל,22,שכונת יא,31.255646,34.769794
באר שבע,רחבת בן נון,5,שכונת ו,31.262440,34.776580
באר שבע,שד רגר יצחק,128,שכונת ד,31.265975,34.799002
באר שבע,פטנקין דן,46,,31.247119,34.758831
באר שבע,שלמה המלך,53,שכונת ד,31.259742,34.795496
באר שבע,הרב הרצוג,3,,31.261389,34.769153
באר שבע,הבשור,5,,31.265951,34.797447
באר שבע,בית שאן,12,שכונת נאות לון,31.249884,34.767732
באר שבע,ארדון מרדכי,10,,31.248612,34.757345
באר שבע,זמנהוף,14,,31.265028,34.761344
באר שבע,גולדמן נחום,21,שכונת רמות הרכס,31.279090,34.802643
באר שבע,נרקיס עוזי,16,שכונת רמות הרכס,31.282138,34.804727
באר שבע,אבן-שושן אברהם,14,,31.243267,34.761498
באר שבע,יוהנה ז'בוטינסקי,23,שכונת נווה זאב,31.236277,34.771149
באר שבע,"המהר""ל",23,,31.266379,34.780123
באר שבע,הר חרמון,8,,31.273981,34.810782
באר שבע,מורדי הגטאות,117,,31.240724,34.791748
באר שבע,בן חיים פאול,3,,31.221224,34.771884
באר שבע,קראוס גרטרוד,5,שכונת נאות לון,31.248781,34.756520
באר שבע,הנפח,3,,31.220789,34.811284
באר שבע,פרץ י ל,31,שכונת נווה זאב,31.240853,34.778300
באר שבע,מרגולין,17,,31.224248,34.800444
באר שבע,"רמב""ן",31,,31.271391,34.784901
באר שבע,רחבת איבצן,22,שכונת ו,31.263648,34.777827
באר שבע,ליפמן גבריאל,9,,31.274832,34.800402
באר שבע,שיבטה,21,שכונת ט,31.245285,34.768561
באר שבע,ריבי איזידור,13,שכונת רמות,31.273864,34.801274
באר שבע,עפרוני,58,,31.231209,34.768672
באר שבע,קציר אהרון,32,,31.273226,34.808482
באר שבע,גלעד,15,שכונת ד,31.267958,34.793712
באר שבע,אבישי,47,,31.260325,34.778788
באר שבע,רחבת הראל,2,שכונת ו,31.264054,34.774442
באר שבע,קדושי בגדד,5,,31.252865,34.781595
באר שבע,הרב עדני,25,שכונת נאות לון,31.253093,34.763143
באר שבע,בורלא יהודה,41,שכונת ה,31.251862,34.775536
באר שבע,זבולון,12,שכונת עיר עתיקה,31.237910,34.782324
באר שבע,ארדון מרדכי,9,,31.248730,34.756939
באר שבע,סייפן,13,שכונת נווה נוי,31.231805,34.781589
באר שבע,נהרים,2,שכונת מרכז אזרחי,31.245132,34.798140
באר שבע,בדר יוחנן,1,,31.274262,34.822326
באר שבע,רחבת שלומציון,11,שכונת ו,31.264112,34.781029
באר שבע,צפורה,13,,31.268319,34.763277
באר שבע,קובנר אבא,8,שכונת נחל בקע,31.224647,34.779882
באר שבע,אנילביץ,12,,31.237280,34.789176
באר שבע,סנהדרין,22,שכונת ד,31.272721,34.795721
באר שבע,הקנאים,30,שכונת ד,31.269169,34.792686
באר שבע,נויפלד הנרי,26,שכונת רמות,31.268435,34.808146
באר שבע,אהרונסון,57,שכונת נווה מנחם,31.267609,34.759178
באר שבע,דיין משה,12,שכונת ו,31.265065,34.772692
באר שבע,תקוע יוסף,32,שכונת רמות,31.277364,34.820371
באר שבע,התיבונים,11,שכונת נאות לון,31.251670,34.762710
באר שבע,שנונית,35,שכונת ה,31.250434,34.778922
באר שבע,סדנא,2,שכונת אזור תעשיה,31.252961,34.823320
באר שבע,דוד אלעזר,26,שכונת ו,31.267520,34.774588
באר שבע,חבצלת הנגב,85,,31.231087,34.787293
באר שבע,גת,10,שכונת נאות לון,31.246791,34.767579
באר שבע,"חז""ל",68,שכונת ב,31.257746,34.791433
באר שבע,זכריה,1,שכונת עיר עתיקה,31.238186,34.784461
באר שבע,הגדודים,9,,31.236449,34.781616
באר שבע,גרינשפן הרשל,4,שכונת נווה מנחם,31.268251,34.758876
באר שבע,עמיר אנדה,64,,31.272739,34.765358
באר שבע,זנגויל ישראל,12,שכונת נווה מנחם,31.265064,34.760611
באר שבע,אבידן שמעון,5,שכונת רמות,31.265359,34.809593
באר שבע,דיה,1,שכונת פלח שבע,31.232179,34.763604
באר שבע,אביגד,24,,31.275592,34.801642
באר שבע,מנדלי מוכר ספרים,8,,31.247298,34.793133
באר שבע,בן חיים פאול,47,שכונת נחל בקע,31.223661,34.774422
באר שבע,שריג נחום,7,שכונת רמות הרכס,31.281210,34.804797
באר שבע,מודעי יצחק,29,שכונת רמות,31.266254,34.809169
באר שבע,מורדי הגטאות,38,שכונת עיר עתיקה,31.238483,34.790000
באר שבע,שיטרית,51,,31.254599,34.761887
באר שבע,ינשוף,15,,31.229635,34.765585
באר שבע,יריחו,34,שכונת ט,31.244349,34.777676
באר שבע,סביון,9,שכונת נווה נוי,31.233037,34.780270
באר שבע,העצמאות,35,,31.239266,34.790970
באר שבע,בן חיים פאול,6,,31.221490,34.772634
באר שבע,אבידום מנחם,46,שכונת נחל בקע,31.222409,34.772827
באר שבע,רחבת איבצן,6,שכונת ו,31.263081,34.777961
באר שבע,הרב עדני,17,שכונת נאות לון,31.252897,34.764002
באר שבע,גרוסמן מאיר,32,שכונת נווה זאב,31.237763,34.768484
באר שבע,כפר הדרום,4,שכונת עיר עתיקה,31.236254,34.788167
באר שבע,הרצל,56,שכונת עיר עתיקה,31.241067,34.789528
באר שבע,רנה קסן,65,,31.275744,34.802195
באר שבע,הרב קפאח,31,שכונת נאות לון,31.252528,34.762562
באר שבע,רופין ארתור,27,,31.265122,34.768749
באר שבע,התלמוד,85,שכונת ד,31.269375,34.786258
באר שבע,זרחין אלכסנדר,18,שכונת רמות,31.274876,34.805175
באר שבע,מורדי הגטאות,18,,31.236891,34.788471
באר שבע,המר זבולון,33,שכונת רמות,31.267773,34.812272
באר שבע,ההסתדרות,73,שכונת עיר עתיקה,31.241348,34.790431
באר שבע,עמיר אנדה,58,,31.272488,34.765632
באר שבע,נשר,29,,31.225779,34.766881
באר שבע,לינדנר יוחנן,34,שכונת רמות,31.275011,34.802831
באר שבע,שיזף,48,,31.231548,34.788543
באר שבע,העליה,52,שכונת ה,31.255245,34.779972
באר שבע,נרקיס עוזי,8,שכונת רמות הרכס,31.281373,34.803966
באר שבע,מסקין אהרון,31,שכונת נווה מנחם,31.270600,34.766233
באר שבע,שיטרית,12,,31.254203,34.764826
באר שבע,צונדק ברנרד והרמן,17,שכונת רמות,31.270413,34.808956
באר שבע,מבצע חורב,48,,31.261866,34.786997
באר שבע,פרטוש עדן,15,שכונת נחל בקע,31.220650,34.772704
באר שבע,פיקרד,120,,31.279715,34.801219
באר שבע,ארנון יצחק,3,,31.269458,34.771156
באר שבע,הנגבי,3,,31.283732,34.804359
באר שבע,בנטואיץ יוסף,5,שכונת רמות,31.269489,34.806056
באר שבע,וולפסון דוד,20,שכונת מרכז אזרחי,31.245409,34.800899
באר שבע,ארן זלמן,27,,31.254991,34.761047
באר שבע,גיבתון חנוך,48,שכונת נחל בקע,31.224917,34.775964
באר שבע,בדר יוחנן,56,שכונת רמות,31.273658,34.825159
באר שבע,לוזון אפרים,51,שכונת נווה מנחם,31.265863,34.758401
באר שבע,פינקל שמעון,12,,31.263890,34.758402
באר שבע,שד יעלים,50,שכונת ה,31.252909,34.778136
באר שבע,דרך המשחררים,9,שכונת ב,31.251217,34.795326
באר שבע,אש שלום,21,שכונת נווה זאב,31.239170,34.776413
באר שבע,הדסה,2,שכונת עיר עתיקה,31.238620,34.793468
באר שבע,גרשון,20,שכונת עיר עתיקה,31.241307,34.792135
באר שבע,העליה,70,שכונת ה,31.256513,34.777895
באר שבע,אלתרמן,16,,31.253076,34.774731
באר שבע,קפריסין,1,,31.253639,34.781554
באר שבע,חכים אליהו,71,,31.273705,34.815334
באר שבע,ויתקון אלפרד,42,,31.270415,34.776670
באר שבע,פיקרד,1,שכונת רמות הרכס,31.277988,34.799252
באר שבע,הפלדה,23,,31.222513,34.811878
באר שבע,שד יעלים,12,שכונת ה,31.249944,34.780684
באר שבע,ארן זלמן,5,שכונת יא,31.255599,34.761799
באר שבע,רחבת מבצע קדם,2,שכונת ו,31.266553,34.782775
באר שבע,רבקה,28,,31.269594,34.763006
באר שבע,בן חיים פאול,65,שכונת נחל בקע,31.224472,34.775294
באר שבע,הר עודד,15,,31.273727,34.811691
באר שבע,סנהדרין,54,שכונת ד,31.271829,34.792873
באר שבע,העצמאות,6,,31.238100,34.793089
באר שבע,רודנסקי שמואל,80,שכונת נווה מנחם,31.272059,34.770000
באר שבע,"אצ""ג",1,שכונת עיר עתיקה,31.242559,34.792510
באר שבע,אבן ארי מיכאל,8,,31.274589,34.807461
באר שבע,כפר הדרום,40,,31.237794,34.785851
באר שבע,שופט אברהם,60,שכונת רמות,31.267084,34.813327
באר שבע,דרך המשחררים,102,שכונת ה,31.248677,34.783507
באר שבע,כפר הדרום,44,,31.238007,34.785620
באר שבע,רחבת פל-ים,11,,31.264633,34.777502
באר שבע,צביה ויצחק,56,שכונת נחל בקע,31.224187,34.781020
באר שבע,דרך מצדה,36,שכונת ד,31.258589,34.792205
באר שבע,שירמן חיים,24,שכונת רמות,31.272690,34.805804
באר שבע,רחבת הרב עוזיאל,13,שכונת יא,31.255120,34.772126
באר שבע,יערה,37,שכונת נווה נוי,31.232375,34.786546
באר שבע,בן דוד יוסף,19,שכונת רמות,31.273405,34.801525
באר שבע,שירמן חיים,27,שכונת רמות,31.272934,34.805568
באר שבע,בר יוחאי,28,שכונת ד,31.273477,34.794637
באר שבע,יערי מאיר,42,שכונת יא,31.257705,34.763357
באר שבע,ארן זלמן,18,,31.255845,34.760620
באר שבע,קורא הדורות,3,שכונת נאות לון,31.251300,34.761227
באר שבע,יריחו,28,שכונת ט,31.243951,34.777622
באר שבע,דרך המשחררים,26,שכונת ב,31.251930,34.793396
באר שבע,אירוס הנגב,3,,31.229734,34.796813
באר שבע,רחבת בן נון,29,שכונת ו,31.262777,34.776316
באר שבע,קנדל הנרי,14,,31.245477,34.783190
באר שבע,מרכז הנגב,1,שכונת ג,31.257532,34.806798
באר שבע,שד יעלים,53,שכונת ה,31.248756,34.780623
באר שבע,"חז""ל",79,שכונת ב,31.257367,34.791242
באר שבע,שנונית,32,שכונת ה,31.251318,34.777973
באר שבע,יחיל חיים,3,,31.244228,34.801169
באר שבע,שטיין ריכרד,9,שכונת ו,31.265730,34.771144
באר שבע,העליה,25,,31.253233,34.781955
באר שבע,פריץ אלברט,1,,31.266819,34.771140
באר שבע,הרב עדני,41,שכונת נאות לון,31.253426,34.761675
באר שבע,"רש""י",72,שכונת ד,31.267923,34.788419
באר שבע,שירמן חיים,33,שכונת רמות,31.273079,34.805878
באר שבע,סמילנסקי,35,שכונת עיר עתיקה,31.237511,34.787202
באר שבע,אלישר,2,,31.274579,34.820425
באר שבע,?,111,שכונת ד,31.263156,34.797933
באר שבע,דולצ'ין אריה,13,שכונת יא,31.262864,34.766323
באר שבע,הקוצר,10,,31.213748,34.813712
באר שבע,אדמון ידידיה,14,,31.219714,34.773637
באר שבע,העליה,62,שכונת ה,31.255901,34.778926
באר שבע,הרב עדני,8,שכונת נאות לון,31.252951,34.765194
באר שבע,יהואש,26,,31.262423,34.784241
באר שבע,החורש,26,שכונת עמק שרה,31.217409,34.810483
באר שבע,ירבוע,11,שכונת ה,31.251010,34.778650
באר שבע,דרור,16,,31.229169,34.769226
באר שבע,בדר יוחנן,30,,31.272621,34.824232
באר שבע,שלמה המלך,42,שכונת ד,31.260095,34.795434
באר שבע,נויפלד הנרי,24,שכונת רמות,31.268509,34.808154
באר שבע,רחבת מבצע קדם,1,שכונת ו,31.266686,34.783048
באר שבע,סדן דב,15,שכונת רמות,31.268807,34.806211
באר שבע,תלמה,32,שכונת נחל בקע,31.221308,34.773329
באר שבע,מקור חיים,30,שכונת נווה זאב,31.239353,34.763598
באר שבע,בר יוחאי,15,שכונת ד,31.272902,34.795185
באר שבע,"רמב""ם",21,,31.242094,34.791896
באר שבע,צביה ויצחק,53,,31.224891,34.780845
באר שבע,"הפלמ""ח",16,,31.238205,34.790265
באר שבע,שלדג,12,,31.231250,34.763709
באר שבע,אגוז,1,,31.265299,34.762705
באר שבע,אירוס הנגב,104,,31.228735,34.788048
באר שבע,משה יצחק,9,,31.274885,34.805680
באר שבע,חזן יעקב,34,,31.275677,34.818053
באר שבע,רחבת אחזיה,10,שכונת ו,31.265020,34.785797
באר שבע,ולבר יצחק,6,שכונת נאות לון,31.242516,34.764545
באר שבע,שתל יצחק,2,שכונת רמות,31.276970,34.820316
באר שבע,זמיר ישעיהו,20,,31.274449,34.819018
באר שבע,גויטיין דוד,21,,31.270074,34.775819
באר שבע,פטריה,8,שכונת ה,31.254951,34.779004
באר שבע,הדסה,21,,31.239341,34.792188
באר שבע,ברגסון אנרי,2,שכונת רמות,31.271503,34.806265
באר שבע,וייס יעקב,11,,31.270190,34.814019
באר שבע,פרטוש עדן,20,שכונת נחל בקע,31.220923,34.773393
באר שבע,קרן קיימת לישראל,45,,31.237922,34.791636
באר שבע,בר הלל יהושע,19,שכונת רמות,31.270182,34.805181
באר שבע,העליה,30,,31.254130,34.781597
באר שבע,יאיר,59,שכונת עיר עתיקה,31.241664,34.790034
באר שבע,שד ירושלים,61,שכונת ט,31.245926,34.775226
באר שבע,רודנסקי שמואל,65,שכונת נווה מנחם,31.271710,34.769852
באר שבע,ברזני משה,2,שכונת רמות,31.268256,34.813868
באר שבע,אלבק חנוך,10,שכונת רמות,31.271266,34.804052
באר שבע,הגדודים,30,,31.235095,34.781995
באר שבע,תקוע יוסף,43,שכונת רמות,31.276736,34.819074
באר שבע,זהרי מיכאל,18,,31.273982,34.802761
באר שבע,הצבי,25,שכונת ה,31.248842,34.777213
באר שבע,משעול עקרון,15,שכונת ט,31.244889,34.775196
באר שבע,הרצל,67,שכונת עיר עתיקה,31.241572,34.789630
באר שבע,שטה,37,שכונת נווה נוי,31.230859,34.791468
באר שבע,שריג נחום,16,שכונת רמות הרכס,31.281812,34.805740
באר שבע,שלשת בני עין חרוד,2,שכונת עיר עתיקה,31.236081,34.789883
באר שבע,אבידום מנחם,2,שכונת נחל בקע,31.220477,34.775341
באר שבע,זמיר ישעיהו,24,,31.274444,34.818815
באר שבע,טרומפלדור,43,שכונת עיר עתיקה,31.238460,34.790741
באר שבע,הרב ריינס,5,שכונת נווה מנחם,31.263196,34.759381
באר שבע,זינדר חמדה וצבי,17,שכונת נחל בקע,31.223425,34.776738
באר שבע,משעול עקרון,25,שכונת ט,31.244394,34.775066
באר שבע,שד יעלים,100,שכונת ה,31.255997,34.775724
באר שבע,אביגד,20,,31.275459,34.801541
באר שבע,שד יעלים,33,שכונת ה,31.248019,34.781483
באר שבע,אלוף מנדלר אלברט,2,,31.267978,34.810786
באר שבע,הגנן,25,,31.217937,34.809104
באר שבע,הר רמון,65,,31.276461,34.807514
באר שבע,נרקיס עוזי,3,שכונת רמות הרכס,31.281871,34.803267
באר שבע,בית שאן,44,שכונת נאות לון,31.249330,34.767302
באר שבע,יהושע הצורף,6,,31.257023,34.814613
באר שבע,בקי רוברטו,10,,31.278231,34.798167
באר שבע,נמיר מרדכי,6,,31.261067,34.767040
באר שבע,הכשרת הישוב,45,,31.216301,34.812901
באר שבע,גרוסמן מאיר,31,,31.237594,34.767258
באר שבע,הרב קפאח,55,שכונת נאות לון,31.253104,34.760293
באר שבע,זהרי מיכאל,35,,31.274914,34.803104
באר שבע,גרוסמן מאיר,19,שכונת נווה זאב,31.236186,34.767075
באר שבע,תמיר שמואל,9,,31.263558,34.765748
באר שבע,"רמב""ן",9,,31.271551,34.785746
באר שבע,רוזן פנחס,5,,31.262438,34.764821
באר שבע,גוטמן נחום,28,שכונת נווה זאב,31.239442,34.779652
באר שבע,אבן עזרא,48,,31.270353,34.784188
באר שבע,דרך המשחררים,79,שכונת א,31.251216,34.786509
באר שבע,דוד הראובני,32,שכונת נווה מנחם,31.263746,34.764099
באר שבע,גרשם שלום,21,שכונת רמות,31.270723,34.804993
באר שבע,האוזנר גדעון,41,שכונת רמות הרכס,31.288137,34.806370
באר שבע,שלונסקי,7,,31.252501,34.774591
באר שבע,הרצל,45,שכונת עיר עתיקה,31.239623,34.787782
באר שבע,רחבת מבצע יקב,2,שכונת ו,31.265563,34.779175
באר שבע,שטיינברג יהודה,18,שכונת ו,31.268672,34.772407
באר שבע,גלילי ישראל,29,שכונת רמות הרכס,31.284866,34.803621
באר שבע,סבידור מנחם,27,שכונת יא,31.257382,34.763011
באר שבע,התיבונים,8,שכונת נאות לון,31.251460,34.762861
באר שבע,ברני רוברט,1,שכונת רמות,31.270557,34.808378
באר שבע,ארן זלמן,41,,31.255980,34.760221
באר שבע,דרך המשחררים,52,שכונת ב,31.252126,34.788838
באר שבע,ארץ חמדה,8,,31.235198,34.764077
באר שבע,"רחבת לח""י",12,שכונת ו,31.264316,34.775180
באר שבע,פינקל שמעון,60,שכונת נווה מנחם,31.265298,34.754449
באר שבע,טרומפלדור,73,שכונת עיר עתיקה,31.239196,34.791474
באר שבע,הלפרין,14,,31.262397,34.756108
באר שבע,לינדנר יוחנן,15,,31.274428,34.801841
באר שבע,זמנהוף,33,שכונת נווה מנחם,31.264140,34.760807
באר שבע,רנה קסן,4,שכונת רמות,31.271946,34.802085
באר שבע,סקולסקי שלמה,3,שכונת נווה זאב,31.238110,34.770390
באר שבע,יהוא,10,,31.262565,34.781738
באר שבע,דה-שליט עמוס,6,,31.271527,34.808140
באר שבע,צבי-רן שלמה,20,,31.273804,34.818602
באר שבע,הר חרמון,14,,31.273876,34.811284
באר שבע,פקועה,11,,31.231214,34.795274
באר שבע,פטריה,11,,31.254862,34.778630
באר שבע,אהרונסון,53,,31.267491,34.759321
באר שבע,שיבטה,9,שכונת ט,31.244448,34.769304
באר שבע,בן יוסף שלמה,16,,31.270772,34.812874
באר שבע,אקצין בנימין,3,,31.270013,34.778488
באר שבע,רחל אמנו,8,שכונת נווה מנחם,31.269235,34.766586
באר שבע,המדע,4,שכונת רמות,31.268617,34.806791
באר שבע,ארניה אסוולדו,27,שכונת ד,31.266799,34.801975
באר שבע,נרקיס,45,,31.229087,34.796388
באר שבע,ארלוזורוב,44,,31.256585,34.805780
באר שבע,רחבת שמגר השופט,38,שכונת ו,31.262929,34.774831
באר שבע,מבצע חירם,2,,31.261440,34.785424
באר שבע,שמחוני אסף,9,,31.243159,34.787882
באר שבע,יאיר,35,שכונת עיר עתיקה,31.240652,34.791506
באר שבע,פטנקין דן,58,,31.246298,34.758275
באר שבע,"חז""ל",69,שכונת ב,31.257384,34.791791
באר שבע,פרטוש עדן,4,,31.219965,34.772620
באר שבע,נגבה,8,שכונת עיר עתיקה,31.239058,34.786533
באר שבע,ברגסון אנרי,24,,31.271979,34.807128
באר שבע,רופין ארתור,13,,31.264246,34.768744
באר שבע,רחבת מבצע ארז,26,שכונת ו,31.265876,34.781455
באר שבע,התלמוד,50,שכונת ד,31.269871,34.786535
באר שבע,שד יעלים,40,שכונת ה,31.251002,34.779813
באר שבע,רחבת הרב קוק,8,שכונת יא,31.258545,34.770995
באר שבע,הדעת,50,שכונת רמות,31.268622,34.805671
באר שבע,דותן,2,,31.265199,34.762803
באר שבע,רחבת אחזיה,16,שכונת ו,31.265124,34.785315
באר שבע,קרן קיימת לישראל,8,,31.237560,34.792469
באר שבע,הגאונים,23,שכונת נאות לון,31.253245,34.761208
באר שבע,שלמה המלך,52,שכונת ד,31.260197,34.795085
באר שבע,שרירא גאון,18,,31.250466,34.760236
באר שבע,נויפלד הנרי,7,שכונת רמות,31.269019,34.807500
באר שבע,בן חביב,7,שכונת ו,31.268286,34.779201
באר שבע,יאיר,49,שכונת עיר עתיקה,31.241442,34.790425
באר שבע,ייבין יהושע,9,שכונת נווה זאב,31.238372,34.765836
באר שבע,רבי עקיבא,23,שכונת ד,31.259060,34.792117
באר שבע,יערי מאיר,26,שכונת יא,31.257654,34.762798
באר שבע,נשר,27,,31.225911,34.766945
באר שבע,רוטנברג,4,שכונת ד,31.259071,34.809281
באר שבע,רובינא חנה,8,,31.270820,34.770922
באר שבע,זילברג משה,25,שכונת ו,31.269896,34.775368
באר שבע,בן יהודה,12,שכונת ב,31.253871,34.792742
באר שבע,רודנסקי שמואל,22,,31.270764,34.772577
באר שבע,ברק,5,,31.241297,34.781463
באר שבע,בוסקוביץ אלכסנדר,11,,31.219762,34.773989
באר שבע,גירית,36,שכונת ה,31.250336,34.778582
באר שבע,טל חרמון,10,שכונת נווה זאב,31.235339,34.765776
באר שבע,חזמה יעקב,2,,31.221285,34.776182
באר שבע,משעול סוסיה,2,שכונת ט,31.243935,34.773110
באר שבע,מבצע דני,21,,31.261231,34.782481
באר שבע,המלכים,26,שכונת נווה מנחם,31.264651,34.757896
באר שבע,רחבת יותם,6,שכונת ו,31.264388,34.783189
באר שבע,בורלא יהודה,17,שכונת ה,31.251285,34.775994
באר שבע,גרשון,1,שכונת עיר עתיקה,31.240140,34.793035
באר שבע,אבישג,6,,31.269544,34.760982
באר שבע,אלרואי דוד,6,,31.264455,34.763920
באר שבע,"רחבת לח""י",18,,31.264298,34.775537
באר שבע,צונדק ברנרד והרמן,26,שכונת רמות,31.269926,34.809137
באר שבע,המלכים,70,,31.265480,34.755586
באר שבע,המדע,56,,31.271110,34.807747
באר שבע,חסמן מרק,12,,31.264711,34.753987
באר שבע,ארבע הגיבורות,1,,31.223521,34.780633
באר שבע,ארץ חמדה,34,,31.234356,34.764340
באר שבע,יהושע הצורף,13,,31.256943,34.815496
באר שבע,סמילן רות,38,,31.223136,34.774731
באר שבע,העצמאות,22,,31.238816,34.791945
באר שבע,דרך מצדה,46,שכונת ד,31.258678,34.791216
באר שבע,ארלוזורוב,39,שכונת ג,31.256145,34.805399
באר שבע,מורדי הגטאות,91,שכונת עיר עתיקה,31.239409,34.790559
באר שבע,שלשת בני עין חרוד,89,,31.239896,34.793112
באר שבע,מרלא,30,,31.266837,34.757576
באר שבע,משעול הערבה,19,שכונת ה,31.247916,34.781265
באר שבע,רחבת אמציה,8,שכונת ו,31.264514,34.784626
באר שבע,מורדי הגטאות,108,,31.240664,34.792102
באר שבע,סנש חנה,7,שכונת ג,31.257339,34.809578
באר שבע,רבקה,55,,31.270154,34.761794
באר שבע,זרחין אלכסנדר,9,,31.274400,34.805272
באר שבע,שלמה המלך,70,שכונת ד,31.260205,34.793897
באר שבע,ברוד מקס,7,שכונת נווה מנחם,31.265398,34.757995
באר שבע,קרן קיימת לישראל,33,שכונת עיר עתיקה,31.237714,34.791830
באר שבע,ביאליק,75,שכונת א,31.250024,34.790574
באר שבע,"רש""י",62,שכונת ד,31.268005,34.788223
באר שבע,צבעוני,7,שכונת נווה נוי,31.232126,34.779843
באר שבע,הרצל,33,שכונת עיר עתיקה,31.239368,34.787454
באר שבע,תקוע יוסף,89,,31.277302,34.819414
באר שבע,חובב משה,29,שכונת נחל בקע,31.221544,34.774996
באר שבע,חרצית,1,שכונת נווה נוי,31.232091,34.787868
באר שבע,שדרת הערים התאומות,30,שכונת רמות הרכס,31.282627,34.799386
באר שבע,שד רגר יצחק,177,שכונת ד,31.268726,34.797831
באר שבע,בת שבע,5,שכונת נווה מנחם,31.269220,34.762093
באר שבע,חרצית,3,שכונת נווה נוי,31.232185,34.787864
באר שבע,אלרואי דוד,24,שכונת נווה מנחם,31.263586,34.763142
באר שבע,נרקיס,44,,31.228656,34.796204
באר שבע,לוזון אפרים,11,,31.264464,34.760416
באר שבע,שטה,5,שכונת נווה נוי,31.233796,34.791367
באר שבע,רחבת מבצע קדם,22,שכונת ו,31.265745,34.783057
באר שבע,אלעזר בן יאיר,25,שכונת ד,31.262568,34.790839
באר שבע,אפרת יעקב,2,שכונת נווה מנחם,31.270346,34.772345
באר שבע,"רמב""ם",54,שכונת עיר עתיקה,31.244944,34.787887
באר שבע,וינגייט,34,,31.256219,34.806529
באר שבע,טבנקין,35,שכונת ה,31.253591,34.772670
באר שבע,הכט ראובן,51,,31.274787,34.817595
באר שבע,דיה,7,שכונת פלח שבע,31.231755,34.763485
באר שבע,דינור בן-ציון,19,,31.258619,34.760994
באר שבע,גרשון,35,,31.241932,34.790949
באר שבע,עמוס,3,שכונת עיר עתיקה,31.236030,34.785130
באר שבע,אירוס הנגב,91,,31.228319,34.788804
באר שבע,מנדלי מוכר ספרים,9,,31.247191,34.792863
באר שבע,פינקל שמעון,48,שכונת נווה מנחם,31.265325,34.754228
באר שבע,לוזון אפרים,9,,31.264464,34.760471
באר שבע,דרך מצדה,28,שכונת ד,31.258589,34.792895
באר שבע,שד ירושלים,67,שכונת ט,31.246146,34.774762
באר שבע,פרטוש עדן,32,,31.222137,34.774620
באר שבע,סירני,11,שכונת נחל בקע,31.226306,34.780441
באר שבע,גרינבוים יצחק,2,,31.261296,34.765705
באר שבע,המכונאי,1,,31.221366,34.810948
באר שבע,גלזמן יוסף,5,שכונת נחל בקע,31.224317,34.778994
באר שבע,"רחבת חי""ל",13,שכונת ו,31.261050,34.776882
באר שבע,חביב אבשלום,12,,31.268779,34.815590
באר שבע,הרב קפאח,42,שכונת נאות לון,31.253181,34.761549
באר שבע,פיקרד,122,,31.279703,34.801120
באר שבע,הרצל,72,שכונת עיר עתיקה,31.241597,34.789970
באר שבע,משעול ניצנה,12,שכונת ה,31.248134,34.779404
באר שבע,רחבת ימית,18,שכונת ט,31.244803,34.772367
באר שבע,שמחה,1,שכונת עיר עתיקה,31.240943,34.784072
באר שבע,מזר בנימין,61,,31.244771,34.759109
באר שבע,פלוסר דוד,18,שכונת נאות לון,31.246430,34.760516
באר שבע,יפה אברהם,51,שכונת רמות הרכס,31.285252,34.806942
באר שבע,צביה ויצחק,36,שכונת נחל בקע,31.223901,34.779479
באר שבע,הרב עדני,50,שכונת נאות לון,31.253438,34.762868
באר שבע,רחבת מבצע קדם,12,שכונת ו,31.266108,34.782949
באר שבע,הר רמון,37,,31.276118,34.809862
באר שבע,יריחו,1,שכונת ט,31.244528,34.778834
באר שבע,רודנסקי שמואל,61,,31.271730,34.770045
באר שבע,יערי מאיר,20,שכונת יא,31.257573,34.762470
באר שבע,משעול מבצע יונתן,32,שכונת ו,31.265254,34.782812
באר שבע,ברזני משה,17,,31.269401,34.815179
באר שבע,חשין,11,,31.268980,34.775075
באר שבע,ברק,12,שכונת עיר עתיקה,31.241618,34.781457
באר שבע,טרומפלדור,47,,31.238707,34.790987
באר שבע,דרך המשחררים,40,שכונת ב,31.252030,34.790366
באר שבע,"רמב""ם",62,,31.244614,34.786592
באר שבע,צבי-רן שלמה,1,,31.273566,34.819683
באר שבע,נגבה,9,שכונת עיר עתיקה,31.239138,34.785929
באר שבע,גיבתון חנוך,8,,31.223425,34.777987
באר שבע,סימון ארנסט דוד,31,שכונת רמות,31.269972,34.807419
באר שבע,דוידוביץ לב,9,שכונת רמות,31.272668,34.801267
באר שבע,אירוס הנגב,10,,31.229924,34.796515
באר שבע,גלילי ישראל,21,,31.283940,34.803759
באר שבע,יוחנן הורקנוס,9,שכונת ד,31.265298,34.794153
באר שבע,ארלנגר ג'וזף,15,שכונת רמות,31.269428,34.808145
באר שבע,קרן קיימת לישראל,181,,31.239459,34.789107
באר שבע,האוזנר גדעון,4,שכונת רמות הרכס,31.286290,34.805688
באר שבע,הדסה,54,שכונת עיר עתיקה,31.240635,34.790594
באר שבע,בר יוחאי,3,שכונת ד,31.273163,34.795979
באר שבע,בלהה,13,,31.269810,34.764100
באר שבע,עפרוני,68,,31.231260,34.768144
באר שבע,קלצ'קין רפאל,80,,31.268641,34.768577
באר שבע,שנונית,24,שכונת ה,31.251133,34.778212
באר שבע,דרבן,19,שכונת ה,31.250524,34.777429
באר שבע,דרור,33,,31.227057,34.769049
באר שבע,דוד המלך,3,שכונת ד,31.263988,34.792901
באר שבע,שפרה,20,,31.270750,34.763462
באר שבע,שתל יצחק,29,שכונת רמות,31.277940,34.820449
באר שבע,נשר,17,,31.226646,34.766536
באר שבע,הכשרת הישוב,49,שכונת עמק שרה,31.214672,34.813290
באר שבע,פרטוש עדן,58,,31.224051,34.776759
באר שבע,הכט ראובן,28,,31.275102,34.818618
באר שבע,"הפלמ""ח",41,,31.238459,34.789467
באר שבע,ברק,31,,31.242469,34.779709
באר שבע,וילנסקי משה,43,שכונת נאות לון,31.245782,34.759545
באר שבע,שופמן גרשון,19,שכונת נווה זאב,31.237870,34.773735
באר שבע,משעול הערבה,7,שכונת ה,31.247599,34.781687
באר שבע,גרינפלד,19,שכונת רמות הרכס,31.282470,34.800464
באר שבע,אבנר,3,שכונת ו,31.262134,34.777190
באר שבע,רופין ארתור,54,,31.264271,34.766261
באר שבע,סטולר שמואל,6,,31.270952,34.770535
באר שבע,חבצלת הנגב,67,שכונת נווה נוי,31.232745,34.787718
באר שבע,אלוף אדם יקותיאל,8,שכונת רמות,31.267811,34.811770
באר שבע,ארן זלמן,21,,31.255270,34.761012
באר שבע,גוש עציון,43,,31.256545,34.806341
באר שבע,הרב גבאי מנחם,29,שכונת ד,31.271181,34.793577
באר שבע,כלנית,21,שכונת נווה נוי,31.232097,34.781038
באר שבע,בצלאל,24,שכונת ב,31.254089,34.789595
באר שבע,די זהב אפרים,27,,31.222961,34.775494
באר שבע,הדעת,88,שכונת רמות,31.271628,34.803391
באר שבע,חבצלת הנגב,73,שכונת נווה נוי,31.232275,34.787580
באר שבע,סטרומה,5,,31.254110,34.780074
באר שבע,עכו,23,שכונת נאות לון,31.251521,34.769047
באר שבע,רותם,3,,31.230464,34.796598
באר שבע,רחבת מבצע ארז,28,שכונת ו,31.265917,34.781507
באר שבע,האבות,43,שכונת עיר עתיקה,31.239328,34.787092
באר שבע,שד האנדרטה,1,,31.274895,34.821315
באר שבע,אביגיל,12,,31.268944,34.761378
באר שבע,בורן מכס,34,שכונת רמות,31.274290,34.803836
באר שבע,"רמב""ם",47,,31.243580,34.789824
באר שבע,רודנסקי שמואל,124,,31.271235,34.767771
באר שבע,חסמן מרק,59,,31.265106,34.753626
באר שבע,שוחט ישראל,35,שכונת נווה זאב,31.232832,34.765650
באר שבע,הכט ראובן,23,,31.274789,34.819082
באר שבע,שרירא גאון,7,שכונת נאות לון,31.250500,34.760944
באר שבע,אלבק חנוך,31,,31.271987,34.804927
באר שבע,רינגלבלום,14,שכונת ד,31.267177,34.800751
באר שבע,צביה ויצחק,64,,31.224856,34.781097
באר שבע,חזן יעקב,10,,31.275651,34.820293
באר שבע,שרה אמנו,6,שכונת עיר עתיקה,31.239296,34.785651
באר שבע,זינדר חמדה וצבי,2,,31.222845,34.777805
באר שבע,שנונית,31,שכונת ה,31.250341,34.779034
באר שבע,צביה ויצחק,48,,31.224070,34.780400
באר שבע,סירני,5,,31.226008,34.780494
באר שבע,מבצע חורב,17,,31.261034,34.784088
באר שבע,ארניה אסוולדו,95,שכונת ד,31.265600,34.801939
באר שבע,חבס ברכה,13,,31.269926,34.768346
באר שבע,אבן עזרא,3,שכונת ד,31.270600,34.787178
באר שבע,ארץ חמדה,27,,31.234482,34.763859
באר שבע,העליה,82,,31.257305,34.775825
באר שבע,ירבוע,15,שכונת ה,31.251067,34.778553
באר שבע,הרב גבאי מנחם,26,שכונת ד,31.271510,34.793725
באר שבע,ארן זלמן,1,שכונת יא,31.255870,34.761956
באר שבע,מורדי הגטאות,129,,31.241016,34.792064
באר שבע,ברוידס אברהם,21,שכונת נווה מנחם,31.265372,34.756194
באר שבע,מבצע דני,45,,31.260135,34.782501
באר שבע,הנוטר,39,,31.252687,34.806875
באר שבע,רחל אמנו,5,,31.268965,34.765881
באר שבע,בורלא יהודה,25,שכונת ה,31.251379,34.775657
באר שבע,זנגויל ישראל,11,,31.265152,34.761095
באר שבע,אלתרמן,39,,31.253149,34.775113
באר שבע,פסמון,9,שכונת ה,31.249432,34.779043
באר שבע,אלקחי מרדכי,6,,31.269614,34.814214
באר שבע,דרך מצדה,148,שכונת ו,31.259101,34.784049
באר שבע,שלמה המלך,17,שכונת ד,31.259615,34.797025
באר שבע,יוסף בן מתתיהו,75,שכונת ד,31.265300,34.801104
באר שבע,ארלנגר ג'וזף,11,שכונת רמות,31.269500,34.807984
באר שבע,עפרוני,84,,31.230965,34.767568
באר שבע,חזני מיכאל,3,שכונת יא,31.261137,34.770203
באר שבע,ולבר יצחק,16,שכונת נאות לון,31.241808,34.764155
באר שבע,נגבה,5,שכונת עיר עתיקה,31.238801,34.786582
באר שבע,שמאלי אליעזר,1,שכונת נווה זאב,31.238331,34.772670
באר שבע,המדע,23,,31.271365,34.807404
באר שבע,גולדברג לאה,15,שכונת ב,31.253231,34.794534
באר שבע,קרן היסוד,23,שכונת מרכז אזרחי,31.244941,34.800377
באר שבע,מסקין אהרון,82,שכונת נווה מנחם,31.272699,34.764456
באר שבע,העליה,9,,31.251567,34.781495
באר שבע,ארניה אסוולדו,16,שכונת ד,31.265835,34.801594
באר שבע,מבצע אסף,7,שכונת נווה זאב,31.236447,34.780100
באר שבע,נרקיס,53,,31.229453,34.796976
באר שבע,זהרי מיכאל,26,,31.274370,34.803083
באר שבע,דרך מצדה,40,שכונת ד,31.258588,34.791789
באר שבע,ארן זלמן,26,,31.256362,34.760298
באר שבע,לוזון אפרים,34,,31.265501,34.759533
באר שבע,דרך מצדה,142,שכונת ו,31.259343,34.784692
באר שבע,יוכבד בת מרים,51,שכונת נווה מנחם,31.269288,34.768542
באר שבע,אנילביץ,25,,31.237911,34.787875
באר שבע,ורבורג,2,שכונת א,31.248530,34.785445
באר שבע,בית שאן,28,שכונת נאות לון,31.249556,34.767487
באר שבע,קרויצר מנחם,3,שכונת מרכז אזרחי,31.246061,34.802578
באר שבע,שד רגר יצחק,167,שכונת ד,31.267726,34.797872
באר שבע,בלוך רודולף,35,שכונת רמות,31.272753,34.807765
באר שבע,יוכבד בת מרים,25,,31.268521,34.769543
באר שבע,המדע,37,שכונת רמות,31.273208,34.806168
באר שבע,נדב,8,,31.263192,34.786749
באר שבע,ילן-שטקליס מרים,64,שכונת נווה מנחם,31.270807,34.768163
באר שבע,?,177,שכונת ד,31.268726,34.797831
באר שבע,הכשרת הישוב,16,,31.223857,34.812794
באר שבע,אנקור,44,שכונת נווה זאב,31.231946,34.771740
באר שבע,ברגסון אנרי,19,,31.272102,34.806785
באר שבע,נאות הככר,7,שכונת ה,31.247872,34.780965
באר שבע,גלילי ישראל,19,,31.283906,34.803684
באר שבע,אגוז,26,שכונת נווה מנחם,31.264464,34.761394
באר שבע,הר בוקר,29,,31.273703,34.809645
באר שבע,סירני,10,,31.226282,34.780721
באר שבע,אלוף אדם יקותיאל,5,שכונת רמות,31.267874,34.811347
באר שבע,הרצל,48,שכונת עיר עתיקה,31.240889,34.789362
באר שבע,העליה,73,שכונת ה,31.256800,34.776507
באר שבע,זמורה משה,5,,31.269497,34.776138
באר שבע,הר כנען,32,,31.274303,34.811857
באר שבע,וולפסון דוד,34,שכונת מרכז אזרחי,31.244547,34.801399
באר שבע,יוחנן הורקנוס,6,שכונת ד,31.265030,34.794381
באר שבע,יוסקה,7,,31.281930,34.806132
באר שבע,אנילביץ,17,,31.237522,34.788397
באר שבע,אפק,6,שכונת ט,31.243666,34.767026
באר שבע,עפרוני,66,,31.231255,34.768221
באר שבע,מורדי הגטאות,135,,31.241439,34.792496
באר שבע,משעול מבצע יונתן,20,שכונת ו,31.265659,34.782659
באר שבע,גרינבוים יצחק,1,שכונת יא,31.261243,34.765555
באר שבע,אלבק חנוך,26,,31.271635,34.804923
באר שבע,קלאוזנר,20,שכונת ד,31.267670,34.799035
באר שבע,חובב משה,38,,31.221780,34.775728
באר שבע,יפה אברהם,22,,31.284836,34.808028
באר שבע,דרור,50,,31.229488,34.768783
באר שבע,אפק,13,שכונת ט,31.243373,34.766240
באר שבע,עכו,8,שכונת נאות לון,31.251252,34.768049
באר שבע,שד רגר יצחק,144,שכונת ד,31.268550,34.798336
באר שבע,ההגנה,5,שכונת עיר עתיקה,31.237375,34.783869
באר שבע,שמחוני אסף,1,שכונת עיר עתיקה,31.242430,34.787224
באר שבע,מבצע יואב,21,שכונת ו,31.259380,34.780122
באר שבע,מסקין אהרון,70,,31.272315,34.764900
באר שבע,עבדת,26,שכונת נאות לון,31.245595,34.767059
באר שבע,ייבין יהושע,19,שכונת נווה זאב,31.239131,34.765822
באר שבע,בורג יוסף,4,שכונת נווה זאב,31.233834,34.769718
באר שבע,גמל,21,שכונת ה,31.248646,34.779029
באר שבע,ילין-מור,1,,31.274210,34.823175
באר שבע,גירית,30,שכונת ה,31.250194,34.778849
באר שבע,פרץ י ל,3,שכונת נווה זאב,31.240371,34.779466
באר שבע,"המהר""ל",19,שכונת ו,31.266648,34.780346
באר שבע,ליפמן גבריאל,19,שכונת רמות,31.274599,34.800754
באר שבע,עמיצור שמשון,15,שכונת רמות הרכס,31.282383,34.798875
באר שבע,ביאליק,21,שכונת ב,31.254007,34.791891
באר שבע,בארון דבורה,15,שכונת ב,31.252748,34.794079
באר שבע,שדרת הערים התאומות,15,שכונת רמות הרכס,31.279673,34.799239
באר שבע,סרלין יוסף,3,,31.259906,34.762915
באר שבע,משעול יודפת,4,שכונת ד,31.259070,34.790624
באר שבע,המרד,57,,31.272822,34.815584
באר שבע,הרצל,39,שכונת עיר עתיקה,31.239440,34.787548
באר שבע,גיבתון חנוך,28,שכונת נחל בקע,31.223997,34.777186
באר שבע,יהושפט,12,שכונת ו,31.262187,34.782643
באר שבע,דולצ'ין אריה,11,שכונת יא,31.263133,34.766546
באר שבע,יערי מאיר,72,שכונת יא,31.258643,34.764441
באר שבע,אקצין בנימין,18,,31.270039,34.777725
באר שבע,ליפמן גבריאל,6,,31.274553,34.800321
באר שבע,לישנסקי יוסף,7,שכונת נווה מנחם,31.267121,34.759428
באר שבע,המכתשים,40,שכונת ד,31.269587,34.795502
באר שבע,המלכים,16,שכונת נווה מנחם,31.264820,34.757889
באר שבע,הפלדה,3,,31.221318,34.811457
באר שבע,הכשרת הישוב,44,,31.216807,34.812372
באר שבע,הצנחנים,14,,31.225144,34.779133
באר שבע,ז'בוטינסקי זאב,22,שכונת ג,31.248854,34.809041
באר שבע,מבצע דני,60,,31.259855,34.781773
באר שבע,אבן שפרוט,5,שכונת נאות לון,31.250719,34.763410
באר שבע,תקוע יוסף,5,שכונת רמות,31.276493,34.821150
באר שבע,מורדי הגטאות,89,,31.239188,34.790424
באר שבע,וינגייט,42,שכונת ג,31.256125,34.805225
באר שבע,רחבת אמציה,1,שכונת ו,31.264207,34.783612
באר שבע,הרמלין יוסף,3,שכונת רמות,31.266382,34.812762
באר שבע,מורדי הגטאות,7,שכונת עיר עתיקה,31.236549,34.787903
באר שבע,ברטונוב יהושע,32,שכונת נווה מנחם,31.271020,34.769797
באר שבע,הגדודים,52,,31.235179,34.784368
באר שבע,"רמב""ן",17,שכונת ד,31.271530,34.785448
באר שבע,תלמה,4,,31.220143,34.774894
באר שבע,אירוס הנגב,74,,31.228634,34.790781
באר שבע,השופט אלקיים,14,שכונת נאות לון,31.243093,34.764025
באר שבע,אבן עזרא,42,שכונת ד,31.270427,34.784675
באר שבע,עולי הגרדום,4,שכונת ג,31.251659,34.804275
באר שבע,רחבת הראל,27,,31.263771,34.775085
באר שבע,צבי-רן שלמה,2,,31.273900,34.819508
באר שבע,אבן גבירול,1,שכונת ב,31.255792,34.795904
באר שבע,ברק,4,שכונת עיר עתיקה,31.241442,34.781782
באר שבע,המר זבולון,37,שכונת רמות,31.267541,34.812142
באר שבע,צונדק ברנרד והרמן,42,שכונת רמות,31.271145,34.810070
באר שבע,מזר בנימין,97,,31.247430,34.760445
באר שבע,שרה אמנו,23,שכונת עיר עתיקה,31.240522,34.786547
באר שבע,רחבת מבצע ארז,20,שכונת ו,31.265801,34.781215
באר שבע,בר ניסן,10,,31.238644,34.763158
באר שבע,שדרת הערים התאומות,4,שכונת רמות הרכס,31.278088,34.799207
באר שבע,חגלה,10,שכונת ה,31.248657,34.782876
באר שבע,אירוס הנגב,108,,31.228777,34.787705
באר שבע,שטה,38,שכונת נווה נוי,31.231342,34.791035
באר שבע,רחבת אמציה,6,שכונת ו,31.264494,34.784409
באר שבע,"הפלמ""ח",34,שכונת עיר עתיקה,31.238374,34.790013
באר שבע,אלקחי מרדכי,2,,31.269263,34.813625
באר שבע,קורא הדורות,15,,31.250812,34.760267
באר שבע,אלישר,41,,31.272844,34.817819
באר שבע,קדושי סלוניקי,22,שכונת נווה מנחם,31.265458,34.757167
באר שבע,אבידום מנחם,8,,31.220670,34.775145
באר שבע,שד רגר יצחק,154,שכונת ד,31.270207,34.798296
באר שבע,סמילנסקי,38,שכונת עיר עתיקה,31.237691,34.787199
באר שבע,פיינברג אבשלום,27,,31.265741,34.759695
באר שבע,טדסקי גד,10,,31.279311,34.797659
באר שבע,עפרוני,51,,31.231065,34.768113
באר שבע,מזר בנימין,6,,31.244127,34.762366
באר שבע,התיבונים,13,שכונת נאות לון,31.251729,34.762906
באר שבע,רודנסקי שמואל,92,שכונת נווה מנחם,31.271866,34.769421
באר שבע,ולבר יצחק,57,,31.242307,34.762821
באר שבע,מורדי הגטאות,6,שכונת עיר עתיקה,31.235833,34.787694
באר שבע,בלוך רודולף,24,,31.272435,34.808409
באר שבע,משעול עקרון,8,שכונת ט,31.245148,34.774599
באר שבע,סגל צבי,30,,31.271213,34.805416
באר שבע,סימון ארנסט דוד,35,שכונת רמות,31.270168,34.807519
באר שבע,שד רגר יצחק,106,שכונת ד,31.264598,34.798409
באר שבע,שד יעלים,27,,31.247896,34.781745
באר שבע,קשאני אליעזר,3,,31.270523,34.812878
באר שבע,?,114,שכונת ד,31.265425,34.798341
באר שבע,אנקור,31,,31.231732,34.771785
באר שבע,האבות,1,,31.236472,34.790788
באר שבע,פראוור יהושע,14,,31.272291,34.806441
באר שבע,חסמן מרק,53,,31.265173,34.753427
באר שבע,ישעיהו הנביא,4,שכונת עיר עתיקה,31.238239,34.783595
באר שבע,עפרוני,69,,31.230795,34.768495
באר שבע,פלדברג שמואל,36,,31.274700,34.825924
באר שבע,רחל אמנו,72,שכונת נווה מנחם,31.271091,34.762294
באר שבע,קרן קיימת לישראל,159,שכונת עיר עתיקה,31.239394,34.789336
באר שבע,חכים אליהו,44,,31.273090,34.814896
באר שבע,החלוץ,112,שכונת עיר עתיקה,31.241046,34.791523
באר שבע,"רמב""ם",24,שכונת עיר עתיקה,31.243987,34.791181
באר שבע,אלרואי דוד,3,שכונת נווה מנחם,31.264387,34.764176
באר שבע,קלצ'קין רפאל,88,שכונת נווה מנחם,31.268971,34.768340
באר שבע,העצמאות,36,שכונת עיר עתיקה,31.239490,34.791170
באר שבע,יוחנן הורקנוס,37,שכונת ד,31.266087,34.795354
באר שבע,נטר,16,שכונת רמות,31.272379,34.826206
באר שבע,שדה יצחק,12,,31.241712,34.782637
באר שבע,אורן,3,שכונת נווה נוי,31.231228,34.784266
באר שבע,ההסתדרות,4,שכונת עיר עתיקה,31.237267,34.786871
באר שבע,זמיר ישעיהו,25,,31.274133,34.818870
באר שבע,חובב משה,50,,31.222350,34.776286
באר שבע,ליפמן גבריאל,21,,31.274519,34.800817
באר שבע,וירשובסקי חיים,2,שכונת רמות,31.269360,34.804901
באר שבע,ינשוף,27,,31.228408,34.765363
באר שבע,נגבה,37,שכונת עיר עתיקה,31.240236,34.784566
באר שבע,בנטוב מרדכי,17,שכונת יא,31.256934,34.765440
באר שבע,גרינשפן הרשל,35,,31.267746,34.757349
באר שבע,שטיין ריכרד,26,,31.265844,34.769799
באר שבע,שיבטה,7,שכונת ט,31.244403,34.769483
באר שבע,גויטיין דוד,7,,31.269309,34.776257
באר שבע,פייגנבאום אריה,12,,31.260834,34.757645
באר שבע,אלדד,82,,31.275566,34.822547
באר שבע,עמיעז,13,,31.223358,34.815883
באר שבע,יאיר,14,,31.240233,34.792372
באר שבע,ישעיהו ישראל,8,שכונת יא,31.256460,34.764030
באר שבע,תקוע יוסף,61,שכונת רמות,31.277077,34.818599
באר שבע,חזני מיכאל,30,שכונת יא,31.261899,34.770955
באר שבע,רבנו תם,47,,31.270665,34.784146
באר שבע,לוזון אפרים,33,שכונת נווה מנחם,31.265258,34.759299
באר שבע,די זהב אפרים,13,,31.222330,34.776373
באר שבע,ארלנגר ג'וזף,8,שכונת רמות,31.269287,34.807680
באר שבע,חגלה,11,שכונת ה,31.248710,34.782481
באר שבע,המרד,14,,31.268908,34.816276
באר שבע,אבישי,35,,31.260916,34.779510
באר שבע,גיבור דניס,8,,31.267170,34.770498
באר שבע,עמיר אנדה,26,,31.271565,34.766994
באר שבע,משעול ניצנה,8,שכונת ה,31.248064,34.779464
באר שבע,בנימין מטודלה,3,שכונת ד,31.268330,34.800696
באר שבע,דרור,52,,31.229642,34.768797
באר שבע,התלמוד,84,שכונת ד,31.269732,34.784034
באר שבע,ארבע הגיבורות,5,,31.223626,34.780517
באר שבע,אוריה החיתי,1,שכונת עיר עתיקה,31.236268,34.783862
באר שבע,גרונר דב,33,,31.270808,34.811889
באר שבע,רחבת ימית,6,שכונת ט,31.244152,34.772358
באר שבע,לנדאו חיים,4,שכונת יא,31.256347,34.761592
באר שבע,גויטיין דוד,23,,31.270156,34.775926
באר שבע,בית אשל,37,,31.238474,34.792814
באר שבע,קרן קיימת לישראל,99,,31.238590,34.790365
באר שבע,לוזון אפרים,59,שכונת נווה מנחם,31.266098,34.758101
באר שבע,שריג נחום,9,שכונת רמות הרכס,31.281333,34.804430
באר שבע,אברמסון שרגא,12,שכונת רמות הרכס,31.276887,34.798788
באר שבע,זריצקי יוסף,12,,31.259495,34.760721
באר שבע,גירית,18,שכונת ה,31.249913,34.779200
באר שבע,הר תבור,1,,31.276244,34.810799
באר שבע,רמלה,9,שכונת ט,31.242607,34.765629
באר שבע,רחבת עשהאל,9,שכונת ו,31.262365,34.778530
באר שבע,בית צורי אליהו,19,,31.272902,34.815160
באר שבע,עכו,12,שכונת נאות לון,31.251155,34.768393
באר שבע,בן חיים פאול,28,,31.223075,34.774347
באר שבע,גלעד,22,שכונת ד,31.268680,34.794462
באר שבע,חבס ברכה,4,,31.270202,34.768310
באר שבע,הרב גורן שלמה,37,שכונת נאות לון,31.244693,34.764485
באר שבע,בצלאל,11,שכונת ב,31.252726,34.790229
באר שבע,גרינשפן הרשל,27,שכונת נווה מנחם,31.267989,34.757667
באר שבע,המדע,84,,31.272476,34.807130
באר שבע,האבות,63,שכונת עיר עתיקה,31.240189,34.785890
באר שבע,הרצל,81,שכונת עיר עתיקה,31.242650,34.790576
באר שבע,לסקר פרץ,12,שכונת נווה מנחם,31.266155,34.756877
באר שבע,זמנהוף,20,,31.264816,34.761182
באר שבע,בן יעקב צבי,13,שכונת נחל בקע,31.225857,34.777961
באר שבע,הגאונים,4,שכונת נאות לון,31.250397,34.761762
באר שבע,סתוי משה,8,שכונת נווה זאב,31.240302,34.767261
באר שבע,חוה,20,,31.269143,34.764142
באר שבע,אבידום מנחם,26,שכונת נחל בקע,31.221480,34.774054
באר שבע,הבדיל,33,שכונת עמק שרה,31.223271,34.809660
באר שבע,דידנר מנחם,20,שכונת רמות הרכס,31.280292,34.804402
באר שבע,האיילה,20,שכונת ה,31.250642,34.777170
באר שבע,בן צבי יצחק,1,,31.244534,34.796410
באר שבע,ארן זלמן,53,,31.256733,34.759750
באר שבע,דרור,38,,31.228433,34.768907
באר שבע,פינקל שמעון,58,שכונת נווה מנחם,31.265222,34.754474
באר שבע,פרץ י ל,23,שכונת נווה זאב,31.240525,34.778510
באר שבע,זנגויל ישראל,5,,31.265335,34.761273
באר שבע,מרלא,19,שכונת נווה מנחם,31.267200,34.758449
באר שבע,זרחין אלכסנדר,2,,31.274445,34.805781
באר שבע,משעול עקרון,16,שכונת ט,31.245110,34.775055
באר שבע,נורית,22,שכונת נווה נוי,31.230999,34.778024
באר שבע,הברזל,8,,31.216375,34.809343
באר שבע,מזר בנימין,42,,31.245218,34.759252
באר שבע,האז גיאורג,6,שכונת רמות,31.273853,34.806524
באר שבע,הזוהר,22,שכונת ד,31.271429,34.788351
באר שבע,שד יעלים,66,שכונת ה,31.254071,34.777373
באר שבע,זרובבל,6,שכונת נווה מנחם,31.265184,34.763754
באר שבע,סתונית,21,,31.228147,34.778624
באר שבע,סעדיה גאון,16,שכונת ב,31.257470,34.789229
באר שבע,רייק חביבה,15,שכונת ג,31.257359,34.807860
באר שבע,אלוף יריב אהרון,14,שכונת רמות,31.266761,34.812827
באר שבע,בארון דבורה,21,שכונת ב,31.252768,34.794406
באר שבע,יערי מאיר,78,שכונת יא,31.258869,34.764430
באר שבע,רנה קסן,14,שכונת רמות,31.273329,34.801256
באר שבע,הר עצמון,14,,31.274761,34.812787
באר שבע,"רמב""ן",67,,31.270693,34.783098
באר שבע,וילנסקי משה,19,,31.244221,34.760775
באר שבע,גרינפלד,15,שכונת רמות הרכס,31.282736,34.800413
באר שבע,"הפלמ""ח",111,שכונת עיר עתיקה,31.240791,34.786110
באר שבע,"רחבת לח""י",46,שכונת ו,31.263579,34.776213
באר שבע,משעול גבעון,11,,31.245642,34.775445
באר שבע,בן יוסף שלמה,28,,31.270557,34.814456
באר שבע,ברבור,6,,31.229852,34.769880
באר שבע,משעול מבצע יונתן,6,שכונת ו,31.266150,34.782379
באר שבע,"ד""ר טיכו",53,,31.261438,34.756041
באר שבע,הר בוקר,61,,31.274710,34.808630
באר שבע,איילת השחר,6,שכונת נווה זאב,31.236463,34.764706
באר שבע,חבס ברכה,11,שכונת נווה מנחם,31.270023,34.768467
באר שבע,אירוס הנגב,77,,31.228293,34.790100
באר שבע,הזורע,13,שכונת עמק שרה,31.215009,34.810200
באר שבע,רוט אגון,2,,31.223406,34.780239
באר שבע,רבקה,44,,31.270089,34.762359
באר שבע,?,113,שכונת ד,31.263299,34.797904
באר שבע,הרצל,89,,31.242806,34.790827
באר שבע,שד ירושלים,51,שכונת ט,31.245601,34.776092
באר שבע,קדיש לוז,16,שכונת יא,31.257111,34.764230
באר שבע,סקולסקי שלמה,7,שכונת נווה זאב,31.238626,34.771226
באר שבע,בן יוסף שלמה,26,,31.270557,34.814273
באר שבע,קלאוזנר,16,שכונת ד,31.267678,34.799423
באר שבע,אקצין בנימין,16,,31.270148,34.777859
באר שבע,שד רגר יצחק,103,שכונת ד,31.262429,34.797906
באר שבע,דודאים,27,שכונת נווה נוי,31.230730,34.780614
באר שבע,עבדת,86,שכונת ט,31.244497,34.767312
באר שבע,דותן,5,,31.264929,34.762862
באר שבע,לסקר פרץ,7,,31.266158,34.757323
באר שבע,וירשובסקי חיים,1,שכונת רמות,31.269576,34.805193
באר שבע,רבי טרפון,10,שכונת ד,31.260305,34.793152
באר שבע,דה-בוטון,14,שכונת נאות לון,31.252828,34.760147
באר שבע,סרלין יוסף,38,,31.260356,34.762740
באר שבע,ינשוף,4,,31.230478,34.765807
באר שבע,מקור חיים,4,,31.238343,34.765497
באר שבע,אגוז,38,שכונת נווה מנחם,31.263824,34.760725
באר שבע,האוזנר גדעון,24,שכונת רמות הרכס,31.287305,34.805954
באר שבע,הרב עדני,19,שכונת נאות לון,31.252959,34.763670
באר שבע,משעול חפר,7,שכונת ט,31.245702,34.773153
באר שבע,הר כנען,25,,31.274597,34.811888
באר שבע,קיפניס לוין,13,שכונת נווה זאב,31.238308,34.780360
באר שבע,הרב קפאח,16,שכונת נאות לון,31.252541,34.764049
באר שבע,קויפמן,22,,31.253540,34.773809
באר שבע,מסקין אהרון,37,שכונת נווה מנחם,31.270993,34.766175
באר שבע,ההגנה,36,שכונת עיר עתיקה,31.239685,34.787195
באר שבע,חטיבת הנגב,49,,31.240630,34.785631
באר שבע,המרד,10,,31.268642,34.816485
באר שבע,קלצ'קין רפאל,60,שכונת נווה מנחם,31.268141,34.769530
באר שבע,צבר,29,,31.232366,34.794465
באר שבע,סתונית,4,,31.229750,34.781141
באר שבע,פריד אלפרד,17,שכונת רמות,31.271859,34.802371
באר שבע,המדע,17,,31.270667,34.807039
באר שבע,חטיבת הנגב,44,שכונת עיר עתיקה,31.240140,34.785564
באר שבע,רמלה,2,שכונת ט,31.243446,34.765321
באר שבע,פטנקין דן,24,,31.248035,34.760602
באר שבע,שלשת בני עין חרוד,30,,31.237806,34.791403
באר שבע,?,169,שכונת ד,31.268165,34.797800
באר שבע,שלום עליכם,5,שכונת ב,31.256158,34.794097
באר שבע,אביגד,40,,31.276100,34.802122
באר שבע,ילין דוד,35,שכונת רמות,31.270586,34.806016
באר שבע,אוריה החיתי,2,שכונת עיר עתיקה,31.236404,34.784355
באר שבע,אלקחי מרדכי,7,,31.269861,34.814191
באר שבע,טור סיני נפתלי,7,שכונת רמות,31.270528,34.806604
באר שבע,דרך המשחררים,76,שכונת ה,31.251266,34.785519
באר שבע,שטה,13,שכונת נווה נוי,31.233110,34.791364
באר שבע,פטנקין דן,48,,31.246982,34.758764
באר שבע,זינדר חמדה וצבי,23,שכונת נחל בקע,31.224525,34.775273
באר שבע,דיה,47,,31.231365,34.761673
באר שבע,בן חביב,10,שכונת ו,31.268549,34.779204
באר שבע,רינגלבלום,28,שכונת ד,31.267629,34.800534
באר שבע,חיבת ציון,14,,31.252298,34.810195
באר שבע,סבידור מנחם,19,שכונת יא,31.257345,34.762636
באר שבע,שמאלי אליעזר,13,שכונת נווה זאב,31.238974,34.770740
באר שבע,העצמאות,24,,31.238894,34.791938
באר שבע,הזוהר,13,שכונת ד,31.271300,34.787975
באר שבע,משעול גבעון,21,שכונת ט,31.245137,34.775678
באר שבע,יהודה הנחתום,3,,31.256900,34.814116
באר שבע,ניב דוד,7,שכונת נווה זאב,31.238069,34.769451
באר שבע,יריחו,4,שכונת ט,31.244498,34.778548
באר שבע,בית שאן,9,שכונת נאות לון,31.250281,34.767115
באר שבע,תקוע יוסף,48,שכונת רמות,31.277794,34.821470
באר שבע,קהירי,35,שכונת רמות הרכס,31.283307,34.801808
באר שבע,טולידנו,8,שכונת ו,31.267258,34.779120
באר שבע,רנה קסן,67,,31.275818,34.802223
באר שבע,ביאליק,118,שכונת א,31.246031,34.786675
באר שבע,זמיר ישעיהו,28,,31.274447,34.818589
באר שבע,מזר בנימין,2,שכונת נאות לון,31.244400,34.762430
באר שבע,זבולון,5,שכונת עיר עתיקה,31.237310,34.782455
באר שבע,פטנקין דן,23,,31.247009,34.759120
באר שבע,גויטיין דוד,15,שכונת ו,31.269840,34.775967
באר שבע,אש שלום,20,שכונת נווה זאב,31.238431,34.776534
באר שבע,כהן יעקב,5,שכונת ב,31.253408,34.797173
באר שבע,ארניה אסוולדו,24,שכונת ד,31.265467,34.801573
באר שבע,יפתח הגלעדי,17,,31.241027,34.779849
באר שבע,אבישי,21,,31.261932,34.779168
באר שבע,הצבי,6,שכונת ה,31.248903,34.778423
באר שבע,בנטואיץ יוסף,3,שכונת רמות,31.269522,34.805959
באר שבע,הפלדה,24,שכונת עמק שרה,31.224435,34.811473
באר שבע,תלמה,9,,31.220143,34.774452
באר שבע,סלנט שמואל,13,שכונת ו,31.267255,34.780517
באר שבע,רנה קסן,20,שכונת רמות,31.274149,34.801264
באר שבע,הכט ראובן,39,,31.274791,34.818197
באר שבע,מזר בנימין,4,,31.244209,34.762480
באר שבע,הרב טנא שלמה,24,שכונת נווה זאב,31.234481,34.785345
באר שבע,סמילנסקי,4,,31.236348,34.789298
באר שבע,הגלבוע,3,שכונת ה,31.251821,34.772632
באר שבע,סתוי משה,5,שכונת נווה זאב,31.240770,34.767601
באר שבע,הרב גורן שלמה,59,שכונת נאות לון,31.245408,34.764584
באר שבע,עמיצור שמשון,25,,31.282682,34.798049
באר שבע,אירוס הנגב,110,,31.228853,34.787569
באר שבע,הקנאים,21,שכונת ד,31.268990,34.792817
באר שבע,פיקרד,104,,31.279368,34.801537
באר שבע,נרקיס,22,שכונת רמות הרכס,31.282396,34.804955
באר שבע,גת,17,שכונת נאות לון,31.246572,34.766688
באר שבע,בר ניסן,3,שכונת נווה זאב,31.238655,34.762846
באר שבע,שלמה המלך,38,שכונת ד,31.260179,34.795562
באר שבע,לינדנר יוחנן,11,,31.274316,34.801727
באר שבע,אפשטיין ישראל,22,,31.276172,34.816234
באר שבע,בן יוסף שלמה,14,,31.270875,34.812710
באר שבע,שטה,15,שכונת נווה נוי,31.233017,34.791333
באר שבע,חשין,19,,31.269566,34.774708
באר שבע,הרצל,52,,31.241002,34.789476
באר שבע,קרן היסוד,15,שכונת מרכז אזרחי,31.245455,34.800353
באר שבע,סבידור מנחם,23,שכונת יא,31.257327,34.762848
באר שבע,יפה אברהם,49,שכונת רמות הרכס,31.285280,34.806994
באר שבע,רחבת יעל,16,,31.262108,34.774678
באר שבע,שיפר יצחק,31,שכונת ד,31.271489,34.799503
באר שבע,דרך שמשון,22,שכונת ב,31.256540,34.779501
באר שבע,גויטיין דוד,16,,31.269890,34.776334
באר שבע,מסקין אהרון,49,שכונת נווה מנחם,31.271925,34.764924
באר שבע,שריג נחום,58,שכונת רמות הרכס,31.286485,34.806614
באר שבע,טרומפלדור,41,שכונת עיר עתיקה,31.238447,34.790710
באר שבע,אהרונסון,43,,31.267087,34.760028
באר שבע,פיקרד,29,שכונת רמות הרכס,31.278703,34.800807
באר שבע,אברבנאל,18,שכונת יא,31.254743,34.769684
באר שבע,שאול המלך,97,שכונת ו,31.261769,34.775924
באר שבע,"הפלמ""ח",37,שכונת עיר עתיקה,31.240120,34.787174
באר שבע,דרך המשחררים,30,,31.251976,34.791890
באר שבע,דוד הראובני,54,,31.263934,34.761839
באר שבע,ברוידס אברהם,29,,31.265554,34.755605
באר שבע,הכנסת,30,שכונת ד,31.270861,34.793924
באר שבע,"משעול בית""ר",2,שכונת ד,31.259137,34.790572
באר שבע,?,84,שכונת ד,31.259273,34.789010
באר שבע,אבן-שושן אברהם,70,שכונת נאות לון,31.247312,34.757826
באר שבע,שרת משה,40,שכונת יא,31.258734,34.768829
באר שבע,חוה,27,,31.269712,34.764482
באר שבע,ההסתדרות,28,,31.238374,34.787889
באר שבע,מודעי יצחק,23,שכונת רמות,31.265953,34.808498
באר שבע,ארגוב אלכסנדר,21,,31.247639,34.757184
באר שבע,הדסה,92,שכונת עיר עתיקה,31.242078,34.788715
באר שבע,טרומפלדור,88,,31.240733,34.793204
באר שבע,ארץ חמדה,15,,31.234718,34.763600
באר שבע,המכבים,9,שכונת עיר עתיקה,31.242750,34.781165
באר שבע,ארבע הגיבורות,4,שכונת נחל בקע,31.223597,34.780846
באר שבע,משעול מצפה,3,שכונת ט,31.246194,34.778533
באר שבע,קדושי יאסי,8,שכונת נווה מנחם,31.266150,34.760666
באר שבע,פרומקין גד,18,,31.270694,34.778758
באר שבע,יוספטל גיורא,30,שכונת ד,31.272502,34.796483
באר שבע,פינקל שמעון,5,שכונת נווה מנחם,31.263371,34.758948
באר שבע,שד יעלים,112,שכונת ה,31.257011,34.774806
באר שבע,חכים אליהו,16,,31.271572,34.813471
באר שבע,"הפלמ""ח",53,,31.238457,34.789257
באר שבע,עולי הגרדום,1,,31.252187,34.804015
באר שבע,ממשית,19,שכונת ט,31.243836,34.768342
באר שבע,שפרה,21,,31.270741,34.762919
באר שבע,מזר בנימין,53,,31.244192,34.759651
באר שבע,ישעיהו ישראל,31,שכונת יא,31.256910,34.764948
באר שבע,אדמון ידידיה,71,,31.221128,34.771119
באר שבע,אלכסנדר ינאי,10,שכונת ד,31.263705,34.796794
באר שבע,ארץ חמדה,4,,31.235337,34.764451
באר שבע,גרשם שלום,3,שכונת רמות,31.270357,34.804229
באר שבע,פרופ' שיבא,22,,31.259939,34.758227
באר שבע,סתוי משה,10,שכונת נווה זאב,31.240475,34.767754
באר שבע,גומא,8,שכונת נווה נוי,31.231278,34.785877
באר שבע,"החיד""א",81,שכונת יא,31.253432,34.766863
באר שבע,גולדמן נחום,1,שכונת רמות הרכס,31.277835,34.803158
באר שבע,שד רגר יצחק,129,שכונת ד,31.264185,34.797923
באר שבע,עפרים,13,שכונת ה,31.249903,34.777847
באר שבע,החלוץ,44,,31.237864,34.788472
באר שבע,וילנסקי משה,53,,31.246459,34.759956
באר שבע,הדסה,41,,31.240149,34.790944
באר שבע,המלכים,11,,31.263995,34.758931
באר שבע,חסמן מרק,49,,31.265109,34.753259
באר שבע,אבן-שושן אברהם,34,,31.243736,34.759729
באר שבע,אולשן יצחק,12,שכונת ו,31.268849,34.774810
באר שבע,אלתרמן,12,,31.253153,34.774495
באר שבע,חובב משה,20,,31.220687,34.774614
באר שבע,שופמן גרשון,15,שכונת נווה זאב,31.238183,34.773774
באר שבע,סמילנסקי,11,שכונת עיר עתיקה,31.236681,34.788397
באר שבע,דרך המשחררים,46,שכונת ב,31.252086,34.789575
באר שבע,"רמב""ם",66,שכונת עיר עתיקה,31.244677,34.785880
באר שבע,רחבת הרב עוזיאל,15,שכונת יא,31.255508,34.771824
באר שבע,טביוב,5,,31.267539,34.757966
באר שבע,אבן-שושן אברהם,60,שכונת נאות לון,31.246903,34.757810
באר שבע,ירקוני עמוס,21,שכונת ו,31.266745,34.773465
באר שבע,סנהדרין,125,שכונת ד,31.268457,34.786774
באר שבע,בורלא יהודה,57,שכונת ה,31.251965,34.774590
באר שבע,שטרן יוסף,5,,31.279984,34.800496
באר שבע,גיבור דניס,10,,31.267233,34.770421
באר שבע,שד יעלים,65,שכונת ה,31.249107,34.780045
באר שבע,פקועה,25,,31.230822,34.794141
באר שבע,אסתר המלכה,7,שכונת נווה מנחם,31.267892,34.764092
באר שבע,ויתקון אלפרד,10,שכונת ו,31.271013,34.778249
באר שבע,פרטוש עדן,12,,31.220251,34.772911
באר שבע,צבי-רן שלמה,38,,31.273861,34.817548
באר שבע,שמואל הנביא,4,שכונת עיר עתיקה,31.236452,34.786195
באר שבע,מודעי יצחק,19,שכונת רמות,31.265858,34.808982
באר שבע,משעול ניצנה,6,שכונת ה,31.248198,34.779612
באר שבע,הקנאים,9,שכונת ד,31.269369,34.793341
באר שבע,יערי מאיר,52,,31.257749,34.764228
באר שבע,סגל צבי,2,שכונת רמות,31.270630,34.804019
באר שבע,ארגוב אלכסנדר,36,,31.247753,34.756923
באר שבע,השומר,9,,31.246486,34.793784
באר שבע,אסר טוביאס,1,שכונת רמות,31.272014,34.801242
באר שבע,חסמן מרק,57,,31.265131,34.753572
באר שבע,ילין דוד,6,שכונת רמות,31.269220,34.805727
באר שבע,"רמב""ם",28,שכונת עיר עתיקה,31.243985,34.789824
באר שבע,רייק חביבה,21,שכונת ג,31.257699,34.807955
באר שבע,הכשרת הישוב,20,,31.223138,34.812619
באר שבע,דרך מצדה,94,שכונת ד,31.259240,34.788596
באר שבע,משעול הערבה,27,שכונת ה,31.248392,34.780534
באר שבע,פורת לאה,1,,31.222286,34.777238
באר שבע,דן,9,שכונת עיר עתיקה,31.238736,34.780839
באר שבע,רחבת יעל,21,,31.261796,34.774521
באר שבע,טרומפלדור,89,,31.239860,34.792048
באר שבע,טרומפלדור,45,שכונת עיר עתיקה,31.238399,34.790711
באר שבע,יוסי הבורסקאי,14,,31.245806,34.810419
באר שבע,רימלט אלימלך,5,,31.261499,34.765741
באר שבע,רודנסקי שמואל,83,שכונת נווה מנחם,31.271226,34.768668
באר שבע,בית שאן,110,שכונת נאות לון,31.248074,34.767298
באר שבע,הגדודים,2,שכונת עיר עתיקה,31.237009,34.783038
באר שבע,יוכבד בת מרים,1,שכונת נווה מנחם,31.269204,34.770561
באר שבע,צבעוני,2,שכונת נווה נוי,31.232742,34.779504
באר שבע,וינגייט,20,שכונת ג,31.256669,34.808424
באר שבע,המר זבולון,13,שכונת רמות,31.267260,34.811647
באר שבע,פיקרד,88,,31.279879,34.801582
באר שבע,פסמון,20,שכונת ה,31.249749,34.778764
באר שבע,האז גיאורג,9,,31.273856,34.806033
באר שבע,משעול חפר,1,שכונת ט,31.245580,34.773296
באר שבע,פרץ י ל,39,שכונת נווה זאב,31.241284,34.778205
באר שבע,רמלה,29,שכונת ט,31.242163,34.765924
באר שבע,סמבורסקי שמואל,7,שכונת רמות,31.271984,34.803468
באר שבע,נגבה,62,,31.242501,34.781291
באר שבע,דרור,56,,31.229935,34.768732
באר שבע,"רחבת לח""י",26,שכונת ו,31.264137,34.775603
באר שבע,הדסה,8,,31.238973,34.793006
באר שבע,חוחית,29,,31.226876,34.762655
באר שבע,חזן יעקב,4,,31.275594,34.820778
באר שבע,סמבורסקי שמואל,16,,31.271944,34.804098
באר שבע,פרץ י ל,8,שכונת נווה זאב,31.240519,34.779057
באר שבע,ילין דוד,8,שכונת רמות,31.269578,34.805872
באר שבע,ברזני משה,12,,31.268903,34.814909
באר שבע,רחבת ימית,19,שכונת ט,31.244320,34.772018
באר שבע,רנה קסן,61,שכונת רמות,31.275590,34.802077
באר שבע,קרן קיימת לישראל,26,,31.237911,34.791988
באר שבע,ביאליק,110,שכונת א,31.246682,34.787279
באר שבע,אבשלום,53,,31.267088,34.767022
באר שבע,העליה,36,,31.254553,34.781469
באר שבע,רימון,51,שכונת רמות הרכס,31.286523,34.799815
באר שבע,רינגלבלום,110,שכונת ד,31.269569,34.799906
באר שבע,דרך מצדה,109,שכונת ב,31.258576,34.778874
באר שבע,רובינא חנה,34,שכונת נווה מנחם,31.269888,34.768770
באר שבע,אדמון ידידיה,1,,31.219109,34.773914
באר שבע,הרב הרצוג,18,,31.261186,34.768003
באר שבע,אמיר אברהם,33,,31.277268,34.824352
באר שבע,הכט ראובן,36,,31.275090,34.817837
באר שבע,בן-חור אליהו,1,שכונת ו,31.264500,34.774241
באר שבע,הדסה,34,,31.239967,34.791675
באר שבע,רחבת אמציה,17,שכונת ו,31.264985,34.784471
באר שבע,תמר,10,,31.230051,34.788280
באר שבע,רחבת אלכסנדרוני,7,שכונת ו,31.265282,34.778177
באר שבע,גירית,10,שכונת ה,31.249740,34.779329
באר שבע,רופין ארתור,9,,31.264251,34.768446
באר שבע,חכים אליהו,4,,31.272067,34.814723
באר שבע,מבצע חורב,28,,31.261706,34.785241
באר שבע,וילנסקי משה,7,,31.244348,34.762080
באר שבע,גרינפלד,17,שכונת רמות הרכס,31.282616,34.800622
באר שבע,רבי עקיבא,46,שכונת ד,31.259325,34.791389
באר שבע,רחבת המרי העברי,2,שכונת ה,31.255746,34.778506
באר שבע,די זהב אפרים,24,,31.223312,34.775437
באר שבע,טוב משה,13,,31.266127,34.759306
באר שבע,אבן-שושן אברהם,68,שכונת נאות לון,31.247305,34.757748
באר שבע,רובינא חנה,47,שכונת נווה מנחם,31.269220,34.768233
באר שבע,החלוץ,108,,31.240811,34.791233
באר שבע,הגנן,19,,31.217887,34.809952
באר שבע,חכים אליהו,49,,31.272924,34.813714
באר שבע,רותם,33,,31.229564,34.794441
באר שבע,יהוא,8,,31.262593,34.781991
באר שבע,זריצקי יוסף,50,,31.260890,34.762109
באר שבע,יפה לייב,23,שכונת מרכז אזרחי,31.245966,34.800865
באר שבע,אורות ישראל,7,שכונת נווה זאב,31.236336,34.764249
באר שבע,ארגוב אלכסנדר,16,,31.248425,34.758179
באר שבע,אדמון ידידיה,34,,31.221248,34.771580
באר שבע,ברבור,16,,31.229032,34.769940
באר שבע,אדמון ידידיה,51,,31.220516,34.771938
באר שבע,רובינא חנה,1,שכונת נווה מנחם,31.270920,34.771976
באר שבע,קדיש לוז,22,שכונת יא,31.257106,34.764511
באר שבע,טור סיני נפתלי,15,שכונת רמות,31.270399,34.806906
באר שבע,בית צורי אליהו,22,,31.272296,34.814595
באר שבע,קיפוד,10,שכונת ה,31.249951,34.777496
באר שבע,יאיר,45,שכונת עיר עתיקה,31.241178,34.790769
באר שבע,קדושי בגדד,3,,31.252947,34.781838
באר שבע,ילין-מור,5,,31.274506,34.823106
באר שבע,מבצע חירם,32,,31.260975,34.782193
באר שבע,סיגלון,16,שכונת נווה נוי,31.231309,34.783531
באר שבע,איילת השחר,46,שכונת נווה זאב,31.237232,34.764466
באר שבע,סנש חנה,16,שכונת ג,31.257773,34.809994
באר שבע,דנציגר יצחק,4,שכונת נאות לון,31.244969,34.762436
באר שבע,אלישר,19,,31.272970,34.818919
באר שבע,זמנהוף,16,,31.264960,34.761310
באר שבע,יוכבד בת מרים,3,שכונת נווה מנחם,31.269206,34.770467
באר שבע,שנונית,16,שכונת ה,31.250971,34.778418
באר שבע,החלוץ,91,,31.240397,34.790557
באר שבע,אלפסי,6,שכונת יא,31.257687,34.773699
באר שבע,סנהדרין,132,שכונת ד,31.269898,34.788422
באר שבע,חגלה,25,שכונת ה,31.249550,34.782597
באר שבע,שד ירושלים,20,שכונת ט,31.246012,34.778377
באר שבע,צביה ויצחק,23,,31.224066,34.779054
באר שבע,אסתר המלכה,21,,31.267479,34.763543
באר שבע,קהירי,2,שכונת רמות הרכס,31.285118,34.801238
באר שבע,ילין דוד,45,,31.271126,34.806114
באר שבע,אפשטיין ישראל,13,שכונת רמות,31.275945,34.816436
באר שבע,זילברג משה,7,,31.269086,34.775685
באר שבע,קלאוזנר,18,שכונת ד,31.267685,34.799227
באר שבע,רחבת ימית,13,שכונת ט,31.244069,34.772069
באר שבע,הגדודים,5,,31.236614,34.782318
באר שבע,הנוקם,8,,31.241913,34.783259
באר שבע,לוריא צבי,4,שכונת רמות,31.267364,34.811160
באר שבע,שוחט ישראל,15,שכונת נווה זאב,31.234000,34.767766
באר שבע,עכו,14,שכונת נאות לון,31.251117,34.768555
באר שבע,דיה,9,,31.231591,34.763411
באר שבע,גרונר דב,16,,31.269853,34.813013
באר שבע,סרנה יחזקאל,3,,31.266715,34.779083
באר שבע,טביוב,7,,31.267446,34.757883
באר שבע,אחאב,12,,31.262843,34.784101
באר שבע,שמואל הנביא,5,שכונת עיר עתיקה,31.236577,34.786378
באר שבע,זהרי מיכאל,2,,31.273447,34.802297
באר שבע,עמוס,11,שכונת עיר עתיקה,31.237101,34.784527
באר שבע,"ד""ר טיכו",17,,31.261207,34.757868
באר שבע,יוסף בן מתתיהו,8,שכונת ד,31.265720,34.798796
באר שבע,סדן דב,13,שכונת רמות,31.268854,34.806180
באר שבע,בקי רוברטו,13,שכונת רמות הרכס,31.278337,34.797870
באר שבע,שרירא גאון,9,שכונת נאות לון,31.250395,34.760798
באר שבע,אלרואי דוד,23,,31.263643,34.763597
באר שבע,האז גיאורג,2,שכונת רמות,31.273723,34.806635
באר שבע,המלכים,4,שכונת נווה מנחם,31.263750,34.760446
באר שבע,ארן זלמן,30,,31.256591,34.760533
באר שבע,השופט אלקיים,16,שכונת נאות לון,31.242912,34.763862
באר שבע,ברוור אברהם,87,שכונת רמות,31.275273,34.807112
באר שבע,חרצית,13,,31.233026,34.788233
באר שבע,יערה,3,שכונת נווה נוי,31.230947,34.786125
באר שבע,שורק,28,שכונת עמק שרה,31.220876,34.815604
באר שבע,משעול גבעון,25,שכונת ט,31.244982,34.775645
באר שבע,יוסף בן מתתיהו,19,שכונת ד,31.265617,34.799559
באר שבע,חן ארנסט,12,,31.271064,34.808152
באר שבע,מבצע נחשון,10,שכונת ו,31.259298,34.782263
באר שבע,תקוע יוסף,115,,31.277689,34.820007
באר שבע,סלנט שמואל,2,שכונת ו,31.267913,34.780711
באר שבע,טור סיני נפתלי,4,שכונת רמות,31.270253,34.806292
באר שבע,לסקר פרץ,11,שכונת נווה מנחם,31.265971,34.757248
באר שבע,"רחבת השל""ה",15,שכונת יא,31.256810,34.770296
באר שבע,"הפלמ""ח",30,שכונת עיר עתיקה,31.238420,34.790028
באר שבע,יוכבד בת מרים,11,שכונת נווה מנחם,31.268974,34.770129
באר שבע,ברוידס אברהם,19,,31.265739,34.756207
באר שבע,זריצקי יוסף,6,,31.259661,34.760380
באר שבע,המדע,38,שכונת רמות,31.270248,34.807449
באר שבע,גרינשפן הרשל,50,,31.267907,34.756823
באר שבע,החלוץ,37,,31.238129,34.788374
באר שבע,"רש""י",32,שכונת ד,31.268009,34.787425
באר שבע,סמילן רות,49,,31.223587,34.773715
באר שבע,האוזנר גדעון,35,,31.287967,34.805231
באר שבע,דיה,28,,31.231072,34.761736
באר שבע,רקח יואל,1,שכונת רמות,31.272787,34.806902
באר שבע,סוקולוב,33,שכונת א,31.245149,34.790700
באר שבע,אוליצקי אריה,30,שכונת נווה מנחם,31.258285,34.758977
באר שבע,מבצע לוט,19,,31.261453,34.785806
באר שבע,אירוס הנגב,45,,31.228561,34.793214
באר שבע,רחבת הרב קוק,16,שכונת יא,31.258051,34.770521
באר שבע,גולומב,55,,31.257216,34.803998
באר שבע,דנציגר יצחק,40,,31.244964,34.760687
באר שבע,מויאל אליהו,2,,31.263335,34.769797
באר שבע,פיקרד,20,שכונת רמות הרכס,31.277857,34.800505
באר שבע,גולדברג לאה,2,שכונת ב,31.252993,34.793405
באר שבע,החלוץ,86,,31.239517,34.790032
באר שבע,פיינברג אבשלום,26,,31.266028,34.759508
באר שבע,רוטנשטרייך,27,,31.281614,34.797077
באר שבע,בית שאן,15,שכונת נאות לון,31.250233,34.767650
באר שבע,מקלף מרדכי,58,שכונת ו,31.268397,34.775337
באר שבע,דרך מצדה,125,שכונת ב,31.258714,34.777466
באר שבע,המדע,64,,31.271492,34.807699
באר שבע,אבן-שושן אברהם,52,,31.245644,34.758531
באר שבע,גולדשטיין פרץ,16,שכונת נחל בקע,31.226504,34.780011
באר שבע,ארץ חמדה,18,,31.234763,34.763102
באר שבע,עגנון,17,שכונת ה,31.251427,34.777507
באר שבע,המר זבולון,26,שכונת רמות,31.267151,34.812124
באר שבע,סגל צבי,11,שכונת רמות,31.271021,34.804269
באר שבע,קויפמן,16,שכונת ה,31.253328,34.773585
באר שבע,תפוז,2,,31.220679,34.823396
באר שבע,צביה ויצחק,50,שכונת נחל בקע,31.224136,34.780741
באר שבע,הוגו שמואל,20,,31.272499,34.804417
באר שבע,אלדד,32,,31.273617,34.823065
באר שבע,קרן קיימת לישראל,103,,31.238623,34.790328
באר שבע,העצמאות,54,,31.240576,34.789451
באר שבע,טרומפלדור,61,,31.238913,34.791192
באר שבע,דיה,44,שכונת פלח שבע,31.232129,34.762832
באר שבע,חומה ומגדל,1,,31.253679,34.802195
באר שבע,"רחבת חי""ל",3,שכונת ו,31.261712,34.776779
באר שבע,"זק""ש נלי",10,שכונת רמות,31.271305,34.807149
באר שבע,ורטהיימר חיים,4,,31.271061,34.808254
באר שבע,רחבת ימית,29,שכונת ט,31.244640,34.771861
באר שבע,המדע,66,,31.271578,34.807706
באר שבע,דוד הראובני,27,,31.262491,34.763043
באר שבע,"רחבת לח""י",50,שכונת ו,31.263692,34.776528
באר שבע,משעול חפר,14,שכונת ט,31.245940,34.773176
באר שבע,מזר בנימין,77,שכונת נאות לון,31.246236,34.759019
באר שבע,אלרואי דוד,1,,31.264456,34.764347
באר שבע,ברוור אברהם,19,,31.272917,34.809016
באר שבע,הכט ראובן,16,,31.275136,34.819897
באר שבע,ורבורג,8,,31.248389,34.786146
באר שבע,צבעוני,38,שכונת נווה נוי,31.229116,34.779153
באר שבע,סמילנסקי,27,שכונת עיר עתיקה,31.237298,34.787348
באר שבע,אלמוג,2,שכונת נווה נוי,31.230562,34.785930
באר שבע,חוחית,89,שכונת פלח שבע,31.228890,34.764989
באר שבע,סלנט שמואל,14,שכונת ו,31.267407,34.780280
באר שבע,כיכר הגנים,18,,31.230728,34.790009
באר שבע,תמר,25,,31.229660,34.789564
באר שבע,חובב משה,23,שכונת נחל בקע,31.221267,34.774720
באר שבע,גרינשפן הרשל,48,,31.267833,34.756878
באר שבע,לוזון אפרים,30,,31.265413,34.759675
באר שבע,יוסף בן מתתיהו,5,שכונת ד,31.265984,34.799696
באר שבע,וייס יעקב,9,,31.270067,34.814182
באר שבע,פלוסר דוד,17,שכונת נאות לון,31.246024,34.761502
באר שבע,סמילנסקי,8,,31.236587,34.788845
באר שבע,סטרומה,14,,31.253964,34.779056
באר שבע,ברוידס אברהם,35,,31.265661,34.755298
באר שבע,אלדד,4,,31.274200,34.822481
באר שבע,קלאוזנר,14,שכונת ד,31.267690,34.799553
באר שבע,"המהר""ל",10,שכונת ו,31.267240,34.781796
באר שבע,צוקית,6,,31.232426,34.763322
באר שבע,"רש""י",14,שכונת ד,31.268257,34.787211
באר שבע,שד יעלים,29,שכונת ה,31.247925,34.781577
באר שבע,"ד""ר טיכו",52,,31.262034,34.756761
באר שבע,קובנר אבא,18,שכונת נחל בקע,31.225062,34.779680
באר שבע,טדסקי גד,9,,31.278828,34.797602
באר שבע,צונדק ברנרד והרמן,23,שכונת רמות,31.270629,34.809050
באר שבע,רותם,16,שכונת נווה נוי,31.230216,34.795584
באר שבע,המלכים,9,,31.263939,34.759110
באר שבע,מבצע אסף,8,שכונת נווה זאב,31.236099,34.779695
באר שבע,גרונר דב,19,,31.269847,34.812572
באר שבע,נגבה,43,שכונת עיר עתיקה,31.240533,34.784013
באר שבע,נמיר מרדכי,1,שכונת יא,31.258606,34.767889
באר שבע,וינגייט,54,,31.256012,34.803609
באר שבע,פריץ אלברט,11,,31.266548,34.770783
באר שבע,זמיר ישעיהו,33,,31.274140,34.818258
באר שבע,זמיר ישעיהו,63,,31.273583,34.816981
באר שבע,רותם,18,,31.230155,34.795349
באר שבע,הדסה,16,,31.239117,34.792798
באר שבע,צפורה,8,,31.268336,34.763788
באר שבע,רחבת יבנה,16,שכונת ט,31.245726,34.772856
באר שבע,בן דוד יוסף,28,שכונת רמות,31.273232,34.802082
באר שבע,רחבת מבצע ארז,18,שכונת ו,31.265768,34.781150
באר שבע,יערה,38,שכונת נווה נוי,31.232601,34.786910
באר שבע,ארן זלמן,31,שכונת יא,31.255311,34.760711
באר שבע,זנגויל ישראל,16,שכונת נווה מנחם,31.264623,34.760148
באר שבע,חזן יעקב,14,,31.275682,34.819982
באר שבע,אולשן יצחק,24,,31.269506,34.774437
באר שבע,אורלנד יעקב,7,שכונת נאות לון,31.248077,34.756722
באר שבע,אנילביץ,20,,31.237813,34.788415
באר שבע,שמעון בר גיורא,37,שכונת ד,31.260406,34.791710
באר שבע,שד יעלים,57,שכונת ה,31.248876,34.780459
באר שבע,סגל צבי,37,,31.271563,34.805525
באר שבע,פלוסר דוד,37,,31.245619,34.760419
באר שבע,דיה,22,,31.230808,34.761957
באר שבע,די זהב אפרים,8,,31.222308,34.776848
באר שבע,לוזון אפרים,32,,31.265465,34.759507
באר שבע,אבידום מנחם,36,שכונת נחל בקע,31.221829,34.773601
באר שבע,ביאליק,79,שכונת א,31.249804,34.790423
באר שבע,טרומפלדור,107,,31.240540,34.792537
באר שבע,דרבן,3,שכונת ה,31.250089,34.777003
באר שבע,מזר בנימין,69,,31.245615,34.758836
באר שבע,שדה יצחק,2,,31.241071,34.782044
באר שבע,בעלי התוספות,11,,31.271002,34.787055
באר שבע,יהודי סוריה,14,שכונת ה,31.257168,34.774852
באר שבע,מזר בנימין,13,,31.244423,34.762722
באר שבע,"רחבת חי""ל",4,שכונת ו,31.260980,34.776452
באר שבע,סמבורסקי שמואל,13,,31.272066,34.803769
באר שבע,רונאל דב,27,שכונת נווה זאב,31.240224,34.772118
באר שבע,שלמה המלך,61,שכונת ד,31.259843,34.795164
באר שבע,המכתשים,36,שכונת ד,31.269330,34.795496
באר שבע,רנה קסן,34,,31.274553,34.801667
באר שבע,אברבנאל,28,,31.255032,34.768079
באר שבע,זריצקי יוסף,35,,31.261169,34.762007
באר שבע,אבידום מנחם,51,שכונת נחל בקע,31.222385,34.772464
באר שבע,שד בן גוריון,16,שכונת ד,31.259900,34.809440
באר שבע,"הפלמ""ח",99,שכונת עיר עתיקה,31.240276,34.786987
באר שבע,זמיר ישעיהו,49,,31.274096,34.817350
באר שבע,רנה קסן,36,שכונת רמות,31.274672,34.801737
באר שבע,הגדודים,8,שכונת עיר עתיקה,31.236900,34.782291
באר שבע,זריצקי יוסף,16,,31.259650,34.760870
באר שבע,שופט אברהם,146,,31.270050,34.811122
באר שבע,חזמה יעקב,27,,31.222149,34.774719
באר שבע,"רש""י",21,שכונת ד,31.269170,34.789411
באר שבע,לברי מרק,13,שכונת נחל בקע,31.221077,34.775107
באר שבע,משעול פנקס דוד,26,שכונת יא,31.254957,34.763185
באר שבע,בורלא יהודה,27,שכונת ה,31.251273,34.775524
באר שבע,פריד אלפרד,9,שכונת רמות,31.271671,34.801893
באר שבע,לסקר פרץ,22,שכונת נווה מנחם,31.265739,34.756564
באר שבע,ילין דוד,31,שכונת רמות,31.270437,34.805931
באר שבע,זמיר ישעיהו,8,,31.274459,34.819661
באר שבע,ארץ חמדה,32,,31.234288,34.764180
באר שבע,העליה,3,שכונת ה,31.250140,34.781273
באר שבע,סמבורסקי שמואל,17,שכונת רמות,31.272163,34.803940
באר שבע,סדנא,9,שכונת אזור תעשיה,31.250459,34.821504
באר שבע,מבצע חירם,31,,31.260625,34.782623
באר שבע,סבידור מנחם,15,שכונת יא,31.257330,34.762477
באר שבע,חטיבת הנגב,52,,31.240669,34.785902
באר שבע,רחבת מבצע קדם,14,שכונת ו,31.266080,34.783000
באר שבע,סרלין יוסף,5,,31.259953,34.763127
באר שבע,נגבה,67,שכונת עיר עתיקה,31.241896,34.781625
באר שבע,קרוק גלעד דורותיה,5,שכונת רמות,31.270019,34.806278
באר שבע,דנציגר יצחק,26,,31.245285,34.761443
באר שבע,שד רגר יצחק,110,שכונת ד,31.265001,34.798339
באר שבע,הר תבור,11,,31.277099,34.810647
באר שבע,קיפניס לוין,4,שכונת נווה זאב,31.237857,34.780019
באר שבע,וילנסקי משה,3,שכונת נאות לון,31.244510,34.762333
באר שבע,סלנט שמואל,9,שכונת ו,31.267432,34.780665
באר שבע,רמלה,14,שכונת ט,31.242819,34.765304
באר שבע,המרד,2,,31.268110,34.816915
באר שבע,יוכבד בת מרים,23,,31.268648,34.769653
באר שבע,הר רמון,66,,31.276560,34.808236
באר שבע,חבצלת הנגב,75,שכונת נווה נוי,31.232158,34.787557
באר שבע,הר בוקר,45,,31.274428,34.809341
באר שבע,קלצ'קין רפאל,42,שכונת נווה מנחם,31.268702,34.770320
באר שבע,גינצבורג דוד,7,שכונת רמות,31.274129,34.806687
באר שבע,חטיבת הנגב,50,,31.240529,34.785770
באר שבע,אלוף יריב אהרון,4,שכונת רמות,31.266167,34.811701
באר שבע,רנה קסן,41,,31.274857,34.801357
באר שבע,דרזנר יחיאל,12,שכונת רמות,31.267713,34.814723
באר שבע,חכים אליהו,18,,31.271658,34.813294
באר שבע,רב האי גאון,3,שכונת נאות לון,31.249901,34.761660
באר שבע,דרזנר יחיאל,16,שכונת רמות,31.267970,34.814529
באר שבע,מבצע דני,62,,31.259831,34.781983
באר שבע,מבצע דני,44,,31.261031,34.781546
באר שבע,מבצע חורב,50,,31.261897,34.787219
באר שבע,יפה אברהם,24,,31.284898,34.808072
באר שבע,אבישי,44,,31.260612,34.778166
באר שבע,הגאונים,12,שכונת נאות לון,31.251534,34.761701
באר שבע,נגבה,11,,31.239098,34.786229
באר שבע,דרך מצדה,128,שכונת ו,31.259334,34.786311
באר שבע,צביה ויצחק,42,שכונת נחל בקע,31.223962,34.779771
באר שבע,יוחנן הורקנוס,61,שכונת ד,31.266947,34.795771
באר שבע,הצנחנים,23,,31.225756,34.780903
באר שבע,פסמון,42,,31.250275,34.778137
באר שבע,מורדי הגטאות,104,,31.240381,34.791824
באר שבע,דרך מצדה,74,שכונת ד,31.259083,34.789196
באר שבע,שד בן גוריון,1,שכונת ד,31.261394,34.799669
באר שבע,בנימין מטודלה,17,שכונת ד,31.268617,34.800993
באר שבע,חבצלת הנגב,59,,31.233480,34.788149
באר שבע,רותם,55,,31.229053,34.792676
באר שבע,שטיין ריכרד,57,,31.266086,34.769268
באר שבע,משעול חפר,22,שכונת ט,31.246206,34.772529
באר שבע,גרוסמן מאיר,4,שכונת נווה זאב,31.234790,34.767420
באר שבע,שד ירושלים,75,שכונת ט,31.245797,34.773613
באר שבע,"זק""ש נלי",3,,31.271329,34.806468
באר שבע,קראוס גרטרוד,4,,31.249089,34.756534
באר שבע,"המהר""ל",7,שכונת ו,31.266955,34.781797
באר שבע,הרתך,3,,31.224569,34.815975
באר שבע,זרובבל,23,שכונת נווה מנחם,31.265036,34.763076
באר שבע,סבידור מנחם,5,שכונת יא,31.257270,34.762103
באר שבע,וינגייט,24,שכונת ג,31.256476,34.807812
באר שבע,רנה קסן,17,,31.273616,34.800757
באר שבע,הרב אסף שמחה,49,שכונת ד,31.265305,34.802961
באר שבע,הר מירון,9,,31.276739,34.809978
באר שבע,מבצע חורב,1,שכונת ו,31.259701,34.784197
באר שבע,איילת השחר,40,שכונת נווה זאב,31.237281,34.764744
באר שבע,שטיין ריכרד,2,,31.266553,34.771257
באר שבע,יוסי הבורסקאי,10,,31.245481,34.809915
באר שבע,פינקל שמעון,36,,31.264754,34.755777
באר שבע,"ד""ר טיכו",7,,31.260685,34.757905
באר שבע,רודנסקי שמואל,79,שכונת נווה מנחם,31.271291,34.768872
באר שבע,יוכבד בת מרים,35,,31.268551,34.768938
באר שבע,זינדר חמדה וצבי,5,שכונת נחל בקע,31.222776,34.777480
באר שבע,רובינא חנה,44,שכונת נווה מנחם,31.269562,34.768248
באר שבע,דרך מצדה,256,שכונת יא,31.255184,34.772115
באר שבע,צביה ויצחק,59,,31.225174,34.780732
באר שבע,בדר יוחנן,5,,31.274006,34.822216
באר שבע,דרך מצדה,91,שכונת ב,31.258007,34.781699
באר שבע,שריג נחום,21,שכונת רמות הרכס,31.281893,34.804899
באר שבע,רחבת בן נון,7,שכונת ו,31.262370,34.776528
באר שבע,דקר,1,שכונת דקר,32.042216,34.760712
באר שבע,"המהר""ל",27,,31.266305,34.779751
באר שבע,"רחבת רמ""א",5,שכונת יא,31.259080,34.770599
באר שבע,הגאונים,24,שכונת נאות לון,31.252648,34.761367
באר שבע,אנילביץ,18,,31.237599,34.788662
באר שבע,צבעוני,1,שכונת נווה נוי,31.232712,34.779834
באר שבע,תקוע יוסף,39,,31.276816,34.819469
באר שבע,וולפסון דוד,28,שכונת מרכז אזרחי,31.245251,34.801211
באר שבע,עמרי,14,,31.262059,34.781617
באר שבע,פטנקין דן,26,שכונת נאות לון,31.248036,34.760388
באר שבע,רודנסקי שמואל,21,,31.270738,34.772117
באר שבע,שפרה,24,,31.270908,34.763272
באר שבע,גולדמן נחום,53,שכונת רמות הרכס,31.281520,34.802813
באר שבע,דיה,17,,31.231067,34.762949
באר שבע,החלוץ,13,שכונת עיר עתיקה,31.236686,34.786981
באר שבע,מסקין אהרון,39,,31.271263,34.765812
באר שבע,סדנא,3,שכונת אזור תעשיה,31.251580,34.822245
באר שבע,נאות הככר,23,שכונת ה,31.247590,34.781193
באר שבע,כפר הדרום,26,שכונת עיר עתיקה,31.237299,34.786563
באר שבע,מנדלסון,39,שכונת ב,31.256481,34.788099
באר שבע,אבן-שושן אברהם,80,,31.247582,34.758300
באר שבע,בר-לב חיים,29,שכונת ו,31.266572,34.772277
באר שבע,אבידן שמעון,6,שכונת רמות,31.265529,34.809790
באר שבע,דוד הראובני,12,שכונת נווה מנחם,31.264683,34.764568
באר שבע,דה-שליט עמוס,33,שכונת רמות,31.272841,34.806958
באר שבע,השלום,21,,31.253090,34.803127
באר שבע,זלפה,11,שכונת נווה מנחם,31.269673,34.763452
באר שבע,מיכאלסון יצחק,2,שכונת רמות,31.268267,34.806880
באר שבע,עפרוני,73,,31.230792,34.768750
באר שבע,שופט אברהם,74,שכונת רמות,31.267365,34.813052
באר שבע,חכים אליהו,34,,31.272764,34.814049
באר שבע,בית שאן,126,שכונת נאות לון,31.247709,34.767380
באר שבע,משעול עקרון,13,שכונת ט,31.245004,34.775184
באר שבע,עמיר אנדה,44,,31.272151,34.766248
באר שבע,בר יוחאי,24,,31.273376,34.794910
באר שבע,חובב משה,13,שכונת נחל בקע,31.220691,34.774166
באר שבע,אירוס הנגב,81,,31.228249,34.789741
באר שבע,תלמה,8,,31.220252,34.774733
באר שבע,זריצקי יוסף,23,,31.260556,34.761097
באר שבע,בובר מרטין,2,שכונת ו,31.266917,34.771512
באר שבע,ילין דוד,77,שכונת רמות,31.272392,34.805321
באר שבע,צ'לנוב יחיאל,22,,31.266035,34.760972
באר שבע,רחבת יבנה,21,שכונת ט,31.245742,34.772500
באר שבע,שטה,3,,31.233964,34.791391
באר שבע,נרקיס,21,שכונת רמות הרכס,31.283067,34.804110
באר שבע,מודעי יצחק,10,שכונת רמות,31.264835,34.808685
באר שבע,"הרא""ש",7,שכונת יא,31.258407,34.773530
באר שבע,פראוור יהושע,6,,31.272106,34.806125
באר שבע,הרצל,63,,31.241502,34.789562
באר שבע,ברבור,18,,31.228942,34.770079
באר שבע,צפורה,5,,31.268100,34.763599
באר שבע,מבצע יואב,49,שכונת ו,31.263509,34.779044
באר שבע,אלישר,20,,31.273205,34.819052
באר שבע,מרכז הנגב,4,שכונת ג,31.257255,34.807061
באר שבע,יאיר,41,שכונת עיר עתיקה,31.241155,34.790809
באר שבע,הרב גורן שלמה,33,שכונת נאות לון,31.244741,34.764236
באר שבע,בן חיים פאול,9,שכונת נחל בקע,31.221558,34.772215
באר שבע,האז גיאורג,16,שכונת רמות,31.274168,34.806153
באר שבע,בלוך רודולף,15,שכונת רמות,31.271852,34.808336
באר שבע,פרופ' שיבא,57,,31.260149,34.756801
באר שבע,עין גדי,44,שכונת נאות לון,31.251088,34.766948
באר שבע,המכתשים,15,שכונת ד,31.268724,34.794925
באר שבע,המכתשים,2,שכונת ד,31.268363,34.794897
באר שבע,רחבת מבצע ארז,56,שכונת ו,31.265514,34.781501
באר שבע,ברוד מקס,24,שכונת נווה מנחם,31.265924,34.757922
באר שבע,בובר מרטין,7,שכונת ו,31.267097,34.770908
באר שבע,מנדלסון,14,שכונת ב,31.256930,34.790375
באר שבע,יריחו,29,שכונת ט,31.243264,34.777619
באר שבע,הגר,11,שכונת עיר עתיקה,31.241088,34.785006
באר שבע,הר מירון,29,,31.276881,34.808101
באר שבע,רחבת שלומציון,1,שכונת ו,31.263618,34.780454
באר שבע,דרך מצדה,16,שכונת ד,31.258593,34.793676
באר שבע,שד ירושלים,47,שכונת ט,31.245276,34.776091
באר שבע,ורטהיימר חיים,1,,31.271291,34.807728
באר שבע,סמילנסקי,41,שכונת עיר עתיקה,31.237735,34.786594
באר שבע,קיפניס לוין,17,שכונת נווה זאב,31.238505,34.780304
באר שבע,פיקרד,23,שכונת רמות הרכס,31.278492,34.801006
באר שבע,אפשטיין ישראל,17,,31.275650,34.815934
באר שבע,יערי מאיר,5,שכונת יא,31.257951,34.762709
באר שבע,בז,25,,31.229531,34.771631
באר שבע,גיבתון חנוך,44,,31.224808,34.776105
באר שבע,ינשוף,7,,31.230159,34.765947
באר שבע,עכו,16,שכונת נאות לון,31.251086,34.768747
באר שבע,זמיר ישעיהו,22,,31.274513,34.818841
באר שבע,קיפוד,20,שכונת ה,31.250242,34.777747
באר שבע,אסא,5,,31.262720,34.781133
באר שבע,משעול ניצנה,22,שכונת ה,31.247925,34.779332
באר שבע,לינדנר יוחנן,5,,31.274104,34.801594
באר שבע,אביבית,23,,31.230548,34.794370
באר שבע,הר רמון,36,,31.276131,34.811252
באר שבע,לישנסקי יוסף,1,שכונת נווה מנחם,31.267338,34.759625
באר שבע,שד ירושלים,79,שכונת ט,31.245891,34.773517
באר שבע,סטולר שמואל,5,,31.270821,34.770170
באר שבע,זמיר ישעיהו,48,,31.274493,34.817319
באר שבע,ההסתדרות,58,,31.239405,34.788809
באר שבע,הכט ראובן,17,,31.274721,34.819446
באר שבע,"רחבת לח""י",52,שכונת ו,31.263747,34.776692
באר שבע,יפה אברהם,57,,31.285449,34.806844
באר שבע,חבצלת הנגב,83,שכונת נווה נוי,31.231477,34.787351
באר שבע,דה-שליט עמוס,31,שכונת רמות,31.272621,34.807074
באר שבע,אלישר,23,,31.272950,34.818718
באר שבע,קרן קיימת לישראל,169,שכונת עיר עתיקה,31.239472,34.789298
באר שבע,בוסקוביץ אלכסנדר,25,,31.221332,34.771963
באר שבע,גולדמן נחום,7,שכונת רמות הרכס,31.278186,34.802645
באר שבע,פינקל שמעון,82,שכונת נווה מנחם,31.265624,34.753899
באר שבע,רחל אמנו,62,שכונת נווה מנחם,31.271782,34.763273
באר שבע,מזר בנימין,1,שכונת נאות לון,31.243966,34.762949
באר שבע,סמילנסקי,49,,31.238113,34.786218
באר שבע,אלדד,26,,31.273795,34.823156
באר שבע,בית אשל,11,,31.237449,34.791712
באר שבע,"חז""ל",59,שכונת ב,31.257406,34.791985
באר שבע,פיקרד,74,,31.280048,34.801078
באר שבע,הכוזרי,1,שכונת ב,31.257409,34.792748
באר שבע,וירשובסקי חיים,8,שכונת רמות,31.269110,34.804978
באר שבע,יציאת אירופה,30,שכונת ה,31.251870,34.784673
באר שבע,יפה אברהם,36,שכונת רמות הרכס,31.285244,34.807616
באר שבע,שטיינברג יהודה,20,שכונת ו,31.268657,34.772315
באר שבע,דרך המשחררים,72,שכונת ה,31.251538,34.785563
באר שבע,דרך המשחררים,13,שכונת ב,31.251278,34.794981
באר שבע,רודנסקי שמואל,116,שכונת נווה מנחם,31.271381,34.768152
באר שבע,ויניק זאב,6,שכונת נווה מנחם,31.258526,34.759365
באר שבע,שד רגר יצחק,89,שכונת ד,31.261292,34.797827
באר שבע,שריג נחום,34,שכונת רמות הרכס,31.284072,34.806216
באר שבע,"חז""ל",58,שכונת ד,31.257755,34.792132
באר שבע,בית צורי אליהו,17,,31.272787,34.815000
באר שבע,העליה,77,שכונת ה,31.256746,34.775970
באר שבע,ניב דוד,22,שכונת נווה זאב,31.239417,34.769881
באר שבע,שנונית,27,שכונת ה,31.250271,34.779116
באר שבע,מרגולין,8,,31.221771,34.800003
באר שבע,נאות הככר,13,שכונת ה,31.247794,34.781057
באר שבע,דוד המלך,12,שכונת ד,31.264254,34.791635
באר שבע,דוד הראובני,6,,31.264848,34.764231
באר שבע,אפשטיין ישראל,1,,31.275728,34.817515
באר שבע,בן יהודה,27,שכונת ב,31.254589,34.795250
באר שבע,מונטיפיורי,16,,31.249556,34.794797
באר שבע,תקוע יוסף,103,שכונת רמות,31.277534,34.819387
באר שבע,אשבל מיכאל,21,שכונת נווה זאב,31.241805,34.774766
באר שבע,תקוע יוסף,135,,31.277900,34.820081
באר שבע,רב האי גאון,8,שכונת נאות לון,31.250179,34.761806
באר שבע,סתונית,19,שכונת נווה נוי,31.228451,34.778935
באר שבע,אליהו הנביא,16,שכונת ד,31.265639,34.792805
באר שבע,דרך המשחררים,123,שכונת א,31.248335,34.783881
באר שבע,קרן היסוד,27,שכונת מרכז אזרחי,31.244688,34.800378
באר שבע,רימון,46,שכונת רמות הרכס,31.286799,34.799986
באר שבע,אלדד,16,שכונת רמות,31.274016,34.822816
באר שבע,נורית,20,שכונת נווה נוי,31.231183,34.777964
באר שבע,צוקית,10,,31.232432,34.762949
באר שבע,רחבת יבנה,27,שכונת ט,31.245743,34.772191
באר שבע,דרך המשחררים,62,שכונת ב,31.252384,34.787773
באר שבע,רחבת יבנה,23,שכונת ט,31.245675,34.772443
באר שבע,הדעת,90,,31.271948,34.803188
באר שבע,חטיבת הנגב,3,שכונת עיר עתיקה,31.237854,34.781577
באר שבע,הכותל המערבי,62,שכונת א,31.250380,34.787001
באר שבע,לוזון אפרים,8,שכונת נווה מנחם,31.264613,34.760811
באר שבע,קציר אהרון,22,,31.272652,34.809019
באר שבע,המדע,50,שכונת רמות,31.270832,34.807683
באר שבע,עכו,9,שכונת נאות לון,31.251591,34.767859
באר שבע,קלצ'קין רפאל,51,שכונת נווה מנחם,31.268017,34.768071
באר שבע,כיכר הגנים,11,שכונת נווה נוי,31.230169,34.789076
באר שבע,אבידום מנחם,27,,31.221344,34.773875
באר שבע,חוחית,32,,31.228442,34.763921
באר שבע,חיבת ציון,38,,31.253049,34.811437
באר שבע,זמיר ישעיהו,29,,31.274090,34.818650
באר שבע,גולדברג לאה,13,שכונת ב,31.253186,34.794419
באר שבע,אורות ישראל,47,,31.235928,34.762441
באר שבע,"רש""י",50,שכונת ד,31.267969,34.787849
באר שבע,מבצע חורב,33,,31.261929,34.784953
באר שבע,תלמה,38,,31.221497,34.773039
באר שבע,יאיר,16,,31.240377,34.792296
באר שבע,פסמון,26,שכונת ה,31.249922,34.778613
באר שבע,בורוכוב,22,,31.250569,34.793741
באר שבע,שמחה,5,שכונת עיר עתיקה,31.241315,34.784341
באר שבע,שרה אמנו,19,שכונת עיר עתיקה,31.240302,34.786348
באר שבע,דרך מצדה,24,שכונת ד,31.258593,34.793147
באר שבע,מנדלסון,20,שכונת ב,31.256469,34.789397
באר שבע,בת שבע,23,,31.269994,34.760921
באר שבע,משעול סוסיה,12,שכונת ט,31.244741,34.773006
באר שבע,יסמין,30,,31.231452,34.792025
באר שבע,וייס יעקב,7,,31.269942,34.814285
באר שבע,טביוב,15,שכונת נווה מנחם,31.267209,34.757564
באר שבע,גיבתון חנוך,17,,31.223561,34.777337
באר שבע,דרך המשחררים,94,שכונת ה,31.249792,34.783902
באר שבע,בר יוחאי,40,שכונת ד,31.273242,34.794643
באר שבע,טל חרמון,44,שכונת נווה זאב,31.236101,34.765149
באר שבע,ארן זלמן,55,,31.256810,34.759693
באר שבע,ששון אליהו,8,,31.257127,34.766039
באר שבע,שד ירושלים,16,שכונת ט,31.245984,34.778629
באר שבע,אבן עזרא,4,,31.270928,34.786927
באר שבע,הרב עדני,26,שכונת נאות לון,31.253137,34.764139
באר שבע,כצנלסון,1,שכונת א,31.250406,34.797058
באר שבע,"רמב""ם",45,שכונת עיר עתיקה,31.243398,34.790050
באר שבע,חוה,16,שכונת נווה מנחם,31.268869,34.763529
באר שבע,שתל יצחק,30,שכונת רמות,31.278278,34.821028
באר שבע,ניב דוד,11,שכונת נווה זאב,31.239003,34.768916
באר שבע,יהושפט,21,,31.262213,34.782952
באר שבע,אמנון,42,שכונת נווה מנחם,31.267503,34.766382
באר שבע,דרך המשחררים,115,שכונת א,31.248978,34.784159
באר שבע,שריג נחום,24,שכונת רמות הרכס,31.282672,34.806049
באר שבע,אלחריזי,1,שכונת נאות לון,31.251250,34.765455
באר שבע,אהרוני יוחנן,2,,31.274043,34.805729
באר שבע,הרצל,28,,31.239835,34.788228
באר שבע,שאול המלך,123,שכונת יא,31.259837,34.772169
באר שבע,לברי מרק,12,שכונת נחל בקע,31.221173,34.775373
באר שבע,תלמה,17,,31.220656,34.773773
באר שבע,צ'לנוב יחיאל,6,שכונת נווה מנחם,31.265573,34.761668
באר שבע,דרויאנוב אברהם,12,שכונת נווה מנחם,31.266755,34.756542
באר שבע,רונאל דב,37,שכונת נווה זאב,31.239948,34.770564
באר שבע,אלוף אדם יקותיאל,3,שכונת רמות,31.267758,34.811103
באר שבע,שירמן חיים,32,שכונת רמות,31.272836,34.806142
באר שבע,צביה ויצחק,61,,31.225248,34.780766
באר שבע,יוחנן הורקנוס,21,שכונת ד,31.265361,34.794519
באר שבע,סימון ארנסט דוד,3,שכונת רמות,31.268630,34.806786
באר שבע,שיזף,24,,31.232005,34.790195
באר שבע,קלצ'קין רפאל,12,שכונת נווה מנחם,31.269646,34.772003
באר שבע,רחבת אמציה,9,,31.264760,34.783854
באר שבע,ברזני משה,5,,31.268792,34.814105
באר שבע,עמיר אנדה,23,,31.271239,34.766890
באר שבע,חכים אליהו,28,,31.272311,34.812966
באר שבע,קרן קיימת לישראל,65,שכונת עיר עתיקה,31.238257,34.791137
באר שבע,פייגנבאום אריה,18,,31.261073,34.757526
באר שבע,חוחית,49,,31.226919,34.762322
באר שבע,חוה,8,שכונת נווה מנחם,31.267992,34.762483
באר שבע,בלוך רודולף,17,,31.271930,34.808310
באר שבע,רונאל דב,41,שכונת נווה זאב,31.239966,34.769791
באר שבע,מבצע דני,13,,31.260657,34.782865
באר שבע,צונדק ברנרד והרמן,7,שכונת רמות,31.269354,34.808521
באר שבע,טרומפלדור,50,,31.239185,34.791654
באר שבע,עבדת,92,שכונת ט,31.244276,34.766998
באר שבע,הנדיב,16,,31.253373,34.811613
באר שבע,זרובבל,10,,31.265203,34.763439
באר שבע,ברוור אברהם,59,שכונת רמות,31.274304,34.807954
באר שבע,המדע,11,שכונת רמות,31.269829,34.806928
באר שבע,רחבת ימית,8,שכונת ט,31.244203,34.772299
באר שבע,יוסף בן מתתיהו,11,שכונת ד,31.265987,34.800209
באר שבע,סעדיה גאון,2,שכונת ב,31.256520,34.788697
באר שבע,החלוץ,128,,31.241872,34.792229
באר שבע,הצנחנים,10,שכונת נחל בקע,31.225077,34.778752
באר שבע,עמיר אנדה,61,,31.272544,34.765170
באר שבע,סדן דב,6,שכונת רמות,31.268619,34.805684
באר שבע,כרמלי,1,,31.258196,34.807126
באר שבע,קרן קיימת לישראל,133,שכונת עיר עתיקה,31.239091,34.789798
באר שבע,אסר טוביאס,3,שכונת רמות,31.272030,34.801338
באר שבע,אבידוב צבי,20,שכונת נווה מנחם,31.270124,34.770766
באר שבע,פרומקין גד,12,,31.270408,34.778846
באר שבע,אדמון ידידיה,75,,31.221230,34.770948
באר שבע,הר רמון,35,,31.276057,34.810046
באר שבע,רבקה,59,,31.270266,34.761622
באר שבע,הר רמון,74,,31.276908,34.807512
באר שבע,ייבין יהושע,11,שכונת נווה זאב,31.238530,34.765890
באר שבע,החורש,9,,31.216810,34.812946
באר שבע,כיכר הגנים,17,,31.230869,34.789618
באר שבע,לוזון אפרים,29,שכונת נווה מנחם,31.265149,34.759507
באר שבע,נדב,1,,31.262902,34.786239
באר שבע,טדסקי גד,4,שכונת רמות הרכס,31.279022,34.798249
באר שבע,אלוף יריב אהרון,15,שכונת רמות,31.267082,34.812765
באר שבע,סמבורסקי שמואל,5,שכונת רמות,31.271911,34.803441
באר שבע,הרב שושנה,4,,31.283177,34.797612
באר שבע,משעול גבעון,6,שכונת ט,31.245395,34.775441
באר שבע,מבצע יואב,60,שכונת ו,31.262958,34.779746
באר שבע,בר ניסן,12,,31.238733,34.763213
באר שבע,הזוהר,40,,31.271842,34.788131
באר שבע,גינצבורג דוד,22,,31.274708,34.806564
באר שבע,טרומפלדור,35,שכונת עיר עתיקה,31.238361,34.790563
באר שבע,מבצע חירם,20,,31.261200,34.783553
באר שבע,יששכר,12,שכונת עיר עתיקה,31.239210,34.781708
באר שבע,לאה,52,שכונת נווה מנחם,31.269697,34.760305
באר שבע,סמילנסקי,22,שכונת עיר עתיקה,31.237242,34.788067
באר שבע,חובב משה,2,,31.219740,34.773630
באר שבע,אהרונסון,41,,31.267014,34.760030
באר שבע,אלפסי,29,שכונת יא,31.258430,34.771964
באר שבע,ילן-שטקליס מרים,23,,31.270725,34.768802
באר שבע,מסקין אהרון,71,,31.272346,34.763869
באר שבע,שד ירושלים,65,שכונת ט,31.246080,34.774918
באר שבע,הרב קפאח,39,שכונת נאות לון,31.252728,34.761837
באר שבע,דרך מצדה,7,שכונת ד,31.258187,34.796624
באר שבע,ברדיצ'ב אבא,10,,31.226024,34.779500
באר שבע,אלעזר בן יאיר,29,שכונת ד,31.262573,34.790547
באר שבע,"חת""ם סופר",3,,31.255411,34.768394
באר שבע,צבר,24,,31.231859,34.794362
באר שבע,מיכל,3,שכונת נווה מנחם,31.267610,34.763200
באר שבע,טרומפלדור,83,שכונת עיר עתיקה,31.239446,34.791593
באר שבע,בן אשר,1,שכונת ו,31.267550,34.776801
באר שבע,אמנון,2,,31.265994,34.765726
באר שבע,דרך מצדה,112,שכונת ד,31.259346,34.788200
באר שבע,ולבר יצחק,12,שכונת נאות לון,31.242017,34.764474
באר שבע,"רחבת לח""י",56,שכונת ו,31.263869,34.777007
באר שבע,רבי עקיבא,31,שכונת ד,31.259056,34.791628
באר שבע,יוחנן הורקנוס,55,שכונת ד,31.266858,34.795702
באר שבע,סבידור מנחם,39,שכונת יא,31.257414,34.763418
באר שבע,שאול המלך,29,,31.263813,34.784781
באר שבע,לאה,24,,31.268671,34.760788
באר שבע,אבן-שושן אברהם,54,,31.245776,34.758471
באר שבע,עין גדי,43,שכונת נאות לון,31.250787,34.766887
באר שבע,בן סרוק מנחם,20,שכונת נאות לון,31.252343,34.761920
באר שבע,הפלדה,14,שכונת עמק שרה,31.226242,34.811624
באר שבע,שלמה המלך,32,שכונת ד,31.260094,34.795686
באר שבע,אורן,9,שכונת נווה נוי,31.231409,34.784023
באר שבע,נטר,14,שכונת רמות,31.272370,34.826073
באר שבע,"רחבת חי""ל",9,שכונת ו,31.261321,34.776847
באר שבע,"רחבת לח""י",15,שכונת ו,31.264289,34.776045
באר שבע,רחבת מבצע קדם,13,שכונת ו,31.265864,34.783563
באר שבע,"שז""ר זלמן",3,שכונת מרכז אזרחי,31.248588,34.802528
באר שבע,פינקל שמעון,22,,31.264251,34.757303
באר שבע,הטחנה,1,,31.241371,34.806401
באר שבע,ברטונוב יהושע,13,שכונת נווה מנחם,31.270576,34.769575
באר שבע,בורן מכס,6,,31.273263,34.802934
באר שבע,זהרי מיכאל,27,,31.274663,34.802868
באר שבע,הר תבור,6,,31.276706,34.811181
באר שבע,ארניה אסוולדו,14,שכונת ד,31.265943,34.801567
באר שבע,סמילנסקי,26,,31.237435,34.787568
באר שבע,אלישר,8,,31.274151,34.820198
באר שבע,ילין דוד,28,,31.272002,34.805920
באר שבע,רותם,27,שכונת נווה נוי,31.229731,34.794941
באר שבע,בדר יוחנן,64,,31.273998,34.824652
באר שבע,אורבך אפרים,4,,31.248248,34.759366
באר שבע,בז,5,,31.230853,34.772406
באר שבע,?,115,שכונת ד,31.263452,34.797925
באר שבע,לוזון אפרים,38,שכונת נווה מנחם,31.265757,34.759179
באר שבע,וילנסקי משה,15,שכונת נאות לון,31.244142,34.761109
באר שבע,שד ירושלים,50,שכונת ט,31.246617,34.775741
באר שבע,שלשת בני עין חרוד,91,,31.239984,34.793109
באר שבע,לאה,56,,31.269787,34.760475
באר שבע,וילנר אריה,6,שכונת נחל בקע,31.223439,34.779575
באר שבע,בית אשל,5,,31.237249,34.791625
באר שבע,ההגנה,38,שכונת עיר עתיקה,31.239819,34.787188
באר שבע,הרב חביב חיים,16,,31.251567,34.759515
באר שבע,חזמה יעקב,19,,31.221898,34.774998
באר שבע,מבצע חירם,33,,31.260485,34.782526
באר שבע,ארן זלמן,3,שכונת יא,31.255789,34.761680
באר שבע,מודעי יצחק,24,שכונת רמות,31.265771,34.809254
באר שבע,הכנסת,24,שכונת ד,31.271080,34.794490
באר שבע,"שז""ר זלמן",35,שכונת מרכז אזרחי,31.245903,34.804696
באר שבע,תקוע יוסף,45,שכונת רמות,31.276714,34.818878
באר שבע,השלום,8,,31.252799,34.810074
באר שבע,משעול סוסיה,4,שכונת ט,31.244410,34.773268
באר שבע,אלמוג,4,שכונת נווה נוי,31.230489,34.785947
באר שבע,רחבת יותם,14,שכונת ו,31.264917,34.783167
באר שבע,פלדברג שמואל,20,,31.274760,34.825039
באר שבע,ישמעאל,1,,31.235690,34.798704
באר שבע,ברנפלד שמעון,17,שכונת ד,31.270440,34.799348
באר שבע,דרך המשחררים,135,שכונת א,31.246871,34.783368
באר שבע,תלמה,55,,31.222089,34.771834
באר שבע,בן דוד יוסף,17,שכונת רמות,31.273347,34.801483
באר שבע,פיקרד,86,,31.279886,34.801414
באר שבע,מקור חיים,16,שכונת נווה זאב,31.239384,34.764766
באר שבע,חסמן מרק,25,,31.264548,34.753662
באר שבע,חזן יעקב,45,,31.275392,34.816709
באר שבע,הבשור,3,,31.265972,34.797620
באר שבע,יסמין,16,,31.231546,34.793103
באר שבע,רחבת הרב קוק,11,שכונת יא,31.257844,34.770957
באר שבע,דרך מצדה,182,שכונת ו,31.258839,34.779549
באר שבע,גוטמן נחום,1,שכונת נווה זאב,31.238035,34.779463
באר שבע,לוזון אפרים,5,,31.264361,34.760632
באר שבע,רחל אמנו,25,,31.269750,34.765264
באר שבע,דוד המלך,19,שכונת ד,31.263918,34.791612
באר שבע,קשאני אליעזר,4,,31.270191,34.812948
באר שבע,שד ירושלים,42,שכונת ט,31.246272,34.776450
באר שבע,ברבור,17,,31.229006,34.770406
באר שבע,חרדון,32,שכונת ה,31.249728,34.778202
באר שבע,רחבת הראל,8,שכונת ו,31.263630,34.774632
באר שבע,הכשרת הישוב,10,,31.226033,34.813057
באר שבע,דורי יעקב,29,,31.265904,34.780071
באר שבע,תלמי מאיר,2,שכונת רמות,31.265542,34.810558
באר שבע,גומא,12,שכונת נווה נוי,31.231435,34.785983
באר שבע,חובב משה,33,שכונת נחל בקע,31.221683,34.775203
באר שבע,דן,4,שכונת עיר עתיקה,31.237851,34.781346
באר שבע,הגאונים,9,שכונת נאות לון,31.251327,34.761460
באר שבע,ילין דוד,2,שכונת רמות,31.268661,34.805478
באר שבע,גרשון,46,,31.243601,34.789164
באר שבע,פלדברג שמואל,26,,31.274522,34.825307
באר שבע,גלעד,21,שכונת ד,31.268260,34.793947
באר שבע,אבידוב צבי,4,,31.270413,34.771573
באר שבע,נאות הככר,15,שכונת ה,31.247695,34.781043
באר שבע,דוידוביץ לב,10,שכונת רמות,31.272357,34.801504
באר שבע,נשר,12,,31.226680,34.766002
באר שבע,לוזון אפרים,60,שכונת נווה מנחם,31.267234,34.756971
באר שבע,קדושי סלוניקי,5,,31.265677,34.757634
באר שבע,שד יעלים,85,שכונת ה,31.254352,34.776465
באר שבע,זהרי מיכאל,40,,31.274796,34.803471
באר שבע,טננבוים מרדכי,11,,31.224021,34.781062
באר שבע,שטה,54,,31.229692,34.791637
באר שבע,גויטיין דוד,3,,31.269134,34.776332
באר שבע,דרך המשחררים,73,שכונת א,31.251616,34.787298
באר שבע,הוגו שמואל,12,,31.271409,34.804953
באר שבע,רחבת אחזיה,8,שכונת ו,31.264850,34.785844
באר שבע,יאיר,7,,31.239387,34.793184
באר שבע,קלצ'קין רפאל,6,,31.269844,34.772292
באר שבע,פטנקין דן,52,,31.246742,34.758535
באר שבע,יוחנן הורקנוס,69,שכונת ד,31.267167,34.795887
באר שבע,ילין דוד,4,שכונת רמות,31.269034,34.805675
באר שבע,טיומקין זאב,15,שכונת נווה זאב,31.239247,34.767886
באר שבע,אקצין בנימין,26,שכונת ו,31.269889,34.777343
באר שבע,ברוור אברהם,31,שכונת רמות,31.273388,34.808703
באר שבע,השלום,51,,31.252311,34.806515
באר שבע,עמיעז,17,,31.223254,34.815552
באר שבע,קיפניס לוין,6,שכונת נווה זאב,31.237803,34.780203
באר שבע,שאול ואליהו,8,,31.266947,34.758304
באר שבע,הפלדה,20,שכונת עמק שרה,31.225131,34.811498
באר שבע,קיפניס לוין,37,שכונת נווה זאב,31.239384,34.780119
באר שבע,"חז""ל",106,שכונת ב,31.257613,34.789808
באר שבע,הצבי,16,שכונת ה,31.249173,34.778138
באר שבע,בן לברט,4,שכונת נאות לון,31.250324,34.763304
באר שבע,מבצע אסף,6,שכונת נווה זאב,31.236167,34.779544
באר שבע,קלצ'קין רפאל,14,שכונת נווה מנחם,31.269670,34.771913
באר שבע,אורן,13,שכונת נווה נוי,31.231509,34.783833
באר שבע,פינקל שמעון,3,,31.263300,34.759125
באר שבע,תקוע יוסף,44,,31.277568,34.820832
באר שבע,חובב משה,31,שכונת נחל בקע,31.221668,34.775132
באר שבע,עמיעז,21,,31.223098,34.815151
באר שבע,שד יעלים,36,שכונת ה,31.250839,34.779714
באר שבע,ילין דוד,29,שכונת רמות,31.270354,34.805902
באר שבע,הר בוקר,26,שכונת רמות,31.275788,34.808617
באר שבע,גבולות,9,שכונת ט,31.244443,34.771487
באר שבע,החלוץ,117,שכונת עיר עתיקה,31.241925,34.792025
באר שבע,אלוף אדם יקותיאל,6,שכונת רמות,31.267710,34.811580
באר שבע,גוטמן נחום,14,שכונת נווה זאב,31.238778,34.779353
באר שבע,שטרן יוסף,6,שכונת רמות הרכס,31.280437,34.801289
באר שבע,סנהדרין,124,שכונת ד,31.269809,34.788767
באר שבע,רחל אמנו,68,שכונת נווה מנחם,31.271413,34.762739
באר שבע,עבדת,8,שכונת נאות לון,31.245847,34.766766
באר שבע,שאול המלך,13,,31.263931,34.786616
באר שבע,סמילן רות,31,,31.222787,34.774729
באר שבע,וייס יעקב,12,,31.270257,34.814344
באר שבע,ארלנגר ג'וזף,5,שכונת רמות,31.269537,34.807726
באר שבע,לברי מרק,22,,31.221767,34.774592
באר שבע,ברוור אברהם,57,שכונת רמות,31.274252,34.807945
באר שבע,נחום,3,שכונת עיר עתיקה,31.236110,34.784502
באר שבע,אלרואי דוד,8,,31.264442,34.763830
באר שבע,נויפלד הנרי,13,שכונת רמות,31.268970,34.807738
באר שבע,האוזנר גדעון,10,שכונת רמות הרכס,31.286675,34.805212
באר שבע,מבצע חורב,21,,31.261335,34.784266
באר שבע,צונדק ברנרד והרמן,33,שכונת רמות,31.271001,34.809090
באר שבע,הצבי,18,שכונת ה,31.249178,34.778059
באר שבע,מזר בנימין,16,שכונת נאות לון,31.243833,34.761117
באר שבע,קדושי בגדד,9,,31.252631,34.781109
באר שבע,לישנסקי יוסף,12,,31.267068,34.758876
באר שבע,פינקל שמעון,6,,31.263675,34.758970
באר שבע,אורות ישראל,35,,31.236146,34.762155
באר שבע,בית אשל,52,,31.238915,34.793431
באר שבע,מרלא,28,שכונת נווה מנחם,31.266978,34.757727
באר שבע,דרך המשחררים,69,שכונת א,31.251731,34.787683
באר שבע,אבנר,7,שכונת ו,31.262161,34.777655
באר שבע,פיינברג אבשלום,5,שכונת נווה מנחם,31.266570,34.760659
באר שבע,החלוץ,70,שכונת עיר עתיקה,31.239001,34.789476
באר שבע,גוטמן נחום,18,שכונת נווה זאב,31.239093,34.779796
באר שבע,הרב עדני,47,שכונת נאות לון,31.253571,34.761116
באר שבע,ממשית,17,שכונת ט,31.243698,34.768308
באר שבע,אבן ארי מיכאל,47,שכונת רמות,31.275605,34.805760
באר שבע,חובב משה,16,,31.220527,34.774418
באר שבע,שטיינברג יהודה,10,שכונת ו,31.268447,34.772929
באר שבע,שד רגר יצחק,148,שכונת ד,31.268913,34.798321
באר שבע,רבקה,25,שכונת נווה מנחם,31.268811,34.763631
באר שבע,שאול המלך,57,שכונת ו,31.263255,34.781370
באר שבע,רופין ארתור,28,,31.265776,34.768720
באר שבע,ילין דוד,19,שכונת רמות,31.269862,34.805663
באר שבע,סמילנסקי,37,שכונת עיר עתיקה,31.237690,34.786906
באר שבע,שלמה המלך,59,שכונת ד,31.259801,34.795297
באר שבע,אהרליך פאול,20,שכונת רמות,31.269628,34.808461
באר שבע,רודנסקי שמואל,85,שכונת נווה מנחם,31.271212,34.768515
באר שבע,בינט מקס,8,,31.246542,34.805912
באר שבע,הר חרמון,27,,31.274004,34.811720
באר שבע,ביאליק,39,שכונת ב,31.253579,34.792447
באר שבע,הרצל,90,שכונת עיר עתיקה,31.242152,34.790530
באר שבע,אנקור,3,שכונת פלח שבע,31.231554,34.771946
באר שבע,גירית,16,שכונת ה,31.249824,34.779222
באר שבע,שריג נחום,43,שכונת רמות הרכס,31.285203,34.805520
באר שבע,גירית,41,שכונת ה,31.250400,34.778356
באר שבע,שיזף,28,,31.231983,34.789945
באר שבע,רחל אמנו,22,שכונת נווה מנחם,31.269711,34.765808
באר שבע,כחול לבן,12,שכונת ה,31.257750,34.776334
באר שבע,ברוידס אברהם,8,,31.266451,34.755972
באר שבע,דרך המשחררים,19,שכונת ב,31.250970,34.795265
באר שבע,אירוס הנגב,36,,31.229054,34.794559
באר שבע,ברק,8,,31.241467,34.781609
באר שבע,בית צורי אליהו,7,,31.272444,34.814190
באר שבע,חומה ומגדל,9,,31.254062,34.803142
באר שבע,פיינשטיין מאיר,21,,31.268571,34.814548
באר שבע,רחבת בן נון,17,,31.262634,34.776634
באר שבע,יששכר,7,שכונת עיר עתיקה,31.238608,34.781828
באר שבע,חוה,4,,31.267914,34.762313
באר שבע,אהוד בן גרא,10,,31.241232,34.780937
באר שבע,סנהדרין,25,שכונת ד,31.272386,34.795661
באר שבע,אלה,12,שכונת נווה נוי,31.231844,34.785367
באר שבע,אש שלום,11,שכונת נווה זאב,31.237081,34.775595
באר שבע,התלמוד,38,שכונת ד,31.270150,34.787332
באר שבע,מודעי יצחק,59,שכונת רמות,31.268169,34.809468
באר שבע,קלצ'קין רפאל,90,שכונת נווה מנחם,31.269037,34.768336
באר שבע,רחבת בן נון,16,שכונת ו,31.263334,34.776533
באר שבע,ויתקון אלפרד,46,,31.270294,34.776434
באר שבע,הרצל,76,שכונת עיר עתיקה,31.241633,34.790034
באר שבע,פלוסר דוד,30,,31.246194,34.760163
באר שבע,הר רמון,52,,31.276481,34.809531
באר שבע,אלדד,78,,31.275512,34.822747
באר שבע,דרויאנוב אברהם,2,שכונת נווה מנחם,31.266458,34.757088
באר שבע,מורדי הגטאות,14,שכונת עיר עתיקה,31.236516,34.788140
באר שבע,קדושי סלוניקי,24,,31.265366,34.757062
באר שבע,דוידוביץ לב,27,שכונת רמות,31.273061,34.802149
באר שבע,מורדי הגטאות,13,שכונת עיר עתיקה,31.236751,34.788098
באר שבע,אבישג,11,,31.269308,34.761215
באר שבע,הצדיק מירושלים,55,,31.273511,34.785840
באר שבע,שינדלר אוסקר,24,,31.283042,34.800761
באר שבע,יערי מאיר,58,שכונת יא,31.258244,34.764445
באר שבע,יערי מאיר,12,שכונת יא,31.257542,34.762161
באר שבע,החלוץ,47,שכונת עיר עתיקה,31.238481,34.788751
באר שבע,מורדי הגטאות,41,שכונת עיר עתיקה,31.238285,34.789446
באר שבע,פיינברג אבשלום,34,שכונת נווה מנחם,31.265683,34.759232
באר שבע,מורדי הגטאות,2,,31.235708,34.787433
באר שבע,אבידן שמעון,7,שכונת רמות,31.265465,34.809442
באר שבע,גרינשפן הרשל,41,,31.267573,34.757037
באר שבע,המכתשים,16,שכונת ד,31.268715,34.795114
באר שבע,פרומקין גד,24,שכונת ו,31.270948,34.778726
באר שבע,רחבת שלומציון,13,שכונת ו,31.264251,34.781110
באר שבע,יוסף בן מתתיהו,1,שכונת ד,31.265954,34.799387
באר שבע,סגל צבי,15,שכונת רמות,31.271108,34.804409
באר שבע,הרב טנא שלמה,18,,31.234241,34.784909
באר שבע,דידנר מנחם,16,שכונת רמות הרכס,31.280704,34.804177
באר שבע,סימון ארנסט דוד,27,שכונת רמות,31.269828,34.807325
באר שבע,רחל אמנו,21,שכונת נווה מנחם,31.269574,34.765342
באר שבע,הגנן,21,,31.217934,34.809797
באר שבע,קרן קיימת לישראל,98,שכונת עיר עתיקה,31.239230,34.790249
באר שבע,יאיר,33,שכונת עיר עתיקה,31.240593,34.791459
באר שבע,ארץ חמדה,44,,31.234905,34.764941
באר שבע,ההסתדרות,60,,31.239456,34.788867
באר שבע,קלאוזנר,6,שכונת ד,31.267429,34.799389
באר שבע,שדרת הערים התאומות,16,שכונת רמות הרכס,31.279630,34.799625
באר שבע,חבצלת הנגב,89,,31.230759,34.787227
באר שבע,גרשון,8,,31.240782,34.792839
באר שבע,מבצע דני,48,,31.260717,34.781384
באר שבע,שד יעלים,59,שכונת ה,31.248960,34.780345
באר שבע,קהירי,14,שכונת רמות הרכס,31.284814,34.800922
באר שבע,לויצקי יעקב,1,שכונת רמות,31.275963,34.805384
באר שבע,רובינא חנה,17,,31.270534,34.771115
באר שבע,מזר בנימין,60,,31.246684,34.759679
באר שבע,"רחבת חי""ל",1,שכונת ו,31.261982,34.776657
באר שבע,אלדד,58,שכונת רמות,31.275088,34.823859
באר שבע,זרחין אלכסנדר,12,,31.274743,34.805421
באר שבע,גת,14,שכונת נאות לון,31.246826,34.767253
באר שבע,סתונית,48,שכונת נווה נוי,31.227778,34.778750
באר שבע,אביגד,16,שכונת רמות,31.275336,34.801419
באר שבע,שלונסקי,11,,31.252698,34.774801
באר שבע,רב האי גאון,10,שכונת נאות לון,31.250283,34.761711
באר שבע,אבן-שושן אברהם,141,,31.247512,34.759093
באר שבע,ניב דוד,2,שכונת נווה זאב,31.237459,34.770375
באר שבע,אפשטיין ישראל,30,,31.275674,34.815602
באר שבע,ארן זלמן,61,,31.257173,34.759844
באר שבע,סמילן רות,24,,31.222627,34.775409
באר שבע,סימון ארנסט דוד,23,שכונת רמות,31.269636,34.807235
באר שבע,מתתיהו,1,שכונת עיר עתיקה,31.240787,34.784328
באר שבע,פיכמן יעקב,14,שכונת נווה זאב,31.237452,34.774302
באר שבע,שופט אברהם,47,שכונת רמות,31.269007,34.811342
באר שבע,ברטונוב יהושע,8,שכונת נווה מנחם,31.269472,34.770734
באר שבע,פריבס משה,4,,31.279459,34.800321
באר שבע,דרך המשחררים,18,שכונת ב,31.251818,34.794590
באר שבע,ברטונוב יהושע,9,שכונת נווה מנחם,31.270420,34.769771
באר שבע,לינדנר יוחנן,40,,31.275221,34.803044
באר שבע,הצדיק מירושלים,74,,31.273249,34.787962
באר שבע,הרמלין יוסף,5,שכונת רמות,31.266499,34.812937
באר שבע,שד רגר יצחק,91,שכונת ד,31.261318,34.797616
באר שבע,אהרוני יוחנן,8,שכונת רמות,31.274336,34.806037
באר שבע,טרומפלדור,86,,31.240662,34.793235
באר שבע,דרך מצדה,166,שכונת ו,31.258714,34.782077
באר שבע,מבצע חורב,18,,31.261274,34.784535
באר שבע,חובב משה,60,,31.222951,34.776907
באר שבע,אלה,4,שכונת נווה נוי,31.231481,34.785286
באר שבע,אבן ארי מיכאל,30,,31.275803,34.806204
באר שבע,פרופ' שיבא,55,,31.260115,34.756966
באר שבע,"ד""ר טיכו",64,,31.261849,34.756018
באר שבע,רוט אגון,14,,31.223933,34.780115
באר שבע,צונדק ברנרד והרמן,11,שכונת רמות,31.269859,34.808778
באר שבע,העצמאות,28,שכונת עיר עתיקה,31.238999,34.791828
באר שבע,ההסתדרות,12,שכונת עיר עתיקה,31.237505,34.787011
באר שבע,פריץ אלברט,9,,31.266611,34.770859
באר שבע,שטיין ריכרד,47,,31.265714,34.769524
באר שבע,האבות,68,שכונת עיר עתיקה,31.240273,34.786038
באר שבע,יוסף בן מתתיהו,72,שכונת ד,31.265066,34.800965
באר שבע,האבות,2,,31.236741,34.791256
באר שבע,סביון,13,שכונת נווה נוי,31.233039,34.780041
באר שבע,נרקיס,51,,31.229271,34.796836
באר שבע,אפשטיין ישראל,11,,31.276022,34.816607
באר שבע,הבשור,1,,31.265974,34.797862
באר שבע,מזר בנימין,59,,31.244591,34.759210
באר שבע,שלמה המלך,79,שכונת ד,31.260011,34.793443
באר שבע,בר ניסן,20,שכונת נווה זאב,31.239535,34.763569
באר שבע,הרב הרצוג,37,,31.259909,34.767610
באר שבע,יוכבד בת מרים,8,שכונת נווה מנחם,31.269303,34.770116
באר שבע,וילנסקי משה,17,,31.244163,34.760936
באר שבע,פרומקין גד,6,שכונת ו,31.270155,34.778914
באר שבע,רנה קסן,21,שכונת רמות,31.273798,34.800663
באר שבע,גרשם שלום,13,שכונת רמות,31.270576,34.804656
באר שבע,אדמון ידידיה,6,,31.219390,34.773950
באר שבע,הר בוקר,43,,31.274260,34.809459
באר שבע,יוכבד בת מרים,19,שכונת נווה מנחם,31.268764,34.769804
באר שבע,"רמב""ם",32,,31.244259,34.789302
באר שבע,פריד אלפרד,3,שכונת רמות,31.271524,34.801625
באר שבע,התלמוד,79,שכונת ד,31.269572,34.786794
באר שבע,"רחבת חי""ל",5,שכונת ו,31.261575,34.776768
באר שבע,פיקרד,30,שכונת רמות הרכס,31.277830,34.801213
באר שבע,רודנסקי שמואל,39,שכונת נווה מנחם,31.271566,34.771256
באר שבע,רוזן פנחס,22,שכונת יא,31.261607,34.764068
באר שבע,נשר,11,,31.226970,34.766154
באר שבע,פראוור יהושע,4,,31.272075,34.806016
באר שבע,הרב קפאח,32,שכונת נאות לון,31.252935,34.762438
באר שבע,לוזון אפרים,40,,31.265871,34.759014
באר שבע,צבי-רן שלמה,7,,31.273557,34.819065
באר שבע,בר-לב חיים,3,שכונת ו,31.266071,34.775030
באר שבע,משעול חפר,2,שכונת ט,31.245602,34.773477
באר שבע,סקולסקי שלמה,1,שכונת נווה זאב,31.237863,34.770182
באר שבע,לישנסקי יוסף,16,שכונת נווה מנחם,31.266950,34.758728
באר שבע,אשבל מיכאל,5,שכונת נווה זאב,31.241026,34.774350
באר שבע,העליה,74,שכונת ה,31.256842,34.777601
באר שבע,פיקרד,31,שכונת רמות הרכס,31.278640,34.800571
באר שבע,מזר בנימין,3,שכונת נאות לון,31.244095,34.762944
באר שבע,נרקיס,24,,31.282542,34.805096
באר שבע,רותם,45,שכונת נווה נוי,31.229306,34.793433
באר שבע,גיבתון חנוך,19,,31.223697,34.777152
באר שבע,שריג נחום,27,שכונת רמות הרכס,31.282216,34.805260
באר שבע,גרונר דב,11,,31.269260,34.813137
באר שבע,טרומפלדור,92,,31.240907,34.793417
באר שבע,לכיש,2,שכונת ט,31.244675,34.778036
באר שבע,בר ניסן,29,שכונת נווה זאב,31.240391,34.764987
באר שבע,פראוור יהושע,7,,31.272441,34.805958
באר שבע,הרב קפאח,23,שכונת נאות לון,31.252366,34.763283
באר שבע,אלמוג,6,שכונת נווה נוי,31.230408,34.785696
באר שבע,דותן,25,,31.264168,34.762049
באר שבע,"ד""ר טיכו",40,שכונת נווה מנחם,31.261898,34.757442
באר שבע,תקוע יוסף,123,,31.277701,34.819666
באר שבע,הדעת,26,שכונת רמות,31.268092,34.807300
באר שבע,שרת משה,35,שכונת יא,31.260071,34.769390
באר שבע,בודנהיימר,12,,31.281618,34.801820
באר שבע,כלנית,35,שכונת נווה נוי,31.232765,34.779969
באר שבע,גולדמן נחום,17,שכונת רמות הרכס,31.278758,34.802800
באר שבע,החלוץ,122,,31.241598,34.791956
באר שבע,זילברג משה,23,שכונת ו,31.269826,34.775242
באר שבע,פראוור יהושע,17,שכונת רמות,31.272597,34.806425
באר שבע,רודנסקי שמואל,14,שכונת נווה מנחם,31.270474,34.772807
באר שבע,הכט ראובן,59,,31.274783,34.817156
באר שבע,שינדלר אוסקר,32,שכונת רמות הרכס,31.283252,34.798633
באר שבע,שטיין ריכרד,12,,31.265674,34.770527
באר שבע,ההסתדרות,11,שכונת עיר עתיקה,31.237581,34.786817
באר שבע,דרור,39,שכונת פלח שבע,31.226855,34.768932
באר שבע,אורות ישראל,51,,31.236010,34.762694
באר שבע,ארן זלמן,28,שכונת יא,31.256587,34.760324
באר שבע,מוריה,13,שכונת א,31.248267,34.784511
באר שבע,מולכו שלמה,5,שכונת נווה מנחם,31.264519,34.762867
באר שבע,רבי עקיבא,29,שכונת ד,31.259037,34.791739
באר שבע,צביה ויצחק,35,,31.224326,34.780010
באר שבע,בלוך רודולף,60,,31.273763,34.807357
באר שבע,ישעיהו ישראל,14,שכונת יא,31.256522,34.764586
באר שבע,אבישי,11,,31.261719,34.778083
באר שבע,די זהב אפרים,22,,31.223127,34.775706
באר שבע,אקצין בנימין,10,שכונת ו,31.270447,34.778112
באר שבע,אלישר,35,,31.272951,34.818083
באר שבע,לוזון אפרים,36,שכונת נווה מנחם,31.265730,34.759143
באר שבע,לסקר פרץ,28,,31.265583,34.756378
באר שבע,סלעית,5,שכונת ה,31.248675,34.782024
באר שבע,רודנסקי שמואל,99,,31.270926,34.767930
באר שבע,המרד,59,,31.272897,34.815522
באר שבע,שטיין ריכרד,14,שכונת ו,31.265631,34.770312
באר שבע,קרן קיימת לישראל,70,,31.238700,34.790858
באר שבע,טיומקין זאב,5,שכונת נווה זאב,31.239348,34.766916
באר שבע,פרופ' שיבא,34,שכונת נווה מנחם,31.260068,34.757534
באר שבע,תמר,7,שכונת נווה נוי,31.229952,34.790915
באר שבע,שריג נחום,15,שכונת רמות הרכס,31.281596,34.805277
באר שבע,צפורה,16,שכונת נווה מנחם,31.268571,34.763457
באר שבע,בת שבע,22,שכונת נווה מנחם,31.269775,34.761703
באר שבע,פלדברג שמואל,54,שכונת רמות,31.275709,34.825787
באר שבע,חובב משה,4,שכונת נחל בקע,31.219819,34.773733
באר שבע,דנציגר יצחק,27,,31.244642,34.761012
באר שבע,טרומפלדור,90,,31.240803,34.793306
באר שבע,פשוש,5,,31.230928,34.765108
באר שבע,רנה קסן,9,שכונת רמות,31.272749,34.801383
באר שבע,חן ארנסט,4,,31.270718,34.808091
באר שבע,אורות ישראל,24,,31.236531,34.762286
באר שבע,בנטואיץ יוסף,19,שכונת רמות,31.269275,34.806609
באר שבע,שטה,26,,31.232232,34.791010
באר שבע,צונדק ברנרד והרמן,16,שכונת רמות,31.269404,34.808845
באר שבע,אלישבע,3,שכונת נווה מנחם,31.270257,34.769112
באר שבע,יערי מאיר,30,שכונת יא,31.257671,34.762966
באר שבע,שמעון בר גיורא,11,שכונת ד,31.262695,34.792736
באר שבע,חביב אבשלום,4,שכונת רמות,31.267869,34.816265
באר שבע,לינדנר יוחנן,12,,31.274110,34.802089
באר שבע,משעול ניצנה,5,שכונת ה,31.248438,34.780108
באר שבע,רחבת יבנה,17,שכונת ט,31.245582,34.772753
באר שבע,רנה קסן,23,שכונת רמות,31.273841,34.800710
באר שבע,אוליצקי אריה,14,,31.258915,34.758540
באר שבע,דרך המשחררים,127,שכונת א,31.248086,34.783801
באר שבע,שטיין ריכרד,6,שכונת ו,31.266115,34.771001
באר שבע,דרך מצדה,164,שכונת ו,31.258708,34.782270
באר שבע,ילין דוד,23,שכונת רמות,31.270150,34.805827
באר שבע,ליפמן גבריאל,25,,31.274413,34.800976
באר שבע,חומה ומגדל,6,,31.253731,34.802818
באר שבע,צונדק ברנרד והרמן,5,שכונת רמות,31.268994,34.808292
באר שבע,סמטס,10,,31.250156,34.797211
באר שבע,"ד""ר טיכו",49,,31.261551,34.756223
באר שבע,שדה יצחק,16,,31.241990,34.782896
באר שבע,דרויאנוב אברהם,4,שכונת נווה מנחם,31.266517,34.756917
באר שבע,אבן-שושן אברהם,117,,31.247021,34.757376
באר שבע,פיינשטיין מאיר,38,,31.270185,34.813594
באר שבע,אהרוני יוחנן,16,,31.274616,34.806313
באר שבע,וילנר אריה,11,,31.223592,34.779183
באר שבע,עין גדי,6,שכונת נאות לון,31.247782,34.771148
באר שבע,פיכמן יעקב,4,שכונת נווה זאב,31.236871,34.776540
באר שבע,יוחנן הורקנוס,50,שכונת ד,31.266239,34.795915
באר שבע,פסמון,5,שכונת ה,31.249375,34.779120
באר שבע,רודנסקי שמואל,48,שכונת נווה מנחם,31.271810,34.771712
באר שבע,"רמב""ן",55,שכונת ד,31.271215,34.783293
באר שבע,מזר בנימין,32,,31.244475,34.759661
באר שבע,ארבע הגיבורות,13,,31.224034,34.780344
באר שבע,שד ירושלים,32,שכונת ט,31.246188,34.777429
באר שבע,"הפלמ""ח",15,שכונת עיר עתיקה,31.237264,34.791242
באר שבע,הכשרת הישוב,38,,31.218396,34.812373
באר שבע,סרלין יוסף,44,,31.259976,34.762342
באר שבע,דה-בוטון,2,שכונת נאות לון,31.252628,34.760968
באר שבע,פנחס החוצב,6,,31.245154,34.807858
באר שבע,פינקל שמעון,17,,31.263769,34.757731
באר שבע,גרשון,16,שכונת עיר עתיקה,31.241037,34.792508
באר שבע,גלעד,24,שכונת ד,31.268768,34.794462
באר שבע,"רחבת השל""ה",19,שכונת יא,31.257215,34.770268
באר שבע,ההסתדרות,92,שכונת עיר עתיקה,31.241176,34.790531
באר שבע,חזן יעקב,8,שכונת רמות,31.275676,34.820473
באר שבע,רחבת ימית,23,שכונת ט,31.244464,34.771973
באר שבע,פסמון,45,שכונת ה,31.250249,34.777986
באר שבע,יסעור,14,,31.229593,34.766087
באר שבע,משעול הערבה,29,שכונת ה,31.248461,34.780541
באר שבע,"חז""ל",108,שכונת ב,31.257676,34.789730
באר שבע,האוזנר גדעון,7,,31.286235,34.804684
באר שבע,גויטיין דוד,11,,31.269712,34.776072
באר שבע,לאה,19,שכונת נווה מנחם,31.268436,34.760470
באר שבע,סביון,31,שכונת נווה נוי,31.233067,34.778863
באר שבע,ארץ חמדה,38,,31.234532,34.764636
באר שבע,חרדון,24,שכונת ה,31.249550,34.778438
באר שבע,מבצע חורב,16,,31.261125,34.784441
באר שבע,מבצע עובדה,28,שכונת ו,31.259998,34.777309
באר שבע,אבן-שושן אברהם,48,שכונת נאות לון,31.245123,34.758841
באר שבע,דרזנר יחיאל,4,שכונת רמות,31.267149,34.815175
באר שבע,אוליצקי אריה,18,שכונת נווה מנחם,31.258770,34.758645
באר שבע,אגוז,32,שכונת נווה מנחם,31.264056,34.760941
באר שבע,המלכים,50,,31.264913,34.757205
באר שבע,סגל צבי,10,שכונת רמות,31.270736,34.804451
באר שבע,פייגנבאום אריה,6,שכונת נווה מנחם,31.260558,34.757576
באר שבע,זמנהוף,22,שכונת נווה מנחם,31.264754,34.761055
באר שבע,מבצע חורב,45,,31.262053,34.786021
באר שבע,רבנו תם,2,,31.271583,34.785982
באר שבע,פרטוש עדן,50,שכונת נחל בקע,31.223657,34.776448
באר שבע,ברדיצ'ב אבא,18,שכונת נחל בקע,31.226370,34.779383
באר שבע,וילנסקי משה,35,שכונת נאות לון,31.245047,34.759640
באר שבע,סביון,16,שכונת נווה נוי,31.233224,34.779435
באר שבע,דרור,46,,31.229173,34.768826
באר שבע,אורות ישראל,10,,31.236869,34.763449
באר שבע,רב האי גאון,4,שכונת נאות לון,31.249870,34.761972
באר שבע,דיה,5,,31.231889,34.763525
באר שבע,קציר אהרון,1,שכונת רמות,31.271396,34.809133
באר שבע,הכט ראובן,27,,31.274787,34.818885
באר שבע,הר רמון,42,,31.276355,34.810420
באר שבע,הכנסת,32,שכונת ד,31.270830,34.793792
באר שבע,אגוז,28,שכונת נווה מנחם,31.264364,34.761251
באר שבע,בקי רוברטו,12,,31.278373,34.798374
באר שבע,"רש""י",52,שכונת ד,31.267901,34.787849
באר שבע,דרך המשחררים,31,שכונת ב,31.251406,34.794234
באר שבע,יערי מאיר,14,שכונת יא,31.257583,34.762251
באר שבע,די זהב אפרים,31,,31.223137,34.775242
באר שבע,רחבת אופירה,2,שכונת ט,31.243989,34.771390
באר שבע,זילברג משה,26,שכונת ו,31.269924,34.775442
באר שבע,בת שבע,16,שכונת נווה מנחם,31.269604,34.762006
באר שבע,אדלר,19,,31.266972,34.769652
באר שבע,דוידוביץ לב,34,,31.272991,34.802652
באר שבע,החלוץ,98,שכונת עיר עתיקה,31.240460,34.790870
באר שבע,די זהב אפרים,38,,31.224280,34.774145
באר שבע,מזר בנימין,44,,31.245360,34.759204
באר שבע,חובב משה,30,שכונת נחל בקע,31.221115,34.775060
באר שבע,זמנהוף,37,שכונת נווה מנחם,31.263966,34.760620
באר שבע,שד יעלים,94,שכונת ה,31.255598,34.776017
באר שבע,דרך מצדה,222,שכונת יא,31.257755,34.774577
באר שבע,פיקרד,116,,31.279734,34.801448
באר שבע,פראוור יהושע,3,שכונת רמות,31.272354,34.805807
באר שבע,אירוס הנגב,47,,31.228540,34.793040
באר שבע,אבישג,13,שכונת נווה מנחם,31.269273,34.761079
באר שבע,פרומקין גד,22,שכונת ו,31.270901,34.778677
באר שבע,הכנסת,21,שכונת ד,31.270655,34.794122
באר שבע,ארן זלמן,79,שכונת יא,31.257748,34.761034
באר שבע,חזן יעקב,20,שכונת רמות,31.275681,34.819422
באר שבע,ישעיהו ישראל,29,שכונת יא,31.256917,34.764869
באר שבע,יוסף בן מתתיהו,69,שכונת ד,31.265300,34.800468
באר שבע,שטה,24,שכונת נווה נוי,31.232424,34.790998
באר שבע,העצמאות,50,,31.240127,34.790155
באר שבע,חובב משה,21,שכונת נחל בקע,31.221125,34.774613
באר שבע,חסמן מרק,23,,31.264404,34.753896
באר שבע,"חז""ל",18,שכונת ד,31.257834,34.794120
באר שבע,קורא הדורות,22,,31.250852,34.759549
באר שבע,בלוך רודולף,26,,31.272537,34.808351
באר שבע,אמיר אברהם,34,,31.275969,34.824561
באר שבע,שלשת בני עין חרוד,79,שכונת עיר עתיקה,31.239390,34.792578
באר שבע,חבצלת הנגב,27,,31.234125,34.791458
באר שבע,העצמאות,13,שכונת עיר עתיקה,31.238274,34.792353
באר שבע,הר בוקר,89,,31.275953,34.807839
באר שבע,העצמאות,40,שכונת עיר עתיקה,31.239813,34.790753
באר שבע,דה-שליט עמוס,21,שכונת רמות,31.272314,34.807362
באר שבע,"ד""ר טיכו",68,,31.261735,34.755832
באר שבע,שפרינצק,3,שכונת ד,31.269792,34.793750
באר שבע,"ד""ר טיכו",50,,31.261987,34.756812
באר שבע,יוסף בן מתתיהו,38,שכונת ד,31.264439,34.800118
באר שבע,דה-שליט עמוס,42,שכונת רמות,31.273263,34.806983
באר שבע,רחבת אופירה,5,שכונת ט,31.243721,34.771032
באר שבע,מורדי הגטאות,20,,31.237040,34.788653
באר שבע,פטנקין דן,7,,31.247755,34.760513
באר שבע,ברוור אברהם,47,שכונת רמות,31.273897,34.808287
באר שבע,אסתר המלכה,5,,31.267981,34.764162
באר שבע,עמיר אנדה,72,שכונת נווה מנחם,31.272976,34.765092
באר שבע,אסתר המלכה,11,שכונת נווה מנחם,31.267767,34.763938
באר שבע,פנחס החוצב,8,,31.245225,34.808201
באר שבע,הרצל,34,שכונת עיר עתיקה,31.240276,34.788875
באר שבע,משעול פנקס דוד,10,שכונת יא,31.254815,34.764943
באר שבע,אלבק חנוך,39,,31.272104,34.805264
באר שבע,עבדת,42,שכונת נאות לון,31.245282,34.766505
באר שבע,פייגנבאום אריה,36,שכונת נווה מנחם,31.261393,34.756434
באר שבע,רינגלבלום,122,שכונת ד,31.269983,34.799356
באר שבע,סרלין יוסף,14,,31.259814,34.763480
באר שבע,מודעי יצחק,9,שכונת רמות,31.265384,34.808414
באר שבע,רחבת יעל,12,שכונת ו,31.262202,34.774951
באר שבע,וייס יעקב,10,,31.270093,34.814484
באר שבע,חשין,24,,31.269735,34.774937
באר שבע,יוחנן הורקנוס,53,שכונת ד,31.266750,34.795654
באר שבע,פריד אלפרד,12,שכונת רמות,31.271355,34.802179
באר שבע,עפרוני,94,,31.230648,34.767820
באר שבע,ברדיצ'ב אבא,6,,31.225835,34.779549
באר שבע,דיין משה,10,שכונת ו,31.265017,34.772867
באר שבע,פשוש,51,,31.231181,34.764589
באר שבע,רחבת ימית,2,שכונת ט,31.244038,34.772378
באר שבע,היילפרין ליפמן,8,,31.262542,34.756464
באר שבע,יוסף בן מתתיהו,3,שכונת ד,31.265974,34.799526
באר שבע,רחבת הראל,21,שכונת ו,31.264014,34.775325
באר שבע,משעול מבצע יונתן,1,שכונת ו,31.266365,34.782488
באר שבע,מבצע חורב,49,,31.262030,34.786422
באר שבע,שדרת הערים התאומות,33,שכונת רמות הרכס,31.282394,34.798934
באר שבע,שירמן חיים,4,,31.272132,34.804644
באר שבע,מולכו שלמה,8,,31.264404,34.763514
באר שבע,אפרים,6,שכונת עיר עתיקה,31.239781,34.781387
באר שבע,הצבי,64,,31.252982,34.773163
באר שבע,דה-שליט עמוס,12,,31.271753,34.808008
באר שבע,סמילנסקי,18,,31.237083,34.788139
באר שבע,שד יעלים,99,שכונת ה,31.255239,34.775611
באר שבע,יפה אברהם,47,שכונת רמות הרכס,31.285153,34.807154
באר שבע,רחבת יותם,2,שכונת ו,31.263997,34.783100
באר שבע,החלוץ,136,שכונת מרכז אזרחי,31.242316,34.792741
באר שבע,רודנסקי שמואל,103,שכונת נווה מנחם,31.270907,34.767715
באר שבע,גוש עציון,93,שכונת ג,31.258723,34.810281
באר שבע,העליה,35,,31.254258,34.780863
באר שבע,מרכז הנגב,5,,31.257506,34.807369
באר שבע,קורא הדורות,11,שכונת נאות לון,31.250990,34.760582
באר שבע,יוכבד בת מרים,17,שכונת נווה מנחם,31.268748,34.769866
באר שבע,בורלא יהודה,3,שכונת ה,31.251034,34.776360
באר שבע,בן חיים פאול,61,שכונת נחל בקע,31.224324,34.775108
באר שבע,יוספטל גיורא,6,שכונת ד,31.270725,34.796654
באר שבע,"שז""ר זלמן",1,,31.249321,34.801587
באר שבע,אנקור,15,שכונת נווה זאב,31.231783,34.772551
באר שבע,מבצע לוט,4,,31.260278,34.785087
באר שבע,האבות,23,,31.238143,34.788776
באר שבע,שיזף,41,,31.231668,34.789528
באר שבע,יהודי סוריה,10,שכונת ה,31.257442,34.775013
באר שבע,אפשטיין ישראל,8,,31.276189,34.817531
באר שבע,אבידוב צבי,6,,31.270360,34.771453
באר שבע,אבן-שושן אברהם,17,,31.242937,34.761672
באר שבע,סלנט שמואל,3,שכונת ו,31.267720,34.780898
באר שבע,לוין שמריהו,18,,31.245166,34.797630
באר שבע,ריבי איזידור,3,,31.273594,34.800509
באר שבע,מודעי יצחק,25,שכונת רמות,31.266257,34.808930
באר שבע,יפה אברהם,52,,31.285663,34.807401
באר שבע,ויתקון אלפרד,22,,31.270789,34.777632
באר שבע,דרך מצדה,61,שכונת ד,31.258355,34.789994
באר שבע,דנציגר יצחק,24,,31.245323,34.761534
באר שבע,ביאליק,27,שכונת ב,31.253870,34.792423
באר שבע,יפתח הגלעדי,22,,31.241457,34.779751
באר שבע,קובנר אבא,9,שכונת נחל בקע,31.224637,34.779550
באר שבע,לוזון אפרים,77,שכונת נווה מנחם,31.266973,34.756720
באר שבע,אפשטיין ישראל,4,,31.275901,34.817757
באר שבע,גלזמן יוסף,19,שכונת נחל בקע,31.225060,34.778853
באר שבע,הר בוקר,8,,31.273009,34.810757
באר שבע,קדיש לוז,28,,31.257135,34.764777
באר שבע,המסגר,2,,31.223838,34.811123
באר שבע,דיה,25,,31.230704,34.762324
באר שבע,עבדת,45,שכונת ט,31.244138,34.765929
באר שבע,שד רגר יצחק,187,שכונת ד,31.270762,34.797745
באר שבע,מרגולין,5,,31.221548,34.801292
באר שבע,וייס יעקב,1,,31.269420,34.814657
באר שבע,רינגלבלום,54,שכונת ד,31.268128,34.800830
באר שבע,יוסף בן מתתיהו,70,שכונת ד,31.265050,34.800803
באר שבע,דוידוביץ לב,18,שכונת רמות,31.272585,34.801957
באר שבע,מזר בנימין,31,,31.243585,34.761629
באר שבע,ברדיצ'ב אבא,4,,31.225751,34.779537
באר שבע,"הרא""ש",13,שכונת יא,31.258563,34.774444
באר שבע,דרך מצדה,27,שכונת ד,31.258154,34.793838
באר שבע,רוזן פנחס,15,,31.261614,34.764310
באר שבע,רחבת מבצע ארז,36,שכונת ו,31.265751,34.781657
באר שבע,פריץ אלברט,5,שכונת ו,31.266712,34.771034
באר שבע,אלתרמן,4,,31.252688,34.774367
באר שבע,שטיינברג יהודה,38,,31.268166,34.771513
באר שבע,פרופ' שיבא,63,,31.260354,34.756648
באר שבע,הנדיב,13,,31.253966,34.811559
באר שבע,אמיר אברהם,31,,31.277156,34.824535
באר שבע,פשוש,3,,31.231114,34.764937
באר שבע,פריד אלפרד,20,שכונת רמות,31.271587,34.802598
באר שבע,שטיין ריכרד,53,שכונת ו,31.265926,34.769352
באר שבע,מקלף מרדכי,69,שכונת ו,31.267675,34.774616
באר שבע,יפתח הגלעדי,14,,31.241077,34.780330
באר שבע,רחבת איבצן,17,,31.263508,34.777297
באר שבע,סיגלון,13,שכונת נווה נוי,31.230960,34.783536
באר שבע,שיזף,40,,31.231823,34.789109
באר שבע,חכים אליהו,46,,31.273138,34.815051
באר שבע,פיקרד,22,שכונת רמות הרכס,31.277639,34.800646
באר שבע,אהרוני יוחנן,6,,31.274250,34.806027
באר שבע,צ'לנוב יחיאל,16,שכונת נווה מנחם,31.265853,34.761278
באר שבע,מבצע חירם,16,,31.261082,34.784533
באר שבע,דרויאנוב אברהם,14,שכונת נווה מנחם,31.266830,34.756537
באר שבע,עפרוני,47,,31.231035,34.768346
באר שבע,פטריה,6,שכונת ה,31.254741,34.779263
באר שבע,בית שאן,88,שכונת נאות לון,31.248327,34.767570
באר שבע,רחבת מבצע קילשון,13,שכונת ו,31.264708,34.780383
באר שבע,גלזמן יוסף,2,,31.224183,34.779359
באר שבע,מסקין אהרון,2,,31.269526,34.767953
באר שבע,יאיר,3,,31.239260,34.793336
באר שבע,אמיר אברהם,51,שכונת רמות,31.277778,34.822574
באר שבע,נמיר מרדכי,3,שכונת יא,31.258712,34.767513
באר שבע,צבעוני,27,שכונת נווה נוי,31.230217,34.779809
באר שבע,בר-לב חיים,13,שכונת ו,31.265517,34.773902
באר שבע,בני אור,30,שכונת ב,31.258766,34.784959
באר שבע,טיומקין זאב,17,שכונת נווה זאב,31.238976,34.767961
באר שבע,אדמון ידידיה,13,,31.219461,34.773441
באר שבע,חנני,5,שכונת עיר עתיקה,31.235846,34.784485
באר שבע,המדע,29,,31.272187,34.806806
באר שבע,בת שבע,3,שכונת נווה מנחם,31.269165,34.762144
באר שבע,קרן קיימת לישראל,88,,31.239015,34.790682
באר שבע,קלצ'קין רפאל,40,שכונת נווה מנחם,31.268688,34.770369
באר שבע,דותן,19,שכונת נווה מנחם,31.264358,34.762311
באר שבע,אבן-שושן אברהם,75,,31.244601,34.758684
באר שבע,חן ארנסט,8,,31.270894,34.808146
באר שבע,הגנן,5,שכונת עמק שרה,31.217941,34.811771
באר שבע,דנציגר יצחק,38,,31.245018,34.760785
באר שבע,רובינא חנה,9,,31.270715,34.771478
באר שבע,גינצבורג דוד,8,,31.274255,34.807009
באר שבע,בארון דבורה,17,שכונת ב,31.252843,34.794247
באר שבע,טבנקין,20,שכונת ה,31.255613,34.773567
באר שבע,שטיינברג יהודה,14,שכונת ו,31.268750,34.772594
באר שבע,מבצע לוט,17,שכונת ו,31.261390,34.785662
באר שבע,לאה,5,שכונת נווה מנחם,31.268148,34.760999
באר שבע,רותם,9,,31.230260,34.796166
באר שבע,אברבנאל,30,שכונת יא,31.255142,34.767751
באר שבע,זמיר ישעיהו,35,,31.274076,34.818208
באר שבע,רוקח ישראל,3,שכונת יא,31.262245,34.765966
באר שבע,הרב עדני,60,שכונת נאות לון,31.253592,34.762383
באר שבע,טרומפלדור,15,שכונת עיר עתיקה,31.236911,34.789062
באר שבע,הקנאים,13,שכונת ד,31.269188,34.793247
באר שבע,משעול גבעון,8,,31.245284,34.775538
באר שבע,הדסה,48,שכונת עיר עתיקה,31.240417,34.790904
באר שבע,פילדרמן,17,,31.265590,34.759967
באר שבע,השופט אלקיים,15,שכונת נאות לון,31.242064,34.764138
באר שבע,הרב חביב חיים,11,שכונת נאות לון,31.251513,34.760231
באר שבע,פינקל שמעון,35,,31.264417,34.755874
באר שבע,משעול מבצע יונתן,4,שכונת ו,31.266213,34.782403
באר שבע,אהוד בן גרא,17,שכונת עיר עתיקה,31.241391,34.780333
באר שבע,אבן-שושן אברהם,69,,31.244307,34.758883
באר שבע,וילנסקי משה,10,,31.244511,34.761130
באר שבע,ברטונוב יהושע,16,,31.270007,34.770353
באר שבע,דרזנר יחיאל,22,שכונת רמות,31.268394,34.814127
באר שבע,הזוהר,2,שכונת ד,31.270186,34.789781
באר שבע,אדמון ידידיה,25,שכונת נחל בקע,31.219819,34.772988
באר שבע,לישנסקי יוסף,2,,31.267426,34.759353
באר שבע,יוסי הבורסקאי,11,שכונת אזור תעשיה,31.245960,34.809754
באר שבע,אמיר אברהם,59,שכונת רמות,31.277737,34.822168
באר שבע,שרה אמנו,10,שכונת עיר עתיקה,31.240111,34.786413
באר שבע,המלכים,48,,31.264862,34.757246
באר שבע,ז'בוטינסקי זאב,4,,31.247789,34.807561
באר שבע,דרך מצדה,43,שכונת ד,31.258195,34.792504
באר שבע,ארן זלמן,24,,31.256227,34.760400
באר שבע,פרץ י ל,10,שכונת נווה זאב,31.240503,34.778930
באר שבע,יפה אברהם,30,,31.284940,34.807772
באר שבע,האבות,69,שכונת עיר עתיקה,31.240459,34.785382
באר שבע,בנטוב מרדכי,11,,31.256763,34.765692
באר שבע,בארון דבורה,5,שכונת ב,31.252760,34.793573
באר שבע,אביתר הכהן,21,שכונת נווה מנחם,31.266933,34.765231
באר שבע,עפרים,11,שכונת ה,31.249883,34.777750
באר שבע,שאול המלך,91,שכונת ו,31.262059,34.776779
באר שבע,בן חיים פאול,8,שכונת נחל בקע,31.221696,34.772844
באר שבע,לברי מרק,35,,31.222633,34.773091
באר שבע,פרופ' שיבא,87,שכונת נווה מנחם,31.261078,34.755553
באר שבע,אבן עזרא,34,,31.270471,34.784872
באר שבע,שדה יצחק,18,,31.242153,34.783032
באר שבע,הצדיק מירושלים,72,,31.273444,34.787954
באר שבע,ברזני משה,7,,31.268845,34.814212
באר שבע,אלוף אדם יקותיאל,10,שכונת רמות,31.267880,34.811939
באר שבע,רינגלבלום,82,שכונת ד,31.269131,34.800889
באר שבע,שדרת הערים התאומות,9,שכונת רמות הרכס,31.278457,34.798891
באר שבע,בורן מכס,42,,31.274546,34.804026
באר שבע,דודאים,8,שכונת נווה נוי,31.232125,34.780253
באר שבע,שיטרית,17,,31.253947,34.764670
באר שבע,הרצל,16,שכונת עיר עתיקה,31.239281,34.787769
באר שבע,הר רמון,69,,31.276511,34.807151
באר שבע,לכיש,6,שכונת ט,31.244421,34.777983
באר שבע,סגל צבי,22,שכונת רמות,31.270980,34.804939
באר שבע,הרב טנא שלמה,32,,31.234697,34.786330
באר שבע,פרופ' שיבא,89,שכונת נווה מנחם,31.261146,34.755433
באר שבע,אבן-שושן אברהם,3,,31.243182,34.762524
באר שבע,סייפן,3,שכונת נווה נוי,31.231238,34.781604
באר שבע,"רמב""ן",33,,31.271339,34.784929
באר שבע,סמולנסקין,13,,31.266653,34.755922
באר שבע,טיומקין זאב,16,שכונת נווה זאב,31.238626,34.767791
באר שבע,דנציגר יצחק,46,,31.244858,34.760303
באר שבע,רובינא חנה,27,,31.270332,34.770706
באר שבע,דרור,55,,31.226589,34.768068
באר שבע,הדעת,54,שכונת רמות,31.268679,34.805495
באר שבע,זילברג משה,5,,31.269006,34.775731
באר שבע,מיכל,10,שכונת נווה מנחם,31.267987,34.763147
באר שבע,עמיצור שמשון,2,שכונת רמות הרכס,31.280285,34.798258
באר שבע,בקי רוברטו,14,שכונת רמות הרכס,31.278620,34.798545
באר שבע,לאה,10,שכונת נווה מנחם,31.268268,34.761458
באר שבע,אבן עזרא,45,,31.269934,34.785004
באר שבע,נויפלד הנרי,5,שכונת רמות,31.269088,34.807400
באר שבע,גרינשפן הרשל,29,,31.267935,34.757509
באר שבע,עמרי,18,,31.261952,34.781068
באר שבע,רותם,31,,31.229591,34.794575
באר שבע,הר תבור,27,,31.277436,34.809181
באר שבע,תקוע יוסף,113,,31.277501,34.819557
באר שבע,הגאונים,7,שכונת נאות לון,31.251181,34.761540
באר שבע,מסקין אהרון,22,,31.270489,34.767323
באר שבע,שלדג,13,,31.230944,34.763786
באר שבע,פרטוש עדן,13,שכונת נחל בקע,31.220611,34.772684
באר שבע,קלצ'קין רפאל,1,שכונת נווה מנחם,31.269620,34.772720
באר שבע,יוסי הבורסקאי,3,,31.245243,34.809002
באר שבע,ישעיהו ישראל,37,,31.256784,34.765249
באר שבע,אפשטיין ישראל,3,,31.275909,34.817400
באר שבע,ישעיהו ישראל,18,שכונת יא,31.256184,34.765039
באר שבע,שיטרית,33,,31.254259,34.763226
באר שבע,לוזון אפרים,6,שכונת נווה מנחם,31.264574,34.760821
באר שבע,הנוטר,37,,31.252841,34.806750
באר שבע,בורלא יהודה,49,שכונת ה,31.251824,34.775047
באר שבע,וילנסקי משה,47,שכונת נאות לון,31.246064,34.759662
באר שבע,פייגנבאום אריה,42,,31.261218,34.756241
באר שבע,רבקה,13,,31.268459,34.764007
באר שבע,הרב הרצוג,7,שכונת יא,31.261202,34.769416
באר שבע,רחבת בן נון,14,שכונת ו,31.263410,34.776713
באר שבע,לאה,62,שכונת נווה מנחם,31.269955,34.760712
באר שבע,"רמב""ם",56,שכונת עיר עתיקה,31.244939,34.787546
באר שבע,טוב משה,7,,31.266316,34.759513
באר שבע,אדמון ידידיה,9,,31.219337,34.773601
באר שבע,רבנו תם,39,,31.270737,34.784529
באר שבע,אהוד בן גרא,32,,31.242239,34.779448
באר שבע,רחבת יבנה,30,שכונת ט,31.245921,34.772317
באר שבע,קיפוד,12,שכונת ה,31.250026,34.777526
באר שבע,הכשרת הישוב,51,,31.213822,34.813004
באר שבע,ברני רוברט,7,,31.270791,34.808416
באר שבע,דרויאנוב אברהם,3,,31.266349,34.756753
באר שבע,גולדברג לאה,18,שכונת ב,31.253081,34.794247
באר שבע,בורן מכס,5,שכונת רמות,31.273434,34.802632
באר שבע,ארן זלמן,32,,31.256765,34.760495
באר שבע,הרב קפאח,10,שכונת נאות לון,31.252430,34.764611
באר שבע,רודנסקי שמואל,44,שכונת נווה מנחם,31.271681,34.771887
באר שבע,אנילביץ,28,,31.238116,34.787905
באר שבע,אבידוב צבי,3,שכונת נווה מנחם,31.270157,34.771477
באר שבע,חוה,19,שכונת נווה מנחם,31.269505,34.764138
באר שבע,חזני מיכאל,16,שכונת יא,31.261247,34.772054
באר שבע,פינקל שמעון,42,שכונת נווה מנחם,31.264936,34.755176
באר שבע,גרינשפן הרשל,26,שכונת נווה מנחם,31.268268,34.757437
באר שבע,צונדק ברנרד והרמן,10,שכונת רמות,31.268878,34.808672
באר שבע,הכט ראובן,7,,31.274785,34.819926
באר שבע,רחבת ימית,9,שכונת ט,31.243911,34.772012
באר שבע,יפה אברהם,12,שכונת רמות הרכס,31.284648,34.808287
באר שבע,כהן יעקב,12,שכונת ב,31.254505,34.797494
באר שבע,ילן-שטקליס מרים,3,שכונת נווה מנחם,31.271035,34.771271
באר שבע,פריד אלפרד,8,שכונת רמות,31.271288,34.802005
באר שבע,וייס יעקב,13,,31.270345,34.813926
באר שבע,רחבת מבצע ארז,19,שכונת ו,31.265498,34.781842
באר שבע,ההסתדרות,84,,31.241018,34.790388
באר שבע,בז,53,,31.228693,34.770825
באר שבע,פלוסר דוד,15,,31.246289,34.761729
באר שבע,ברזני משה,9,,31.269037,34.814563
באר שבע,גיבתון חנוך,5,שכונת נחל בקע,31.223175,34.777900
באר שבע,איילת השחר,42,שכונת נווה זאב,31.237311,34.764627
באר שבע,מונטיפיורי,15,שכונת א,31.249167,34.795009
באר שבע,רחבת פל-ים,3,שכונת ו,31.265105,34.777281
באר שבע,פלדברג שמואל,14,,31.275140,34.824736
באר שבע,אבישי,2,,31.261385,34.777227
באר שבע,פינקל שמעון,50,שכונת נווה מנחם,31.265275,34.754202
באר שבע,המלכים,31,,31.264679,34.756834
באר שבע,הנוטר,13,,31.253574,34.803988
באר שבע,פשוש,55,,31.231403,34.764816
באר שבע,רחל אמנו,66,שכונת נווה מנחם,31.271445,34.763031
באר שבע,שד רגר יצחק,161,שכונת ד,31.267344,34.797856
באר שבע,ארניה אסוולדו,101,שכונת ד,31.265448,34.801874
באר שבע,ויתקון אלפרד,14,,31.270959,34.778039
באר שבע,הצבי,14,שכונת ה,31.249093,34.778166
באר שבע,הר תבור,5,,31.276539,34.810879
באר שבע,קורא,9,שכונת ה,31.248999,34.781861
באר שבע,דרור,59,,31.226784,34.768163
באר שבע,"חז""ל",110,שכונת ב,31.257647,34.789670
באר שבע,קויפמן,7,,31.253565,34.773440
באר שבע,שיטרית,37,,31.254368,34.762879
באר שבע,אבן עזרא,52,,31.270379,34.784022
באר שבע,יאיר,22,שכונת עיר עתיקה,31.240797,34.791628
באר שבע,אלפסי,33,שכונת יא,31.258646,34.771690
באר שבע,חן ארנסט,7,שכונת רמות,31.270969,34.807815
באר שבע,זמיר ישעיהו,31,,31.274131,34.818484
באר שבע,הלפרין,13,,31.262071,34.756008
באר שבע,הבדיל,32,,31.223854,34.808775
באר שבע,"רמב""ם",63,שכונת עיר עתיקה,31.244367,34.785626
באר שבע,עפרוני,71,,31.230788,34.768582
באר שבע,גורדון א ד,4,שכונת א,31.247834,34.795422
באר שבע,שד רגר יצחק,146,שכונת ד,31.268729,34.798284
באר שבע,ברזני משה,16,,31.269059,34.815287
באר שבע,משעול גבעון,28,שכונת ט,31.244216,34.775207
באר שבע,סייפן,10,שכונת נווה נוי,31.230901,34.781877
באר שבע,נרקיס עוזי,12,שכונת רמות הרכס,31.282095,34.804274
באר שבע,קלצ'קין רפאל,66,,31.268060,34.769204
באר שבע,קובנר אבא,11,,31.224755,34.779569
באר שבע,העצמאות,11,,31.238005,34.792847
באר שבע,"הפלמ""ח",69,שכונת עיר עתיקה,31.239021,34.788802
באר שבע,רוטנברג,9,שכונת ד,31.259229,34.808437
באר שבע,החלוץ,113,,31.241718,34.791833
באר שבע,דרזנר יחיאל,19,שכונת רמות,31.268027,34.814117
באר שבע,סנהדרין,45,שכונת ד,31.271948,34.794030
באר שבע,עמרי,15,,31.261731,34.781581
באר שבע,דה-בוטון,16,שכונת נאות לון,31.252892,34.760054
באר שבע,פסמון,17,שכונת ה,31.249596,34.778835
באר שבע,לישנסקי יוסף,3,שכונת נווה מנחם,31.267326,34.759565
באר שבע,הוגו שמואל,14,,31.271564,34.804869
באר שבע,בלוך רודולף,27,שכונת רמות,31.272377,34.807984
באר שבע,אירוס הנגב,29,שכונת נווה נוי,31.228820,34.794626
באר שבע,רחבת איבצן,5,שכונת ו,31.262944,34.777553
באר שבע,הר חרמון,3,,31.274011,34.810203
באר שבע,רובינא חנה,13,שכונת נווה מנחם,31.270641,34.771321
באר שבע,ארן זלמן,39,,31.255814,34.760290
באר שבע,ארניה אסוולדו,7,שכונת ד,31.267008,34.801046
באר שבע,ברוור אברהם,49,שכונת רמות,31.273958,34.808214
באר שבע,אלחריזי,22,שכונת נאות לון,31.251956,34.763638
באר שבע,טרומפלדור,19,,31.237737,34.789864
באר שבע,הצנחנים,36,,31.225401,34.781092
באר שבע,נקר מאיר,6,שכונת רמות,31.267658,34.815757
באר שבע,רחבת פל-ים,1,,31.265171,34.777253
באר שבע,מנדלסון,16,שכונת ב,31.256936,34.790398
באר שבע,סמבורסקי שמואל,20,שכונת רמות,31.272007,34.804281
באר שבע,יוהנה ז'בוטינסקי,42,שכונת נווה זאב,31.237939,34.772527
באר שבע,קדושי סלוניקי,10,,31.265909,34.757527
באר שבע,חרדון,17,שכונת ה,31.249506,34.778415
באר שבע,הגדודים,6,שכונת עיר עתיקה,31.236862,34.782592
באר שבע,עכו,64,שכונת נאות לון,31.251202,34.766941
באר שבע,הדעת,87,שכונת רמות,31.269871,34.803461
באר שבע,דרבן,15,שכונת ה,31.250446,34.777325
באר שבע,מורדי הגטאות,37,שכונת עיר עתיקה,31.238209,34.789388
באר שבע,סמילנסקי,21,שכונת עיר עתיקה,31.237062,34.787840
באר שבע,שד רגר יצחק,159,שכונת ד,31.267172,34.797879
באר שבע,האוזנר גדעון,16,,31.287010,34.805441
באר שבע,הדסה,22,,31.239475,34.792300
באר שבע,די זהב אפרים,35,,31.223259,34.775117
באר שבע,המלכים,62,שכונת נווה מנחם,31.265281,34.756179
באר שבע,קציר אהרון,49,שכונת רמות,31.273451,34.807978
באר שבע,"החיד""א",79,שכונת יא,31.253466,34.767025
באר שבע,רחבת איבצן,20,שכונת ו,31.263575,34.777807
באר שבע,יוחנן בן זכאי,18,שכונת ד,31.272271,34.792816
באר שבע,יערה,28,שכונת נווה נוי,31.231778,34.786664
באר שבע,בר הלל יהושע,16,שכונת רמות,31.269802,34.805215
באר שבע,תלמי מאיר,3,שכונת רמות,31.265467,34.810206
באר שבע,רחבת יותם,4,שכונת ו,31.264243,34.783041
באר שבע,רחל אמנו,1,שכונת נווה מנחם,31.268834,34.766024
באר שבע,אהרליך פאול,9,שכונת רמות,31.269999,34.808125
באר שבע,דה-שליט עמוס,8,,31.271599,34.808075
באר שבע,היילפרין ליפמן,4,שכונת נווה מנחם,31.262563,34.756677
באר שבע,אירוס הנגב,107,,31.228645,34.787435
באר שבע,סולד הנריאטה,4,שכונת מרכז אזרחי,31.247650,34.801487
באר שבע,דרך מצדה,117,שכונת ב,31.258674,34.778165
באר שבע,השלום,24,שכונת ג,31.252704,34.803511
באר שבע,מורדי הגטאות,17,שכונת עיר עתיקה,31.236986,34.788335
באר שבע,הרמלין יוסף,7,שכונת רמות,31.266598,34.813146
באר שבע,בני אור,46,שכונת ב,31.257685,34.783471
באר שבע,מיכאלסון יצחק,25,שכונת רמות,31.268185,34.808370
באר שבע,רחבת גדעון,7,שכונת ו,31.262816,34.779307
באר שבע,יוכבד בת מרים,4,,31.269450,34.770295
באר שבע,גרונר דב,6,,31.269034,34.813662
באר שבע,ההסתדרות,18,,31.237851,34.787387
באר שבע,סוקולוב,35,,31.245145,34.790916
באר שבע,אלמוג,22,שכונת נווה נוי,31.230300,34.784626
באר שבע,חכים אליהו,42,,31.273041,34.814722
באר שבע,רופין ארתור,45,,31.265303,34.767801
באר שבע,ויניק זאב,18,,31.258987,34.759298
באר שבע,שיפר יצחק,3,שכונת ד,31.271500,34.798671
באר שבע,אמיר אברהם,23,שכונת רמות,31.276512,34.824668
באר שבע,"רחבת רמ""א",7,שכונת יא,31.259251,34.770815
באר שבע,"הפלמ""ח",1,,31.237002,34.791628
באר שבע,גיבור דניס,13,,31.267167,34.770041
באר שבע,פרץ י ל,20,שכונת נווה זאב,31.240904,34.778571
באר שבע,ולבר יצחק,61,,31.242480,34.762941
באר שבע,עמיר אנדה,31,שכונת נווה מנחם,31.271503,34.766553
באר שבע,גרשם שלום,35,שכונת רמות,31.271038,34.805683
באר שבע,צביה ויצחק,70,,31.225076,34.781148
באר שבע,גולומב,57,,31.257353,34.804152
באר שבע,לאה,34,שכונת נווה מנחם,31.269129,34.760160
באר שבע,שטיינברג יהודה,44,שכונת ו,31.268035,34.771271
באר שבע,אורבך אפרים,21,,31.247186,34.758457
באר שבע,הר חרמון,2,,31.273737,34.810254
באר שבע,בית שאן,40,שכונת נאות לון,31.249350,34.766912
באר שבע,צביה ויצחק,62,,31.224715,34.781185
באר שבע,היילפרין ליפמן,3,,31.262283,34.756681
באר שבע,לברי מרק,8,שכונת נחל בקע,31.221037,34.775542
באר שבע,גרינשפן הרשל,16,שכונת נווה מנחם,31.268773,34.758507
באר שבע,המלכים,66,שכונת נווה מנחם,31.265402,34.755809
באר שבע,רחבת אמציה,18,שכונת ו,31.265009,34.784543
באר שבע,רובינא חנה,42,,31.269703,34.768379
באר שבע,הגדודים,31,,31.235220,34.783579
באר שבע,אבשלום,25,,31.265865,34.766125
באר שבע,הצדיק מירושלים,76,,31.272970,34.787706
באר שבע,הר כנען,1,,31.274996,34.814071
באר שבע,קויפמן,34,שכונת ה,31.253817,34.774181
באר שבע,רובינא חנה,41,שכונת נווה מנחם,31.269337,34.768454
באר שבע,ברוידס אברהם,30,שכונת נווה מנחם,31.265946,34.755356
באר שבע,אבנר,21,,31.261122,34.777577
באר שבע,גרינשפן הרשל,2,שכונת נווה מנחם,31.268359,34.758854
באר שבע,דרך מצדה,114,שכונת ד,31.259388,34.788121
באר שבע,הדסה,15,שכונת עיר עתיקה,31.239142,34.792200
באר שבע,כפר הדרום,9,,31.236507,34.787401
באר שבע,דודאים,6,שכונת נווה נוי,31.232382,34.780271
באר שבע,פיינברג אבשלום,29,,31.265551,34.759493
באר שבע,פראוור יהושע,16,,31.272342,34.806486
באר שבע,מיכאלסון יצחק,8,שכונת רמות,31.268219,34.807180
באר שבע,ארלנגר ג'וזף,13,שכונת רמות,31.269416,34.808077
באר שבע,דביר,12,,31.264146,34.762534
באר שבע,פיארברג,3,שכונת נווה זאב,31.236136,34.776747
באר שבע,"החיד""א",93,שכונת יא,31.254047,34.766829
באר שבע,טשרניחובסקי,15,שכונת ד,31.257535,34.794943
באר שבע,שנונית,11,שכונת ה,31.249991,34.779490
באר שבע,רותם,21,שכונת נווה נוי,31.229896,34.795379
באר שבע,הר בוקר,15,,31.273191,34.809848
באר שבע,קרן קיימת לישראל,18,,31.237669,34.792298
באר שבע,אליהו הנביא,20,שכונת ד,31.265872,34.792695
באר שבע,ילין דוד,33,שכונת רמות,31.270503,34.805943
באר שבע,אבן-שושן אברהם,22,,31.243325,34.760755
באר שבע,פיינברג אבשלום,42,שכונת נווה מנחם,31.265010,34.758538
באר שבע,רחבת שמגר השופט,9,,31.262617,34.774890
באר שבע,"זק""ש נלי",21,,31.271678,34.807192
באר שבע,חבצלת הנגב,84,שכונת נווה נוי,31.231507,34.786967
באר שבע,רחבת איבצן,26,שכונת ו,31.263792,34.777661
באר שבע,סלנט שמואל,5,שכונת ו,31.267611,34.780811
באר שבע,צונדק ברנרד והרמן,9,שכונת רמות,31.269509,34.808638
באר שבע,קרן קיימת לישראל,64,שכונת עיר עתיקה,31.238499,34.791168
באר שבע,אפשטיין ישראל,20,,31.276255,34.816400
באר שבע,משעול מבצע יונתן,17,שכונת ו,31.265826,34.782781
באר שבע,חגלה,27,שכונת ה,31.249600,34.782465
באר שבע,גולדברג לאה,19,שכונת ב,31.253318,34.794537
באר שבע,"ד""ר טיכו",45,,31.261636,34.756422
באר שבע,יוחנן הורקנוס,2,שכונת ד,31.265029,34.794106
באר שבע,הבדיל,39,שכונת עמק שרה,31.222559,34.809533
באר שבע,אביגיל,33,שכונת נווה מנחם,31.269299,34.760452
באר שבע,בני אור,48,שכונת ב,31.257713,34.783282
באר שבע,קרן קיימת לישראל,90,,31.239012,34.790556
באר שבע,מבצע דני,9,,31.260343,34.782801
באר שבע,דרך מצדה,226,שכונת יא,31.257488,34.774296
באר שבע,אלבק חנוך,37,,31.272040,34.805224
באר שבע,מסקין אהרון,1,שכונת נווה מנחם,31.269462,34.767531
באר שבע,זנגויל ישראל,17,שכונת נווה מנחם,31.264966,34.760822
באר שבע,סגל צבי,27,,31.271383,34.805059
באר שבע,רחבת אמציה,13,שכונת ו,31.264825,34.784097
באר שבע,טוב משה,19,,31.265952,34.759014
באר שבע,ברוד מקס,12,,31.265522,34.758367
באר שבע,"רמב""ן",25,,31.271405,34.785240
באר שבע,חבס ברכה,2,שכונת נווה מנחם,31.270434,34.768905
באר שבע,גירית,48,שכונת ה,31.250626,34.778276
באר שבע,צבי-רן שלמה,8,,31.273808,34.819210
באר שבע,שד יעלים,21,,31.247690,34.781923
באר שבע,ההסתדרות,76,שכונת עיר עתיקה,31.240609,34.790017
באר שבע,אביתר הכהן,7,,31.267368,34.765836
באר שבע,קרן קיימת לישראל,29,,31.237654,34.792023
באר שבע,אקצין בנימין,9,,31.269879,34.778233
באר שבע,הרב קפאח,3,שכונת נאות לון,31.251929,34.765311
באר שבע,רחבת יבנה,28,שכונת ט,31.245886,34.772397
באר שבע,עוזיה המלך,2,שכונת ד,31.261368,34.794428
באר שבע,בית שאן,94,שכונת נאות לון,31.248365,34.767088
באר שבע,כרמלי,6,,31.257898,34.807487
באר שבע,ויתקון אלפרד,23,שכונת ו,31.270367,34.777313
באר שבע,שינדלר אוסקר,20,שכונת רמות הרכס,31.283150,34.801133
באר שבע,דרך מצדה,172,שכונת ו,31.258697,34.780689
באר שבע,שדה יצחק,8,,31.241494,34.782392
באר שבע,שטה,40,שכונת נווה נוי,31.231285,34.790984
באר שבע,"רש""י",19,שכונת ד,31.269100,34.789303
באר שבע,המדע,116,,31.273655,34.806113
באר שבע,אנילביץ,26,,31.238035,34.788005
באר שבע,תקוע יוסף,119,שכונת רמות,31.277632,34.819829
באר שבע,אבידום מנחם,19,שכונת נחל בקע,31.221086,34.774166
באר שבע,דיה,41,,31.231008,34.761220
באר שבע,רחבת מולדת,2,שכונת ה,31.255430,34.779053
באר שבע,רודנסקי שמואל,104,,31.271570,34.768728
באר שבע,"רש""י",40,שכונת ד,31.267908,34.787607
באר שבע,צונדק ברנרד והרמן,13,שכונת רמות,31.270009,34.808857
באר שבע,שריג נחום,4,שכונת רמות הרכס,31.280862,34.804960
באר שבע,פרישמן דוד,6,שכונת נווה זאב,31.240161,34.773742
באר שבע,איילת השחר,1,,31.236752,34.764425
באר שבע,אבן עזרא,24,,31.270667,34.785861
באר שבע,קלצ'קין רפאל,32,שכונת נווה מנחם,31.268933,34.770680
באר שבע,בלהה,7,,31.269965,34.764293
באר שבע,המלכים,46,שכונת נווה מנחם,31.265157,34.756937
באר שבע,יוחנן הורקנוס,47,שכונת ד,31.266667,34.795602
באר שבע,פרופ' שיבא,48,שכונת נווה מנחם,31.260831,34.756498
באר שבע,החלוץ,45,,31.238290,34.788401
באר שבע,"ד""ר טיכו",76,שכונת נווה מנחם,31.261477,34.755582
באר שבע,הדסה,13,שכונת עיר עתיקה,31.239022,34.792623
באר שבע,שירמן חיים,18,שכונת רמות,31.272446,34.805356
באר שבע,טדסקי גד,14,,31.279610,34.797539
באר שבע,חוה,34,שכונת נווה מנחם,31.269459,34.764724
באר שבע,סלעית,12,שכונת ה,31.248873,34.782296
באר שבע,משעול עקרון,19,שכונת ט,31.244717,34.775147
באר שבע,שדרת הערים התאומות,10,שכונת רמות הרכס,31.278674,34.799347
באר שבע,ארבע הגיבורות,9,,31.223809,34.780496
באר שבע,אמיר אברהם,92,שכונת רמות,31.278213,34.822544
באר שבע,אדמון ידידיה,55,,31.220643,34.771746
באר שבע,"רמב""ם",49,,31.243799,34.789535
באר שבע,פקועה,5,,31.231417,34.795761
באר שבע,"הפלמ""ח",70,שכונת עיר עתיקה,31.239460,34.788499
באר שבע,דולצ'ין אריה,16,שכונת יא,31.263311,34.766180
באר שבע,המדע,44,,31.270464,34.807539
באר שבע,עמיר אנדה,69,,31.272743,34.764806
באר שבע,דרבן,5,שכונת ה,31.250134,34.777053
באר שבע,רחבת מבצע קדם,24,שכונת ו,31.265676,34.783090
באר שבע,אלוף מנדלר אלברט,8,שכונת רמות,31.268263,34.811297
באר שבע,מבצע חירם,28,,31.260961,34.782517
באר שבע,אפק,10,שכונת ט,31.243682,34.766664
באר שבע,טננבוים מרדכי,7,,31.223817,34.781102
באר שבע,שפרה,15,,31.270513,34.763300
באר שבע,פורת לאה,33,,31.224477,34.774377
באר שבע,ילן-שטקליס מרים,1,שכונת נווה מנחם,31.271057,34.771362
באר שבע,אבידוב צבי,22,שכונת נווה מנחם,31.270023,34.770646
באר שבע,שטה,17,,31.232839,34.791319
באר שבע,בנטואיץ יוסף,15,שכונת רמות,31.269345,34.806441
באר שבע,"ד""ר טיכו",13,שכונת נווה מנחם,31.261015,34.757931
באר שבע,גומא,16,שכונת נווה נוי,31.231616,34.786014
באר שבע,הזורע,7,,31.215103,34.812414
באר שבע,בת שבע,1,,31.268995,34.762322
באר שבע,החלוץ,28,,31.237381,34.788049
באר שבע,שוחט ישראל,19,שכונת נווה זאב,31.233951,34.767262
באר שבע,הרב עדני,62,שכונת נאות לון,31.253599,34.762237
באר שבע,סמילן רות,17,שכונת נחל בקע,31.222273,34.775449
באר שבע,יפה אברהם,48,,31.285509,34.807264
באר שבע,נמיר מרדכי,5,שכונת יא,31.258603,34.767178
באר שבע,ריבי איזידור,4,,31.273185,34.800567
באר שבע,בן צבי יצחק,6,שכונת מרכז אזרחי,31.243904,34.797265
באר שבע,אהוד בן גרא,14,,31.241438,34.780680
באר שבע,רחבת פל-ים,28,,31.264504,34.777084
באר שבע,שלשת בני עין חרוד,34,,31.237889,34.791467
באר שבע,גוזלן,5,,31.221313,34.801267
באר שבע,אפרת יעקב,4,,31.270238,34.772078
באר שבע,הרב עדני,23,שכונת נאות לון,31.253026,34.763315
באר שבע,אוריה החיתי,3,שכונת עיר עתיקה,31.236457,34.784513
באר שבע,רחבת פל-ים,14,שכונת ו,31.264518,34.776548
באר שבע,יריחו,37,שכונת ט,31.244281,34.776948
באר שבע,חגלה,37,שכונת ה,31.249926,34.782104
באר שבע,יוספטל גיורא,18,שכונת ד,31.271870,34.797246
באר שבע,ברוד מקס,13,,31.265641,34.757784
באר שבע,הגאונים,19,שכונת נאות לון,31.252683,34.761045
באר שבע,דודאים,1,שכונת נווה נוי,31.232707,34.780660
באר שבע,אירוס הנגב,51,,31.228510,34.792662
באר שבע,שד יעלים,78,שכונת ה,31.255355,34.776986
באר שבע,הרצל,20,,31.239487,34.787884
באר שבע,ישעיהו הנביא,1,שכונת עיר עתיקה,31.237980,34.782889
באר שבע,ריבי איזידור,5,,31.273569,34.800688
באר שבע,קנדל הנרי,4,שכונת עיר עתיקה,31.244407,34.784442
באר שבע,דודאים,18,שכונת נווה נוי,31.231307,34.780240
באר שבע,לוין שמריהו,14,,31.244727,34.797368
באר שבע,פילדרמן,3,שכונת נווה מנחם,31.265148,34.760552
באר שבע,נגבה,22,שכונת עיר עתיקה,31.239832,34.785421
באר שבע,רחבת יעל,11,,31.262053,34.775065
באר שבע,העליה,64,שכונת ה,31.256026,34.778772
באר שבע,סמילן רות,27,שכונת נחל בקע,31.222715,34.774921
באר שבע,מבצע דני,42,,31.261205,34.781611
באר שבע,חשין,9,,31.268920,34.775045
באר שבע,עכו,68,שכונת נאות לון,31.251467,34.767117
באר שבע,מאפו אברהם,5,שכונת נווה זאב,31.236183,34.775590
באר שבע,רייס רפאל,18,שכונת נחל בקע,31.226245,34.778788
באר שבע,רחבת בן נון,10,שכונת ו,31.263294,34.776947
באר שבע,נטר,26,,31.272912,34.826221
באר שבע,"רמב""ם",42,,31.244783,34.788803
באר שבע,קרן קיימת לישראל,50,שכונת עיר עתיקה,31.238280,34.791506
באר שבע,שיזף,42,,31.231758,34.788917
באר שבע,שאול המלך,23,,31.263874,34.785392
באר שבע,רחל אמנו,35,שכונת נווה מנחם,31.270530,34.764275
באר שבע,העליה,66,שכונת ה,31.256154,34.778559
באר שבע,לנדאו חיים,6,שכונת יא,31.256388,34.761352
באר שבע,יערי מאיר,48,שכונת יא,31.257701,34.763585
באר שבע,סעדיה גאון,5,שכונת ב,31.257062,34.788626
באר שבע,בוסקוביץ אלכסנדר,7,,31.219647,34.774169
באר שבע,יסעור,7,,31.229547,34.766391
באר שבע,בית אשל,8,,31.237278,34.792059
באר שבע,"רמב""ן",19,,31.271497,34.785360
באר שבע,יוחנן הורקנוס,84,שכונת ד,31.267146,34.796389
באר שבע,הרב גורן שלמה,51,שכונת נאות לון,31.245110,34.764340
באר שבע,"חז""ל",43,שכונת ד,31.257501,34.793091
באר שבע,רנה קסן,53,שכונת רמות,31.275325,34.801844
באר שבע,סיגלון,7,שכונת נווה נוי,31.230844,34.783902
באר שבע,שיטרית,39,,31.254396,34.762709
באר שבע,רחבת שמגר השופט,13,,31.262416,34.774493
באר שבע,דה-בוטון,12,שכונת נאות לון,31.252810,34.760324
באר שבע,סנהדרין,43,שכונת ד,31.271939,34.794162
באר שבע,פורת לאה,10,,31.222709,34.777096
באר שבע,דיה,42,שכונת פלח שבע,31.231969,34.762798
באר שבע,גלעד,32,שכונת ד,31.269018,34.794574
באר שבע,ארניה אסוולדו,20,שכונת ד,31.265711,34.801570
באר שבע,שאול המלך,21,,31.263942,34.785747
באר שבע,גולדמן נחום,55,שכונת רמות הרכס,31.281361,34.802997
באר שבע,הקוצר,14,,31.213860,34.812184
באר שבע,משה יצחק,6,,31.275078,34.806068
באר שבע,עין גדי,34,שכונת נאות לון,31.250849,34.768080
באר שבע,ארניה אסוולדו,11,שכונת ד,31.267010,34.801356
באר שבע,טרומפלדור,103,,31.240351,34.792511
באר שבע,שירמן חיים,26,שכונת רמות,31.272647,34.805873
באר שבע,שירמן חיים,10,שכונת רמות,31.272242,34.804933
באר שבע,הדסה,17,,31.239270,34.792204
באר שבע,יוסף בן מתתיהו,2,שכונת ד,31.265673,34.799136
באר שבע,השלום,90,,31.255890,34.810751
באר שבע,אייזנשטדט,12,,31.276793,34.824406
באר שבע,סקולסקי שלמה,5,שכונת נווה זאב,31.238260,34.770713
באר שבע,קלצ'קין רפאל,20,שכונת נווה מנחם,31.269417,34.771574
באר שבע,לברי מרק,19,,31.221518,34.774592
באר שבע,דרך מצדה,214,שכונת ו,31.259176,34.775445
באר שבע,הרב עדני,44,שכונת נאות לון,31.253379,34.763252
באר שבע,וקסמן זלמן,10,,31.270306,34.808158
באר שבע,מודעי יצחק,67,שכונת רמות,31.269269,34.810312
באר שבע,ליפמן גבריאל,3,,31.274988,34.800150
באר שבע,דינור בן-ציון,8,,31.258000,34.761074
באר שבע,זרובבל,18,,31.265503,34.763042
באר שבע,גת,1,שכונת נאות לון,31.246123,34.767604
באר שבע,חזני מיכאל,28,שכונת יא,31.261975,34.771171
באר שבע,דה-שליט עמוס,44,,31.273340,34.806844
באר שבע,בן חביב,3,שכונת ו,31.268164,34.779404
באר שבע,טור סיני נפתלי,11,שכונת רמות,31.270486,34.806761
באר שבע,שד ירושלים,34,שכונת ט,31.246184,34.777308
באר שבע,שופט אברהם,64,שכונת רמות,31.267274,34.813696
באר שבע,בית שאן,68,שכונת נאות לון,31.248769,34.766817
באר שבע,אמיר אברהם,16,,31.276218,34.822971
באר שבע,בר כוכבא,10,שכונת עיר עתיקה,31.243353,34.781148
באר שבע,המכתשים,17,שכונת ד,31.268801,34.794970
באר שבע,שד יעלים,63,שכונת ה,31.249085,34.780180
באר שבע,הרצל,7,,31.237966,34.786228
באר שבע,חבס ברכה,21,שכונת נווה מנחם,31.269784,34.767922
באר שבע,חרדון,12,שכונת ה,31.249313,34.778748
באר שבע,אדמון ידידיה,67,,31.221021,34.771285
באר שבע,בקי רוברטו,2,שכונת רמות הרכס,31.277978,34.798681
באר שבע,רוזן פנחס,7,,31.262335,34.764701
באר שבע,הר כנען,9,,31.274263,34.813359
באר שבע,הר תבור,29,,31.277443,34.808946
באר שבע,אלבק חנוך,6,שכונת רמות,31.271205,34.803903
באר שבע,שופט אברהם,44,שכונת רמות,31.266541,34.813784
באר שבע,ברוור אברהם,5,שכונת רמות,31.272493,34.809393
באר שבע,אבשלום,35,,31.266315,34.766681
באר שבע,יהושפט,15,,31.262749,34.782975
באר שבע,דודאים,21,שכונת נווה נוי,31.231188,34.780629
באר שבע,פריד אלפרד,18,שכונת רמות,31.271499,34.802499
באר שבע,עמיר אנדה,4,,31.270304,34.768247
באר שבע,סמילנסקי,46,שכונת עיר עתיקה,31.238440,34.786158
באר שבע,טננבוים מרדכי,2,שכונת נחל בקע,31.223653,34.781434
באר שבע,פסמון,31,שכונת ה,31.249888,34.778396
באר שבע,רודנסקי שמואל,56,שכונת נווה מנחם,31.271874,34.771310
באר שבע,אלרואי דוד,5,שכונת נווה מנחם,31.264338,34.764137
באר שבע,אהרליך פאול,15,שכונת רמות,31.269953,34.808371
באר שבע,ברוידס אברהם,14,שכונת נווה מנחם,31.266068,34.756041
באר שבע,קציר אהרון,67,שכונת רמות,31.273979,34.807481
באר שבע,גרשון,37,,31.242013,34.790805
באר שבע,ההסתדרות,102,,31.241661,34.791005
באר שבע,חטיבת הנגב,19,שכונת עיר עתיקה,31.238679,34.783447
באר שבע,נרקיס עוזי,20,שכונת רמות הרכס,31.282529,34.804679
באר שבע,שד רגר יצחק,133,שכונת ד,31.264403,34.797917
באר שבע,ארץ חמדה,21,שכונת נווה זאב,31.234454,34.763396
באר שבע,דרך המשחררים,67,שכונת א,31.251609,34.787903
באר שבע,העליה,50,שכונת ה,31.255131,34.780115
באר שבע,שד בן גוריון,26,שכונת ג,31.258749,34.810472
באר שבע,בר הלל יהושע,20,שכונת רמות,31.269957,34.805345
באר שבע,גוש עציון,79,שכונת ג,31.258706,34.809382
באר שבע,וילנסקי משה,13,,31.244128,34.761289
באר שבע,בן יהודה,11,שכונת ב,31.254548,34.793499
באר שבע,האבות,8,שכונת עיר עתיקה,31.237007,34.790832
באר שבע,החלוץ,87,,31.240205,34.790340
באר שבע,גמל,1,שכונת ה,31.249406,34.779818
באר שבע,עמיר אנדה,78,שכונת נווה מנחם,31.273082,34.764869
באר שבע,אבן עזרא,63,,31.270129,34.785090
באר שבע,רחבת מבצע קילשון,3,שכונת ו,31.264082,34.779705
באר שבע,משעול עקרון,5,שכונת ט,31.245388,34.775125
באר שבע,השופט אלקיים,17,שכונת נאות לון,31.241868,34.764067
באר שבע,ביאליק,104,שכונת א,31.246650,34.787706
באר שבע,קשאני אליעזר,8,,31.270365,34.813217
באר שבע,תמר,5,,31.229902,34.791038
באר שבע,חיבת ציון,29,,31.253261,34.811009
באר שבע,ארבע הגיבורות,8,,31.223765,34.780757
באר שבע,גויטיין דוד,26,,31.270137,34.775983
באר שבע,כיכר אליעזר קפלן,14,שכונת א,31.249568,34.791548
באר שבע,רחבת מולדת,8,שכונת ה,31.255446,34.778624
באר שבע,הצדיק מירושלים,52,,31.273731,34.785917
באר שבע,טביוב,3,,31.267552,34.758054
באר שבע,דרך המשחררים,29,שכונת ב,31.251382,34.794351
באר שבע,צונדק ברנרד והרמן,21,שכונת רמות,31.270472,34.809004
באר שבע,העליה,86,שכונת ה,31.256894,34.775654
באר שבע,בוסקוביץ אלכסנדר,32,,31.221099,34.772715
באר שבע,אלוף יריב אהרון,1,שכונת רמות,31.266321,34.811306
באר שבע,רחבת יעל,25,,31.261725,34.774309
באר שבע,רחבת הרב עוזיאל,10,שכונת יא,31.255111,34.769260
באר שבע,גיבתון חנוך,52,שכונת נחל בקע,31.225041,34.775809
באר שבע,המכבים,25,,31.243620,34.781943
באר שבע,אמיר אברהם,32,,31.275715,34.824067
באר שבע,רחבת מבצע ארז,14,שכונת ו,31.265942,34.781181
באר שבע,שופט אברהם,39,שכונת רמות,31.268366,34.811862
באר שבע,מסקין אהרון,27,,31.270376,34.766819
באר שבע,אסר טוביאס,29,,31.272596,34.802593
באר שבע,וילנר אריה,10,,31.223621,34.779480
באר שבע,רבנו תם,3,שכונת ד,31.271492,34.786367
באר שבע,יסעור,19,,31.228516,34.766210
באר שבע,בעלי התוספות,30,שכונת ד,31.272329,34.787193
באר שבע,חבצלת הנגב,79,שכונת נווה נוי,31.231793,34.787492
באר שבע,מבצע אסף,22,שכונת נווה זאב,31.237339,34.780285
באר שבע,סתוי משה,16,שכונת נווה זאב,31.239804,34.767842
באר שבע,היילפרין ליפמן,28,שכונת נווה מנחם,31.262115,34.755429
באר שבע,עכו,58,שכונת נאות לון,31.251371,34.766565
באר שבע,סגל צבי,24,שכונת רמות,31.271123,34.805193
באר שבע,גלילי ישראל,24,שכונת רמות הרכס,31.284890,34.804454
באר שבע,ברוור אברהם,35,שכונת רמות,31.273477,34.808626
באר שבע,אלבק חנוך,13,,31.271615,34.804037
באר שבע,ברוידס אברהם,26,שכונת נווה מנחם,31.265870,34.755528
באר שבע,ילין דוד,5,שכונת רמות,31.269302,34.805455
באר שבע,בורן מכס,30,שכונת רמות,31.274173,34.803704
באר שבע,בית שאן,128,שכונת נאות לון,31.247707,34.767192
באר שבע,סדן דב,10,שכונת רמות,31.268549,34.805866
באר שבע,הרב ריינס,20,,31.263491,34.760006
באר שבע,גומא,9,שכונת נווה נוי,31.231598,34.785612
באר שבע,אבן-שושן אברהם,111,שכונת נאות לון,31.246613,34.757520
באר שבע,בן יהודה,15,שכונת ב,31.254553,34.793892
באר שבע,חצור,5,שכונת ט,31.244028,34.778221
באר שבע,רודנסקי שמואל,67,שכונת נווה מנחם,31.271587,34.769746
באר שבע,רודנסקי שמואל,66,,31.272025,34.770782
באר שבע,רנה קסן,26,,31.274315,34.801462
באר שבע,אהרונסון,7,שכונת נווה מנחם,31.265793,34.761944
באר שבע,משעול חפר,5,שכונת ט,31.245682,34.773227
באר שבע,קדושי יאסי,22,,31.265723,34.760217
באר שבע,דוד המלך,15,שכונת ד,31.263919,34.791930
באר שבע,חטיבת הנגב,35,שכונת עיר עתיקה,31.239848,34.784921
באר שבע,שלמה המלך,15,שכונת ד,31.259993,34.796837
באר שבע,נרקיס עוזי,22,שכונת רמות הרכס,31.282396,34.804955
באר שבע,דורי יעקב,2,שכונת ד,31.268026,34.784223
באר שבע,יוחנן הורקנוס,27,שכונת ד,31.265370,34.794974
באר שבע,הר נס,9,,31.273587,34.811069
באר שבע,נטר,10,שכונת רמות,31.272406,34.825798
באר שבע,חומה ומגדל,8,,31.253836,34.803058
באר שבע,שד יעלים,84,שכונת ה,31.254821,34.776768
באר שבע,הרב חביב חיים,12,,31.251675,34.759855
באר שבע,שטיין ריכרד,63,,31.266469,34.769126
באר שבע,סנהדרין,59,שכונת ד,31.271525,34.792998
באר שבע,המדע,78,,31.272151,34.807379
באר שבע,מזר בנימין,35,,31.243599,34.761288
באר שבע,המלכים,49,,31.265323,34.754953
באר שבע,אהרונסון,42,,31.267745,34.760183
באר שבע,דנציגר יצחק,42,,31.244930,34.760589
באר שבע,סלנט שמואל,16,שכונת ו,31.267331,34.780231
באר שבע,אביגיל,22,,31.269566,34.760586
באר שבע,חיבת ציון,25,,31.252962,34.810863
באר שבע,רייק חביבה,10,שכונת ג,31.257799,34.808472
באר שבע,הרב גבאי מנחם,9,שכונת ד,31.271702,34.795075
באר שבע,אהוד בן גרא,41,שכונת נווה זאב,31.241858,34.778940
באר שבע,גומא,7,שכונת נווה נוי,31.231472,34.785623
באר שבע,נעמי,14,,31.268932,34.764307
באר שבע,שלשת בני עין חרוד,47,שכונת עיר עתיקה,31.238413,34.791720
באר שבע,הבדיל,29,שכונת עמק שרה,31.224068,34.809672
באר שבע,קציר אהרון,19,,31.272055,34.808981
באר שבע,זהרי מיכאל,36,שכונת רמות,31.274665,34.803368
באר שבע,פלוסר דוד,16,,31.246598,34.760778
באר שבע,עין גדי,36,שכונת נאות לון,31.250871,34.767875
באר שבע,ולבר יצחק,19,,31.241466,34.764657
באר שבע,רחבת המרי העברי,6,שכונת ה,31.255933,34.778234
באר שבע,פריד אלפרד,24,שכונת רמות,31.271654,34.802761
באר שבע,מורדי הגטאות,133,,31.241422,34.792515
באר שבע,גומא,6,שכונת נווה נוי,31.231209,34.785924
באר שבע,גבריהו חיים,9,שכונת רמות,31.276386,34.804267
באר שבע,אפק,18,שכונת ט,31.243731,34.765904
באר שבע,גולדמן נחום,5,שכונת רמות הרכס,31.277989,34.802660
באר שבע,הרב עדני,1,שכונת נאות לון,31.252523,34.765447
באר שבע,סרלין יוסף,9,,31.260154,34.763495
באר שבע,העצמאות,49,שכונת עיר עתיקה,31.240343,34.789452
באר שבע,דרור,42,,31.228783,34.768904
באר שבע,הצבי,20,שכונת ה,31.249273,34.777996
באר שבע,קציר אהרון,17,,31.272001,34.808965
באר שבע,המדע,88,שכונת רמות,31.272569,34.807037
באר שבע,ברק,11,,31.241556,34.781073
באר שבע,הרב גורן שלמה,47,שכונת נאות לון,31.245092,34.764564
באר שבע,משעול חפר,15,שכונת ט,31.246099,34.772673
באר שבע,בנטואיץ יוסף,6,שכונת רמות,31.269220,34.805982
באר שבע,הנדיב,11,,31.253768,34.811522
באר שבע,דרור,99,,31.229706,34.768435
באר שבע,עליאש מרדכי,18,,31.254662,34.806973
באר שבע,טשרניחובסקי,1,שכונת ב,31.255757,34.794992
באר שבע,צבי-רן שלמה,54,,31.273226,34.817217
באר שבע,פלדברג שמואל,58,,31.275883,34.825720
באר שבע,פריד אלפרד,6,שכונת רמות,31.271281,34.801918
באר שבע,הלפרין,17,,31.261954,34.755833
באר שבע,רחבת איבצן,24,שכונת ו,31.263724,34.777707
באר שבע,אמיר אברהם,60,,31.277498,34.824813
באר שבע,סנהדרין,126,שכונת ד,31.269706,34.788827
באר שבע,פריץ אלברט,8,שכונת ו,31.266536,34.770287
באר שבע,נטר,24,,31.272775,34.826244
באר שבע,לוזון אפרים,20,,31.265130,34.760020
באר שבע,הר רמון,50,,31.276441,34.809700
באר שבע,אירוס הנגב,111,,31.228667,34.787022
באר שבע,אבן-שושן אברהם,4,,31.243554,34.762603
באר שבע,ארניה אסוולדו,13,שכונת ד,31.267027,34.801507
באר שבע,רחבת הראל,7,שכונת ו,31.264242,34.774917
באר שבע,אבן עזרא,11,שכונת ד,31.270531,34.786742
באר שבע,ביאליק,41,שכונת ב,31.253569,34.792677
באר שבע,שדה יצחק,24,,31.242598,34.783442
באר שבע,חיבת ציון,12,,31.252437,34.810255
באר שבע,רחבת מבצע יקב,8,שכונת ו,31.265174,34.779595
באר שבע,הר חרמון,30,,31.273434,34.812728
באר שבע,עמיר אנדה,66,,31.272734,34.765315
באר שבע,עמל,4,שכונת אזור תעשיה,31.249432,34.823517
באר שבע,סטולר שמואל,3,,31.270743,34.770232
באר שבע,זריצקי יוסף,10,,31.259456,34.760673
באר שבע,מודעי יצחק,65,שכונת רמות,31.268693,34.810172
באר שבע,מיכל,9,,31.267843,34.762952
באר שבע,נגבה,4,שכונת עיר עתיקה,31.238878,34.786821
באר שבע,ויתקון אלפרד,5,,31.270709,34.778182
באר שבע,סתונית,18,שכונת נווה נוי,31.228867,34.780367
באר שבע,העצמאות,25,שכונת עיר עתיקה,31.238887,34.791545
באר שבע,שד רגר יצחק,113,שכונת ד,31.263299,34.797904
באר שבע,בית שאן,37,שכונת נאות לון,31.248166,34.768159
באר שבע,חבצלת הנגב,63,,31.233198,34.787938
באר שבע,רחבת מבצע ברוש,7,שכונת ו,31.265559,34.784672
באר שבע,שד רגר יצחק,30,שכונת מרכז אזרחי,31.247962,34.798385
באר שבע,העליה,13,שכונת ה,31.251681,34.782437
באר שבע,יאיר,19,שכונת עיר עתיקה,31.239860,34.792483
באר שבע,פריבס משה,24,שכונת רמות הרכס,31.279720,34.798179
באר שבע,רחבת בן נון,18,שכונת ו,31.263278,34.776376
באר שבע,המכתשים,24,שכונת ד,31.268884,34.795247
באר שבע,עפרוני,64,שכונת פלח שבע,31.231227,34.768371
באר שבע,רופין ארתור,32,שכונת יא,31.265844,34.768256
באר שבע,אשבל מיכאל,1,שכונת נווה זאב,31.241067,34.774065
באר שבע,דנציגר יצחק,22,שכונת נאות לון,31.245377,34.761638
באר שבע,בן חיים פאול,15,,31.221931,34.772649
באר שבע,שד רגר יצחק,145,שכונת ד,31.265082,34.797813
באר שבע,אבן-שושן אברהם,67,,31.244155,34.758925
באר שבע,ההסתדרות,74,שכונת עיר עתיקה,31.240473,34.789966
באר שבע,ארלוזורוב,52,שכונת ד,31.258501,34.805859
באר שבע,גירית,51,שכונת ה,31.250532,34.778181
באר שבע,סגל צבי,25,,31.271315,34.805022
באר שבע,אפרים,8,שכונת עיר עתיקה,31.239731,34.781618
באר שבע,שלמה המלך,26,שכונת ד,31.260149,34.795960
